#include "ls_font.h"

static const unsigned char montserrat_12_glyph_bitmap[] = {
    /* Unicode: U+0020 */
    0x00, 0x00, 0x00,
    0x00, 0x00, 0x00,
    0x00, 0x00, 0x00,
    0x00, 0x00, 0x00,
    0x00, 0x00, 0x00,
    0x00, 0x00, 0x00,
    0x00, 0x00, 0x00,
    0x00, 0x00, 0x00,
    0x00, 0x00, 0x00,
    0x00, 0x00, 0x00,
    0x00, 0x00, 0x00,
    0x00, 0x00, 0x00,
    0x00, 0x00, 0x00,
    0x00, 0x00, 0x00,
    0x00, 0x00, 0x00,
    0x00, 0x00, 0x00,

    /* Unicode: U+0021 */
    0x00, 0x00, 0x00,
    0x00, 0x00, 0x00,
    0x00, 0x00, 0x00,
    0x0C, 0xFF, 0x46,
    0x02, 0xFF, 0x3C,
    0x00, 0xF9, 0x32,
    0x00, 0xF0, 0x28,
    0x00, 0xE6, 0x1E,
    0x00, 0xDD, 0x14,
    0x00, 0x00, 0x00,
    0x00, 0x05, 0x00,
    0x0D, 0xE8, 0x38,
    0x00, 0x00, 0x00,
    0x00, 0x00, 0x00,
    0x00, 0x00, 0x00,
    0x00, 0x00, 0x00,

    /* Unicode: U+0022 */
    0x00, 0x00, 0x00, 0x00,
    0x00, 0x00, 0x00, 0x00,
    0x00, 0x00, 0x00, 0x00,
    0x3D, 0xC0, 0x11, 0xEC,
    0x36, 0xB9, 0x0A, 0xE5,
    0x2F, 0xB3, 0x03, 0xDF,
    0x00, 0x00, 0x00, 0x00,
    0x00, 0x00, 0x00, 0x00,
    0x00, 0x00, 0x00, 0x00,
    0x00, 0x00, 0x00, 0x00,
    0x00, 0x00, 0x00, 0x00,
    0x00, 0x00, 0x00, 0x00,
    0x00, 0x00, 0x00, 0x00,
    0x00, 0x00, 0x00, 0x00,
    0x00, 0x00, 0x00, 0x00,
    0x00, 0x00, 0x00, 0x00,

    /* Unicode: U+0023 */
    0x00, 0x00, 0x00, 0x00, 0x00, 0x00, 0x00, 0x00, 0x00,
    0x00, 0x00, 0x00, 0x00, 0x00, 0x00, 0x00, 0x00, 0x00,
    0x00, 0x00, 0x00, 0x00, 0x00, 0x00, 0x00, 0x00, 0x00,
    0x00, 0x00, 0x4E, 0x8A, 0x00, 0x32, 0xA6, 0x00, 0x00,
    0x00, 0x00, 0x6F, 0x68, 0x00, 0x53, 0x84, 0x00, 0x00,
    0x4C, 0xFF, 0xFF, 0xFF, 0xFF, 0xFF, 0xFF, 0xFF, 0x1C,
    0x05, 0x14, 0xAE, 0x40, 0x14, 0x95, 0x5A, 0x14, 0x02,
    0x00, 0x00, 0xC1, 0x17, 0x00, 0xA5, 0x35, 0x00, 0x00,
    0x00, 0x00, 0xD6, 0x02, 0x00, 0xBE, 0x1D, 0x00, 0x00,
    0xA3, 0xF4, 0xFE, 0xF4, 0xF4, 0xFD, 0xF4, 0xB3, 0x00,
    0x15, 0x31, 0xCB, 0x20, 0x20, 0xDF, 0x20, 0x17, 0x00,
    0x00, 0x36, 0xA2, 0x00, 0x17, 0xC2, 0x00, 0x00, 0x00,
    0x00, 0x00, 0x00, 0x00, 0x00, 0x00, 0x00, 0x00, 0x00,
    0x00, 0x00, 0x00, 0x00, 0x00, 0x00, 0x00, 0x00, 0x00,
    0x00, 0x00, 0x00, 0x00, 0x00, 0x00, 0x00, 0x00, 0x00,
    0x00, 0x00, 0x00, 0x00, 0x00, 0x00, 0x00, 0x00, 0x00,

    /* Unicode: U+0024 */
    0x00, 0x00, 0x00, 0x00, 0x00, 0x00, 0x00,
    0x00, 0x00, 0x00, 0x98, 0x2C, 0x00, 0x00,
    0x00, 0x00, 0x00, 0x98, 0x2C, 0x00, 0x00,
    0x00, 0x3F, 0xC9, 0xFB, 0xF2, 0xC0, 0x3A,
    0x14, 0xF2, 0x6A, 0xA3, 0x4A, 0x65, 0x42,
    0x42, 0xEC, 0x00, 0x98, 0x2C, 0x00, 0x00,
    0x17, 0xF3, 0x99, 0xB4, 0x2C, 0x00, 0x00,
    0x00, 0x2D, 0xB7, 0xF9, 0xE5, 0x8A, 0x0E,
    0x00, 0x00, 0x00, 0x98, 0x77, 0xD6, 0xB0,
    0x00, 0x00, 0x00, 0x98, 0x2C, 0x46, 0xE9,
    0x51, 0xB2, 0x38, 0xA2, 0x4F, 0xB0, 0xAE,
    0x11, 0x93, 0xE4, 0xFE, 0xF3, 0xA9, 0x15,
    0x00, 0x00, 0x00, 0x98, 0x2C, 0x00, 0x00,
    0x00, 0x00, 0x00, 0x49, 0x15, 0x00, 0x00,
    0x00, 0x00, 0x00, 0x00, 0x00, 0x00, 0x00,
    0x00, 0x00, 0x00, 0x00, 0x00, 0x00, 0x00,

    /* Unicode: U+0025 */
    0x00, 0x00, 0x00, 0x00, 0x00, 0x00, 0x00, 0x00, 0x00, 0x00,
    0x00, 0x00, 0x00, 0x00, 0x00, 0x00, 0x00, 0x00, 0x00, 0x00,
    0x00, 0x00, 0x00, 0x00, 0x00, 0x00, 0x00, 0x00, 0x00, 0x00,
    0x07, 0xB0, 0xF1, 0x8D, 0x00, 0x00, 0x05, 0xC7, 0x1E, 0x00,
    0x64, 0x9B, 0x22, 0xC4, 0x2D, 0x00, 0x7D, 0x6E, 0x00, 0x00,
    0x87, 0x3F, 0x00, 0x74, 0x4E, 0x27, 0xC1, 0x02, 0x00, 0x00,
    0x59, 0x77, 0x00, 0xA8, 0x26, 0xBC, 0x2D, 0x00, 0x00, 0x00,
    0x03, 0x91, 0xBF, 0x6E, 0x66, 0x85, 0x59, 0xBF, 0x9E, 0x09,
    0x00, 0x00, 0x00, 0x19, 0xCA, 0x19, 0xBB, 0x03, 0x5D, 0x74,
    0x00, 0x00, 0x00, 0xAB, 0x40, 0x33, 0x93, 0x00, 0x24, 0xA2,
    0x00, 0x00, 0x4F, 0x9C, 0x00, 0x16, 0xD5, 0x27, 0x85, 0x7F,
    0x00, 0x0E, 0xCC, 0x11, 0x00, 0x00, 0x74, 0xF0, 0xC3, 0x13,
    0x00, 0x00, 0x00, 0x00, 0x00, 0x00, 0x00, 0x00, 0x00, 0x00,
    0x00, 0x00, 0x00, 0x00, 0x00, 0x00, 0x00, 0x00, 0x00, 0x00,
    0x00, 0x00, 0x00, 0x00, 0x00, 0x00, 0x00, 0x00, 0x00, 0x00,
    0x00, 0x00, 0x00, 0x00, 0x00, 0x00, 0x00, 0x00, 0x00, 0x00,

    /* Unicode: U+0026 */
    0x00, 0x00, 0x00, 0x00, 0x00, 0x00, 0x00, 0x00, 0x00,
    0x00, 0x00, 0x00, 0x00, 0x00, 0x00, 0x00, 0x00, 0x00,
    0x00, 0x00, 0x00, 0x00, 0x00, 0x00, 0x00, 0x00, 0x00,
    0x00, 0x02, 0x9A, 0xF1, 0xE2, 0x4D, 0x00, 0x00, 0x00,
    0x00, 0x50, 0xDA, 0x28, 0x57, 0xD9, 0x00, 0x00, 0x00,
    0x00, 0x51, 0xC1, 0x00, 0x3E, 0xC5, 0x00, 0x00, 0x00,
    0x00, 0x0A, 0xD9, 0x9F, 0xD7, 0x2C, 0x00, 0x00, 0x00,
    0x00, 0x2E, 0xD2, 0xEA, 0x79, 0x00, 0x0E, 0x07, 0x00,
    0x1A, 0xE6, 0x3A, 0x20, 0xDF, 0x6A, 0x82, 0x86, 0x00,
    0x68, 0xB9, 0x00, 0x00, 0x20, 0xDF, 0xEF, 0x2C, 0x00,
    0x44, 0xF4, 0x53, 0x1D, 0x45, 0xD0, 0xF3, 0x67, 0x00,
    0x00, 0x6B, 0xDD, 0xFA, 0xDA, 0x6A, 0x23, 0xA3, 0x00,
    0x00, 0x00, 0x00, 0x00, 0x00, 0x00, 0x00, 0x00, 0x00,
    0x00, 0x00, 0x00, 0x00, 0x00, 0x00, 0x00, 0x00, 0x00,
    0x00, 0x00, 0x00, 0x00, 0x00, 0x00, 0x00, 0x00, 0x00,
    0x00, 0x00, 0x00, 0x00, 0x00, 0x00, 0x00, 0x00, 0x00,

    /* Unicode: U+0027 */
    0x00, 0x00,
    0x00, 0x00,
    0x00, 0x00,
    0x3D, 0xC0,
    0x36, 0xB9,
    0x2F, 0xB3,
    0x00, 0x00,
    0x00, 0x00,
    0x00, 0x00,
    0x00, 0x00,
    0x00, 0x00,
    0x00, 0x00,
    0x00, 0x00,
    0x00, 0x00,
    0x00, 0x00,
    0x00, 0x00,

    /* Unicode: U+0028 */
    0x00, 0x00, 0x00,
    0x00, 0x00, 0x00,
    0x00, 0xA9, 0x71,
    0x15, 0xF5, 0x11,
    0x5D, 0xBF, 0x00,
    0x94, 0x87, 0x00,
    0xBC, 0x62, 0x00,
    0xCF, 0x4F, 0x00,
    0xD9, 0x46, 0x00,
    0xCF, 0x4F, 0x00,
    0xBC, 0x61, 0x00,
    0x94, 0x86, 0x00,
    0x5C, 0xBF, 0x00,
    0x14, 0xF5, 0x11,
    0x00, 0xA8, 0x72,
    0x00, 0x00, 0x00,

    /* Unicode: U+0029 */
    0x00, 0x00, 0x00,
    0x00, 0x00, 0x00,
    0x67, 0xB2, 0x00,
    0x0B, 0xF4, 0x20,
    0x00, 0xB7, 0x6C,
    0x00, 0x7E, 0xA4,
    0x00, 0x58, 0xCC,
    0x00, 0x45, 0xDE,
    0x00, 0x3B, 0xE8,
    0x00, 0x45, 0xDE,
    0x00, 0x57, 0xCB,
    0x00, 0x7E, 0xA3,
    0x00, 0xB7, 0x6B,
    0x0B, 0xF3, 0x1F,
    0x67, 0xB2, 0x00,
    0x00, 0x00, 0x00,

    /* Unicode: U+002A */
    0x00, 0x00, 0x00, 0x00, 0x00,
    0x00, 0x00, 0x00, 0x00, 0x00,
    0x03, 0x00, 0xB6, 0x00, 0x03,
    0x89, 0x83, 0xC5, 0xA4, 0x5D,
    0x03, 0xB9, 0xFF, 0x8C, 0x00,
    0x8A, 0x8C, 0xC8, 0xAD, 0x5C,
    0x05, 0x00, 0xB6, 0x00, 0x05,
    0x00, 0x00, 0x00, 0x00, 0x00,
    0x00, 0x00, 0x00, 0x00, 0x00,
    0x00, 0x00, 0x00, 0x00, 0x00,
    0x00, 0x00, 0x00, 0x00, 0x00,
    0x00, 0x00, 0x00, 0x00, 0x00,
    0x00, 0x00, 0x00, 0x00, 0x00,
    0x00, 0x00, 0x00, 0x00, 0x00,
    0x00, 0x00, 0x00, 0x00, 0x00,
    0x00, 0x00, 0x00, 0x00, 0x00,

    /* Unicode: U+002B */
    0x00, 0x00, 0x00, 0x00, 0x00, 0x00, 0x00,
    0x00, 0x00, 0x00, 0x00, 0x00, 0x00, 0x00,
    0x00, 0x00, 0x00, 0x00, 0x00, 0x00, 0x00,
    0x00, 0x00, 0x00, 0x00, 0x00, 0x00, 0x00,
    0x00, 0x00, 0x04, 0xFF, 0x00, 0x00, 0x00,
    0x00, 0x00, 0x04, 0xFF, 0x00, 0x00, 0x00,
    0x00, 0x00, 0x04, 0xFF, 0x00, 0x00, 0x00,
    0x31, 0xF4, 0xF4, 0xFF, 0xF4, 0xF4, 0x2D,
    0x06, 0x20, 0x23, 0xFF, 0x20, 0x20, 0x06,
    0x00, 0x00, 0x04, 0xFF, 0x00, 0x00, 0x00,
    0x00, 0x00, 0x00, 0x00, 0x00, 0x00, 0x00,
    0x00, 0x00, 0x00, 0x00, 0x00, 0x00, 0x00,
    0x00, 0x00, 0x00, 0x00, 0x00, 0x00, 0x00,
    0x00, 0x00, 0x00, 0x00, 0x00, 0x00, 0x00,
    0x00, 0x00, 0x00, 0x00, 0x00, 0x00, 0x00,
    0x00, 0x00, 0x00, 0x00, 0x00, 0x00, 0x00,

    /* Unicode: U+002C */
    0x00, 0x00, 0x00,
    0x00, 0x00, 0x00,
    0x00, 0x00, 0x00,
    0x00, 0x00, 0x00,
    0x00, 0x00, 0x00,
    0x00, 0x00, 0x00,
    0x00, 0x00, 0x00,
    0x00, 0x00, 0x00,
    0x00, 0x00, 0x00,
    0x00, 0x00, 0x00,
    0x3E, 0xE7, 0x0B,
    0x3A, 0xFC, 0x13,
    0x0E, 0xCD, 0x00,
    0x42, 0x87, 0x00,
    0x00, 0x00, 0x00,
    0x00, 0x00, 0x00,

    /* Unicode: U+002D */
    0x00, 0x00, 0x00, 0x00,
    0x00, 0x00, 0x00, 0x00,
    0x00, 0x00, 0x00, 0x00,
    0x00, 0x00, 0x00, 0x00,
    0x00, 0x00, 0x00, 0x00,
    0x00, 0x00, 0x00, 0x00,
    0x00, 0x00, 0x00, 0x00,
    0x00, 0x00, 0x00, 0x00,
    0x4C, 0xF4, 0xF4, 0xDD,
    0x0A, 0x20, 0x20, 0x1D,
    0x00, 0x00, 0x00, 0x00,
    0x00, 0x00, 0x00, 0x00,
    0x00, 0x00, 0x00, 0x00,
    0x00, 0x00, 0x00, 0x00,
    0x00, 0x00, 0x00, 0x00,
    0x00, 0x00, 0x00, 0x00,

    /* Unicode: U+002E */
    0x00, 0x00, 0x00,
    0x00, 0x00, 0x00,
    0x00, 0x00, 0x00,
    0x00, 0x00, 0x00,
    0x00, 0x00, 0x00,
    0x00, 0x00, 0x00,
    0x00, 0x00, 0x00,
    0x00, 0x00, 0x00,
    0x00, 0x00, 0x00,
    0x00, 0x00, 0x00,
    0x34, 0xBF, 0x05,
    0x45, 0xE7, 0x0B,
    0x00, 0x00, 0x00,
    0x00, 0x00, 0x00,
    0x00, 0x00, 0x00,
    0x00, 0x00, 0x00,

    /* Unicode: U+002F */
    0x00, 0x00, 0x00, 0x00, 0x3A, 0x4B,
    0x00, 0x00, 0x00, 0x00, 0xB1, 0x5A,
    0x00, 0x00, 0x00, 0x0B, 0xF0, 0x0F,
    0x00, 0x00, 0x00, 0x54, 0xB7, 0x00,
    0x00, 0x00, 0x00, 0xA5, 0x66, 0x00,
    0x00, 0x00, 0x06, 0xEE, 0x17, 0x00,
    0x00, 0x00, 0x48, 0xC3, 0x00, 0x00,
    0x00, 0x00, 0x99, 0x72, 0x00, 0x00,
    0x00, 0x02, 0xE7, 0x21, 0x00, 0x00,
    0x00, 0x3C, 0xD0, 0x00, 0x00, 0x00,
    0x00, 0x8D, 0x7E, 0x00, 0x00, 0x00,
    0x00, 0xDE, 0x2D, 0x00, 0x00, 0x00,
    0x2F, 0xDC, 0x00, 0x00, 0x00, 0x00,
    0x00, 0x00, 0x00, 0x00, 0x00, 0x00,
    0x00, 0x00, 0x00, 0x00, 0x00, 0x00,
    0x00, 0x00, 0x00, 0x00, 0x00, 0x00,

    /* Unicode: U+0030 */
    0x00, 0x00, 0x00, 0x00, 0x00, 0x00, 0x00, 0x00,
    0x00, 0x00, 0x00, 0x00, 0x00, 0x00, 0x00, 0x00,
    0x00, 0x00, 0x00, 0x00, 0x00, 0x00, 0x00, 0x00,
    0x00, 0x07, 0x94, 0xED, 0xED, 0x95, 0x08, 0x00,
    0x00, 0xA0, 0xCA, 0x33, 0x32, 0xCA, 0xA1, 0x00,
    0x1B, 0xFD, 0x27, 0x00, 0x00, 0x26, 0xFD, 0x1B,
    0x55, 0xE1, 0x00, 0x00, 0x00, 0x00, 0xDE, 0x55,
    0x67, 0xCE, 0x00, 0x00, 0x00, 0x00, 0xCB, 0x66,
    0x55, 0xE1, 0x00, 0x00, 0x00, 0x00, 0xDE, 0x55,
    0x1C, 0xFE, 0x26, 0x00, 0x00, 0x25, 0xFD, 0x1C,
    0x00, 0xA2, 0xCA, 0x33, 0x32, 0xC9, 0xA3, 0x00,
    0x00, 0x08, 0x95, 0xED, 0xED, 0x95, 0x08, 0x00,
    0x00, 0x00, 0x00, 0x00, 0x00, 0x00, 0x00, 0x00,
    0x00, 0x00, 0x00, 0x00, 0x00, 0x00, 0x00, 0x00,
    0x00, 0x00, 0x00, 0x00, 0x00, 0x00, 0x00, 0x00,
    0x00, 0x00, 0x00, 0x00, 0x00, 0x00, 0x00, 0x00,

    /* Unicode: U+0031 */
    0x00, 0x00, 0x00, 0x00,
    0x00, 0x00, 0x00, 0x00,
    0x00, 0x00, 0x00, 0x00,
    0xE8, 0xFF, 0xFF, 0x30,
    0x12, 0x17, 0xFF, 0x30,
    0x00, 0x04, 0xFF, 0x30,
    0x00, 0x04, 0xFF, 0x30,
    0x00, 0x04, 0xFF, 0x30,
    0x00, 0x04, 0xFF, 0x30,
    0x00, 0x04, 0xFF, 0x30,
    0x00, 0x04, 0xFF, 0x30,
    0x00, 0x04, 0xFF, 0x30,
    0x00, 0x00, 0x00, 0x00,
    0x00, 0x00, 0x00, 0x00,
    0x00, 0x00, 0x00, 0x00,
    0x00, 0x00, 0x00, 0x00,

    /* Unicode: U+0032 */
    0x00, 0x00, 0x00, 0x00, 0x00, 0x00, 0x00,
    0x00, 0x00, 0x00, 0x00, 0x00, 0x00, 0x00,
    0x00, 0x00, 0x00, 0x00, 0x00, 0x00, 0x00,
    0x1D, 0xA4, 0xEC, 0xF4, 0xC0, 0x2F, 0x00,
    0x86, 0xA5, 0x34, 0x21, 0x9A, 0xE0, 0x00,
    0x00, 0x00, 0x00, 0x00, 0x21, 0xFF, 0x16,
    0x00, 0x00, 0x00, 0x00, 0x57, 0xEC, 0x03,
    0x00, 0x00, 0x00, 0x21, 0xE7, 0x66, 0x00,
    0x00, 0x00, 0x1C, 0xDF, 0x88, 0x00, 0x00,
    0x00, 0x18, 0xDA, 0x8F, 0x00, 0x00, 0x00,
    0x14, 0xD5, 0xA6, 0x14, 0x14, 0x14, 0x09,
    0x8C, 0xFF, 0xFF, 0xFF, 0xFF, 0xFF, 0x7C,
    0x00, 0x00, 0x00, 0x00, 0x00, 0x00, 0x00,
    0x00, 0x00, 0x00, 0x00, 0x00, 0x00, 0x00,
    0x00, 0x00, 0x00, 0x00, 0x00, 0x00, 0x00,
    0x00, 0x00, 0x00, 0x00, 0x00, 0x00, 0x00,

    /* Unicode: U+0033 */
    0x00, 0x00, 0x00, 0x00, 0x00, 0x00, 0x00,
    0x00, 0x00, 0x00, 0x00, 0x00, 0x00, 0x00,
    0x00, 0x00, 0x00, 0x00, 0x00, 0x00, 0x00,
    0x90, 0xFF, 0xFF, 0xFF, 0xFF, 0xFA, 0x00,
    0x0B, 0x14, 0x14, 0x1B, 0xD8, 0x7E, 0x00,
    0x00, 0x00, 0x00, 0x98, 0xBA, 0x02, 0x00,
    0x00, 0x00, 0x58, 0xF7, 0x2D, 0x00, 0x00,
    0x00, 0x00, 0x78, 0xCD, 0xFA, 0x86, 0x00,
    0x00, 0x00, 0x00, 0x00, 0x31, 0xFD, 0x2B,
    0x00, 0x00, 0x00, 0x00, 0x00, 0xEE, 0x49,
    0xA7, 0x7E, 0x27, 0x20, 0x83, 0xF1, 0x12,
    0x45, 0xBC, 0xF2, 0xF7, 0xC5, 0x39, 0x00,
    0x00, 0x00, 0x00, 0x00, 0x00, 0x00, 0x00,
    0x00, 0x00, 0x00, 0x00, 0x00, 0x00, 0x00,
    0x00, 0x00, 0x00, 0x00, 0x00, 0x00, 0x00,
    0x00, 0x00, 0x00, 0x00, 0x00, 0x00, 0x00,

    /* Unicode: U+0034 */
    0x00, 0x00, 0x00, 0x00, 0x00, 0x00, 0x00, 0x00,
    0x00, 0x00, 0x00, 0x00, 0x00, 0x00, 0x00, 0x00,
    0x00, 0x00, 0x00, 0x00, 0x00, 0x00, 0x00, 0x00,
    0x00, 0x00, 0x00, 0x00, 0x99, 0xB4, 0x00, 0x00,
    0x00, 0x00, 0x00, 0x49, 0xEC, 0x19, 0x00, 0x00,
    0x00, 0x00, 0x12, 0xE6, 0x57, 0x00, 0x00, 0x00,
    0x00, 0x00, 0xA9, 0xA9, 0x00, 0x0A, 0x03, 0x00,
    0x00, 0x5A, 0xE7, 0x13, 0x00, 0xD8, 0x48, 0x00,
    0x1B, 0xEE, 0x4C, 0x00, 0x00, 0xD8, 0x48, 0x00,
    0x87, 0xFF, 0xF8, 0xF8, 0xF8, 0xFE, 0xFA, 0xDC,
    0x15, 0x28, 0x28, 0x28, 0x28, 0xE5, 0x64, 0x23,
    0x00, 0x00, 0x00, 0x00, 0x00, 0xE0, 0x48, 0x00,
    0x00, 0x00, 0x00, 0x00, 0x00, 0x00, 0x00, 0x00,
    0x00, 0x00, 0x00, 0x00, 0x00, 0x00, 0x00, 0x00,
    0x00, 0x00, 0x00, 0x00, 0x00, 0x00, 0x00, 0x00,
    0x00, 0x00, 0x00, 0x00, 0x00, 0x00, 0x00, 0x00,

    /* Unicode: U+0035 */
    0x00, 0x00, 0x00, 0x00, 0x00, 0x00, 0x00,
    0x00, 0x00, 0x00, 0x00, 0x00, 0x00, 0x00,
    0x00, 0x00, 0x00, 0x00, 0x00, 0x00, 0x00,
    0x00, 0xCB, 0xFF, 0xFF, 0xFF, 0xFF, 0x00,
    0x00, 0xE7, 0x46, 0x14, 0x14, 0x14, 0x00,
    0x04, 0xFD, 0x1B, 0x00, 0x00, 0x00, 0x00,
    0x1F, 0xFF, 0xF4, 0xE3, 0xB7, 0x38, 0x00,
    0x05, 0x20, 0x21, 0x35, 0x91, 0xF3, 0x1D,
    0x00, 0x00, 0x00, 0x00, 0x00, 0xD7, 0x62,
    0x09, 0x00, 0x00, 0x00, 0x00, 0xD1, 0x67,
    0x94, 0xA5, 0x30, 0x1E, 0x78, 0xF6, 0x1D,
    0x31, 0xAE, 0xED, 0xF8, 0xCD, 0x44, 0x00,
    0x00, 0x00, 0x00, 0x00, 0x00, 0x00, 0x00,
    0x00, 0x00, 0x00, 0x00, 0x00, 0x00, 0x00,
    0x00, 0x00, 0x00, 0x00, 0x00, 0x00, 0x00,
    0x00, 0x00, 0x00, 0x00, 0x00, 0x00, 0x00,

    /* Unicode: U+0036 */
    0x00, 0x00, 0x00, 0x00, 0x00, 0x00, 0x00, 0x00,
    0x00, 0x00, 0x00, 0x00, 0x00, 0x00, 0x00, 0x00,
    0x00, 0x00, 0x00, 0x00, 0x00, 0x00, 0x00, 0x00,
    0x00, 0x00, 0x6F, 0xD8, 0xF7, 0xDE, 0x55, 0x00,
    0x00, 0x84, 0xD5, 0x4A, 0x1D, 0x35, 0x1F, 0x00,
    0x11, 0xF6, 0x24, 0x00, 0x00, 0x00, 0x00, 0x00,
    0x50, 0xDA, 0x6B, 0xD9, 0xEA, 0xA5, 0x13, 0x00,
    0x65, 0xF7, 0xCD, 0x40, 0x37, 0xC4, 0xB1, 0x00,
    0x50, 0xFF, 0x33, 0x00, 0x00, 0x2E, 0xFD, 0x07,
    0x25, 0xFF, 0x2D, 0x00, 0x00, 0x2A, 0xFC, 0x06,
    0x00, 0xB0, 0xC3, 0x35, 0x29, 0xBA, 0xAC, 0x00,
    0x00, 0x11, 0xA2, 0xF0, 0xF3, 0xA4, 0x11, 0x00,
    0x00, 0x00, 0x00, 0x00, 0x00, 0x00, 0x00, 0x00,
    0x00, 0x00, 0x00, 0x00, 0x00, 0x00, 0x00, 0x00,
    0x00, 0x00, 0x00, 0x00, 0x00, 0x00, 0x00, 0x00,
    0x00, 0x00, 0x00, 0x00, 0x00, 0x00, 0x00, 0x00,

    /* Unicode: U+0037 */
    0x00, 0x00, 0x00, 0x00, 0x00, 0x00, 0x00,
    0x00, 0x00, 0x00, 0x00, 0x00, 0x00, 0x00,
    0x00, 0x00, 0x00, 0x00, 0x00, 0x00, 0x00,
    0xA4, 0xFF, 0xFF, 0xFF, 0xFF, 0xFF, 0xB2,
    0xA4, 0x8D, 0x14, 0x14, 0x14, 0xD8, 0x6E,
    0x70, 0x5A, 0x00, 0x00, 0x3D, 0xF4, 0x0F,
    0x00, 0x00, 0x00, 0x00, 0xA9, 0x98, 0x00,
    0x00, 0x00, 0x00, 0x19, 0xFA, 0x2E, 0x00,
    0x00, 0x00, 0x00, 0x80, 0xC2, 0x00, 0x00,
    0x00, 0x00, 0x05, 0xE6, 0x57, 0x00, 0x00,
    0x00, 0x00, 0x57, 0xE7, 0x05, 0x00, 0x00,
    0x00, 0x00, 0xC2, 0x81, 0x00, 0x00, 0x00,
    0x00, 0x00, 0x00, 0x00, 0x00, 0x00, 0x00,
    0x00, 0x00, 0x00, 0x00, 0x00, 0x00, 0x00,
    0x00, 0x00, 0x00, 0x00, 0x00, 0x00, 0x00,
    0x00, 0x00, 0x00, 0x00, 0x00, 0x00, 0x00,

    /* Unicode: U+0038 */
    0x00, 0x00, 0x00, 0x00, 0x00, 0x00, 0x00, 0x00,
    0x00, 0x00, 0x00, 0x00, 0x00, 0x00, 0x00, 0x00,
    0x00, 0x00, 0x00, 0x00, 0x00, 0x00, 0x00, 0x00,
    0x00, 0x31, 0xC0, 0xF7, 0xEE, 0xA0, 0x11, 0x00,
    0x06, 0xE6, 0x93, 0x21, 0x31, 0xC6, 0xA6, 0x00,
    0x24, 0xFF, 0x10, 0x00, 0x00, 0x55, 0xDF, 0x00,
    0x07, 0xE9, 0x73, 0x04, 0x0F, 0xAF, 0xA7, 0x00,
    0x00, 0x63, 0xFF, 0xFC, 0xFF, 0xF1, 0x20, 0x00,
    0x2D, 0xF4, 0x71, 0x2A, 0x34, 0xA0, 0xD9, 0x06,
    0x6F, 0xCB, 0x00, 0x00, 0x00, 0x10, 0xFF, 0x2A,
    0x3A, 0xF9, 0x65, 0x1E, 0x27, 0x97, 0xEB, 0x0A,
    0x00, 0x58, 0xCF, 0xF8, 0xF2, 0xB8, 0x30, 0x00,
    0x00, 0x00, 0x00, 0x00, 0x00, 0x00, 0x00, 0x00,
    0x00, 0x00, 0x00, 0x00, 0x00, 0x00, 0x00, 0x00,
    0x00, 0x00, 0x00, 0x00, 0x00, 0x00, 0x00, 0x00,
    0x00, 0x00, 0x00, 0x00, 0x00, 0x00, 0x00, 0x00,

    /* Unicode: U+0039 */
    0x00, 0x00, 0x00, 0x00, 0x00, 0x00, 0x00,
    0x00, 0x00, 0x00, 0x00, 0x00, 0x00, 0x00,
    0x00, 0x00, 0x00, 0x00, 0x00, 0x00, 0x00,
    0x00, 0x78, 0xE3, 0xF8, 0xCB, 0x40, 0x00,
    0x60, 0xE5, 0x42, 0x20, 0x63, 0xEF, 0x1C,
    0x9F, 0x8D, 0x00, 0x00, 0x00, 0xB9, 0x8A,
    0x78, 0xD8, 0x22, 0x02, 0x42, 0xF1, 0xB7,
    0x09, 0xAA, 0xFD, 0xFC, 0xD8, 0x96, 0xCC,
    0x00, 0x00, 0x0C, 0x17, 0x00, 0x86, 0xB7,
    0x00, 0x00, 0x00, 0x00, 0x03, 0xDD, 0x75,
    0x00, 0x55, 0x1F, 0x35, 0xB2, 0xDF, 0x0D,
    0x12, 0xC8, 0xF5, 0xEC, 0xA6, 0x1A, 0x00,
    0x00, 0x00, 0x00, 0x00, 0x00, 0x00, 0x00,
    0x00, 0x00, 0x00, 0x00, 0x00, 0x00, 0x00,
    0x00, 0x00, 0x00, 0x00, 0x00, 0x00, 0x00,
    0x00, 0x00, 0x00, 0x00, 0x00, 0x00, 0x00,

    /* Unicode: U+003A */
    0x00, 0x00, 0x00,
    0x00, 0x00, 0x00,
    0x00, 0x00, 0x00,
    0x00, 0x00, 0x00,
    0x00, 0x00, 0x00,
    0x34, 0xBF, 0x05,
    0x45, 0xE7, 0x0B,
    0x00, 0x00, 0x00,
    0x00, 0x00, 0x00,
    0x00, 0x00, 0x00,
    0x34, 0xBF, 0x05,
    0x45, 0xE7, 0x0B,
    0x00, 0x00, 0x00,
    0x00, 0x00, 0x00,
    0x00, 0x00, 0x00,
    0x00, 0x00, 0x00,

    /* Unicode: U+003B */
    0x00, 0x00, 0x00,
    0x00, 0x00, 0x00,
    0x00, 0x00, 0x00,
    0x00, 0x00, 0x00,
    0x00, 0x00, 0x00,
    0x34, 0xBF, 0x05,
    0x45, 0xE7, 0x0B,
    0x00, 0x00, 0x00,
    0x00, 0x00, 0x00,
    0x00, 0x00, 0x00,
    0x3E, 0xE7, 0x0B,
    0x3A, 0xFC, 0x13,
    0x0E, 0xCD, 0x00,
    0x42, 0x87, 0x00,
    0x00, 0x00, 0x00,
    0x00, 0x00, 0x00,

    /* Unicode: U+003C */
    0x00, 0x00, 0x00, 0x00, 0x00, 0x00, 0x00,
    0x00, 0x00, 0x00, 0x00, 0x00, 0x00, 0x00,
    0x00, 0x00, 0x00, 0x00, 0x00, 0x00, 0x00,
    0x00, 0x00, 0x00, 0x00, 0x00, 0x00, 0x00,
    0x00, 0x00, 0x00, 0x00, 0x00, 0x00, 0x00,
    0x00, 0x00, 0x00, 0x00, 0x2D, 0x92, 0x26,
    0x00, 0x0C, 0x63, 0xC8, 0xCE, 0x6C, 0x09,
    0x27, 0xF2, 0x9D, 0x30, 0x00, 0x00, 0x00,
    0x12, 0x97, 0xE2, 0x98, 0x35, 0x00, 0x00,
    0x00, 0x00, 0x0A, 0x61, 0xC6, 0xD2, 0x1C,
    0x00, 0x00, 0x00, 0x00, 0x00, 0x2B, 0x13,
    0x00, 0x00, 0x00, 0x00, 0x00, 0x00, 0x00,
    0x00, 0x00, 0x00, 0x00, 0x00, 0x00, 0x00,
    0x00, 0x00, 0x00, 0x00, 0x00, 0x00, 0x00,
    0x00, 0x00, 0x00, 0x00, 0x00, 0x00, 0x00,
    0x00, 0x00, 0x00, 0x00, 0x00, 0x00, 0x00,

    /* Unicode: U+003D */
    0x00, 0x00, 0x00, 0x00, 0x00, 0x00, 0x00,
    0x00, 0x00, 0x00, 0x00, 0x00, 0x00, 0x00,
    0x00, 0x00, 0x00, 0x00, 0x00, 0x00, 0x00,
    0x00, 0x00, 0x00, 0x00, 0x00, 0x00, 0x00,
    0x00, 0x00, 0x00, 0x00, 0x00, 0x00, 0x00,
    0x34, 0xFF, 0xFF, 0xFF, 0xFF, 0xFF, 0x30,
    0x04, 0x14, 0x14, 0x14, 0x14, 0x14, 0x03,
    0x00, 0x00, 0x00, 0x00, 0x00, 0x00, 0x00,
    0x31, 0xF4, 0xF4, 0xF4, 0xF4, 0xF4, 0x2D,
    0x06, 0x20, 0x20, 0x20, 0x20, 0x20, 0x06,
    0x00, 0x00, 0x00, 0x00, 0x00, 0x00, 0x00,
    0x00, 0x00, 0x00, 0x00, 0x00, 0x00, 0x00,
    0x00, 0x00, 0x00, 0x00, 0x00, 0x00, 0x00,
    0x00, 0x00, 0x00, 0x00, 0x00, 0x00, 0x00,
    0x00, 0x00, 0x00, 0x00, 0x00, 0x00, 0x00,
    0x00, 0x00, 0x00, 0x00, 0x00, 0x00, 0x00,

    /* Unicode: U+003E */
    0x00, 0x00, 0x00, 0x00, 0x00, 0x00, 0x00,
    0x00, 0x00, 0x00, 0x00, 0x00, 0x00, 0x00,
    0x00, 0x00, 0x00, 0x00, 0x00, 0x00, 0x00,
    0x00, 0x00, 0x00, 0x00, 0x00, 0x00, 0x00,
    0x00, 0x00, 0x00, 0x00, 0x00, 0x00, 0x00,
    0x29, 0x90, 0x2B, 0x00, 0x00, 0x00, 0x00,
    0x0A, 0x6D, 0xCF, 0xC6, 0x61, 0x0B, 0x00,
    0x00, 0x00, 0x00, 0x32, 0x9D, 0xF1, 0x24,
    0x00, 0x00, 0x37, 0x99, 0xE1, 0x95, 0x10,
    0x1F, 0xD3, 0xC4, 0x5F, 0x09, 0x00, 0x00,
    0x14, 0x29, 0x00, 0x00, 0x00, 0x00, 0x00,
    0x00, 0x00, 0x00, 0x00, 0x00, 0x00, 0x00,
    0x00, 0x00, 0x00, 0x00, 0x00, 0x00, 0x00,
    0x00, 0x00, 0x00, 0x00, 0x00, 0x00, 0x00,
    0x00, 0x00, 0x00, 0x00, 0x00, 0x00, 0x00,
    0x00, 0x00, 0x00, 0x00, 0x00, 0x00, 0x00,

    /* Unicode: U+003F */
    0x00, 0x00, 0x00, 0x00, 0x00, 0x00, 0x00,
    0x00, 0x00, 0x00, 0x00, 0x00, 0x00, 0x00,
    0x00, 0x00, 0x00, 0x00, 0x00, 0x00, 0x00,
    0x1A, 0xA3, 0xEC, 0xF4, 0xC0, 0x2D, 0x00,
    0x9C, 0xA5, 0x2C, 0x23, 0xA9, 0xD7, 0x00,
    0x04, 0x02, 0x00, 0x00, 0x36, 0xFE, 0x05,
    0x00, 0x00, 0x00, 0x00, 0x81, 0xCC, 0x00,
    0x00, 0x00, 0x00, 0x57, 0xF0, 0x30, 0x00,
    0x00, 0x00, 0x10, 0xF2, 0x54, 0x00, 0x00,
    0x00, 0x00, 0x20, 0x92, 0x03, 0x00, 0x00,
    0x00, 0x00, 0x00, 0x05, 0x00, 0x00, 0x00,
    0x00, 0x00, 0x43, 0xE2, 0x05, 0x00, 0x00,
    0x00, 0x00, 0x00, 0x00, 0x00, 0x00, 0x00,
    0x00, 0x00, 0x00, 0x00, 0x00, 0x00, 0x00,
    0x00, 0x00, 0x00, 0x00, 0x00, 0x00, 0x00,
    0x00, 0x00, 0x00, 0x00, 0x00, 0x00, 0x00,

    /* Unicode: U+0040 */
    0x00, 0x00, 0x00, 0x00, 0x00, 0x00, 0x00, 0x00, 0x00, 0x00, 0x00, 0x00,
    0x00, 0x00, 0x00, 0x00, 0x00, 0x00, 0x00, 0x00, 0x00, 0x00, 0x00, 0x00,
    0x00, 0x00, 0x00, 0x00, 0x00, 0x00, 0x00, 0x00, 0x00, 0x00, 0x00, 0x00,
    0x00, 0x00, 0x00, 0x4F, 0xB8, 0xE8, 0xF6, 0xD8, 0x8A, 0x19, 0x00, 0x00,
    0x00, 0x01, 0x9A, 0xD9, 0x66, 0x2B, 0x1D, 0x3E, 0x96, 0xE6, 0x38, 0x00,
    0x00, 0x70, 0xBE, 0x0E, 0x84, 0xED, 0xEB, 0x77, 0xD4, 0x77, 0xDE, 0x10,
    0x05, 0xE2, 0x17, 0x75, 0xDB, 0x3D, 0x24, 0xAB, 0xFB, 0x38, 0x80, 0x70,
    0x3F, 0xAA, 0x00, 0xD6, 0x4F, 0x00, 0x00, 0x0B, 0xF3, 0x38, 0x23, 0xB4,
    0x5F, 0x81, 0x00, 0xF2, 0x24, 0x00, 0x00, 0x00, 0xD2, 0x38, 0x04, 0xCB,
    0x5E, 0x82, 0x00, 0xD5, 0x47, 0x00, 0x00, 0x07, 0xF0, 0x38, 0x0F, 0xBB,
    0x3D, 0xAB, 0x00, 0x73, 0xCE, 0x21, 0x0A, 0xA1, 0xF8, 0x59, 0x68, 0x7C,
    0x04, 0xE0, 0x17, 0x02, 0x84, 0xED, 0xEC, 0x85, 0x5E, 0xF1, 0xBB, 0x0E,
    0x00, 0x6D, 0xBB, 0x0A, 0x00, 0x00, 0x00, 0x00, 0x00, 0x00, 0x00, 0x00,
    0x00, 0x01, 0x9A, 0xD6, 0x62, 0x28, 0x1F, 0x4D, 0x61, 0x00, 0x00, 0x00,
    0x00, 0x00, 0x00, 0x51, 0xBB, 0xEB, 0xF4, 0xC9, 0x51, 0x00, 0x00, 0x00,
    0x00, 0x00, 0x00, 0x00, 0x00, 0x00, 0x00, 0x00, 0x00, 0x00, 0x00, 0x00,

    /* Unicode: U+0041 */
    0x00, 0x00, 0x00, 0x00, 0x00, 0x00, 0x00, 0x00, 0x00, 0x00,
    0x00, 0x00, 0x00, 0x00, 0x00, 0x00, 0x00, 0x00, 0x00, 0x00,
    0x00, 0x00, 0x00, 0x00, 0x00, 0x00, 0x00, 0x00, 0x00, 0x00,
    0x00, 0x00, 0x00, 0x00, 0x6B, 0xFF, 0x31, 0x00, 0x00, 0x00,
    0x00, 0x00, 0x00, 0x00, 0xD6, 0xE0, 0x9E, 0x00, 0x00, 0x00,
    0x00, 0x00, 0x00, 0x43, 0xED, 0x3D, 0xF7, 0x13, 0x00, 0x00,
    0x00, 0x00, 0x00, 0xB0, 0x90, 0x00, 0xD1, 0x77, 0x00, 0x00,
    0x00, 0x00, 0x1F, 0xFC, 0x2C, 0x00, 0x6D, 0xE0, 0x03, 0x00,
    0x00, 0x00, 0x89, 0xC8, 0x00, 0x00, 0x11, 0xF7, 0x50, 0x00,
    0x00, 0x08, 0xEC, 0xF9, 0xF0, 0xF0, 0xF0, 0xFD, 0xBC, 0x00,
    0x00, 0x62, 0xE9, 0x21, 0x1C, 0x1C, 0x1C, 0x44, 0xFE, 0x29,
    0x00, 0xCD, 0x76, 0x00, 0x00, 0x00, 0x00, 0x00, 0xB6, 0x95,
    0x00, 0x00, 0x00, 0x00, 0x00, 0x00, 0x00, 0x00, 0x00, 0x00,
    0x00, 0x00, 0x00, 0x00, 0x00, 0x00, 0x00, 0x00, 0x00, 0x00,
    0x00, 0x00, 0x00, 0x00, 0x00, 0x00, 0x00, 0x00, 0x00, 0x00,
    0x00, 0x00, 0x00, 0x00, 0x00, 0x00, 0x00, 0x00, 0x00, 0x00,

    /* Unicode: U+0042 */
    0x00, 0x00, 0x00, 0x00, 0x00, 0x00, 0x00, 0x00,
    0x00, 0x00, 0x00, 0x00, 0x00, 0x00, 0x00, 0x00,
    0x00, 0x00, 0x00, 0x00, 0x00, 0x00, 0x00, 0x00,
    0xBC, 0xFF, 0xFF, 0xFF, 0xF0, 0xB8, 0x27, 0x00,
    0xBC, 0x7E, 0x14, 0x14, 0x28, 0xAA, 0xD2, 0x00,
    0xBC, 0x74, 0x00, 0x00, 0x00, 0x34, 0xFE, 0x03,
    0xBC, 0x74, 0x00, 0x00, 0x09, 0x92, 0xC2, 0x00,
    0xBC, 0xF9, 0xF4, 0xF4, 0xFE, 0xFE, 0x4C, 0x00,
    0xBC, 0x85, 0x20, 0x20, 0x28, 0x65, 0xF5, 0x30,
    0xBC, 0x74, 0x00, 0x00, 0x00, 0x00, 0xC9, 0x71,
    0xBC, 0x7E, 0x14, 0x14, 0x1B, 0x55, 0xF7, 0x44,
    0xBC, 0xFF, 0xFF, 0xFF, 0xF8, 0xD8, 0x6B, 0x00,
    0x00, 0x00, 0x00, 0x00, 0x00, 0x00, 0x00, 0x00,
    0x00, 0x00, 0x00, 0x00, 0x00, 0x00, 0x00, 0x00,
    0x00, 0x00, 0x00, 0x00, 0x00, 0x00, 0x00, 0x00,
    0x00, 0x00, 0x00, 0x00, 0x00, 0x00, 0x00, 0x00,

    /* Unicode: U+0043 */
    0x00, 0x00, 0x00, 0x00, 0x00, 0x00, 0x00, 0x00, 0x00,
    0x00, 0x00, 0x00, 0x00, 0x00, 0x00, 0x00, 0x00, 0x00,
    0x00, 0x00, 0x00, 0x00, 0x00, 0x00, 0x00, 0x00, 0x00,
    0x00, 0x00, 0x39, 0xB5, 0xEF, 0xF4, 0xBF, 0x42, 0x00,
    0x00, 0x50, 0xF6, 0x81, 0x28, 0x20, 0x70, 0xDC, 0x0B,
    0x08, 0xEC, 0x65, 0x00, 0x00, 0x00, 0x00, 0x05, 0x00,
    0x4A, 0xEC, 0x03, 0x00, 0x00, 0x00, 0x00, 0x00, 0x00,
    0x64, 0xCF, 0x00, 0x00, 0x00, 0x00, 0x00, 0x00, 0x00,
    0x4A, 0xEC, 0x03, 0x00, 0x00, 0x00, 0x00, 0x00, 0x00,
    0x09, 0xED, 0x64, 0x00, 0x00, 0x00, 0x00, 0x06, 0x00,
    0x00, 0x52, 0xF6, 0x7D, 0x27, 0x20, 0x71, 0xDD, 0x0B,
    0x00, 0x00, 0x3D, 0xB9, 0xF0, 0xF4, 0xBF, 0x42, 0x00,
    0x00, 0x00, 0x00, 0x00, 0x00, 0x00, 0x00, 0x00, 0x00,
    0x00, 0x00, 0x00, 0x00, 0x00, 0x00, 0x00, 0x00, 0x00,
    0x00, 0x00, 0x00, 0x00, 0x00, 0x00, 0x00, 0x00, 0x00,
    0x00, 0x00, 0x00, 0x00, 0x00, 0x00, 0x00, 0x00, 0x00,

    /* Unicode: U+0044 */
    0x00, 0x00, 0x00, 0x00, 0x00, 0x00, 0x00, 0x00, 0x00,
    0x00, 0x00, 0x00, 0x00, 0x00, 0x00, 0x00, 0x00, 0x00,
    0x00, 0x00, 0x00, 0x00, 0x00, 0x00, 0x00, 0x00, 0x00,
    0xBC, 0xFF, 0xFF, 0xFF, 0xEB, 0xAF, 0x33, 0x00, 0x00,
    0xBC, 0x7E, 0x14, 0x15, 0x2E, 0x8C, 0xF7, 0x47, 0x00,
    0xBC, 0x74, 0x00, 0x00, 0x00, 0x00, 0x75, 0xE2, 0x03,
    0xBC, 0x74, 0x00, 0x00, 0x00, 0x00, 0x0A, 0xF8, 0x38,
    0xBC, 0x74, 0x00, 0x00, 0x00, 0x00, 0x00, 0xE3, 0x50,
    0xBC, 0x74, 0x00, 0x00, 0x00, 0x00, 0x09, 0xF8, 0x38,
    0xBC, 0x74, 0x00, 0x00, 0x00, 0x00, 0x73, 0xE3, 0x03,
    0xBC, 0x7E, 0x14, 0x14, 0x2C, 0x89, 0xF7, 0x48, 0x00,
    0xBC, 0xFF, 0xFF, 0xFF, 0xEC, 0xB0, 0x34, 0x00, 0x00,
    0x00, 0x00, 0x00, 0x00, 0x00, 0x00, 0x00, 0x00, 0x00,
    0x00, 0x00, 0x00, 0x00, 0x00, 0x00, 0x00, 0x00, 0x00,
    0x00, 0x00, 0x00, 0x00, 0x00, 0x00, 0x00, 0x00, 0x00,
    0x00, 0x00, 0x00, 0x00, 0x00, 0x00, 0x00, 0x00, 0x00,

    /* Unicode: U+0045 */
    0x00, 0x00, 0x00, 0x00, 0x00, 0x00, 0x00,
    0x00, 0x00, 0x00, 0x00, 0x00, 0x00, 0x00,
    0x00, 0x00, 0x00, 0x00, 0x00, 0x00, 0x00,
    0xBC, 0xFF, 0xFF, 0xFF, 0xFF, 0xFF, 0x30,
    0xBC, 0x7E, 0x14, 0x14, 0x14, 0x14, 0x03,
    0xBC, 0x74, 0x00, 0x00, 0x00, 0x00, 0x00,
    0xBC, 0x74, 0x00, 0x00, 0x00, 0x00, 0x00,
    0xBC, 0xF9, 0xF4, 0xF4, 0xF4, 0xA3, 0x00,
    0xBC, 0x85, 0x20, 0x20, 0x20, 0x15, 0x00,
    0xBC, 0x74, 0x00, 0x00, 0x00, 0x00, 0x00,
    0xBC, 0x7E, 0x14, 0x14, 0x14, 0x14, 0x07,
    0xBC, 0xFF, 0xFF, 0xFF, 0xFF, 0xFF, 0x5C,
    0x00, 0x00, 0x00, 0x00, 0x00, 0x00, 0x00,
    0x00, 0x00, 0x00, 0x00, 0x00, 0x00, 0x00,
    0x00, 0x00, 0x00, 0x00, 0x00, 0x00, 0x00,
    0x00, 0x00, 0x00, 0x00, 0x00, 0x00, 0x00,

    /* Unicode: U+0046 */
    0x00, 0x00, 0x00, 0x00, 0x00, 0x00, 0x00,
    0x00, 0x00, 0x00, 0x00, 0x00, 0x00, 0x00,
    0x00, 0x00, 0x00, 0x00, 0x00, 0x00, 0x00,
    0xBC, 0xFF, 0xFF, 0xFF, 0xFF, 0xFF, 0x30,
    0xBC, 0x7E, 0x14, 0x14, 0x14, 0x14, 0x03,
    0xBC, 0x74, 0x00, 0x00, 0x00, 0x00, 0x00,
    0xBC, 0x74, 0x00, 0x00, 0x00, 0x00, 0x00,
    0xBC, 0xF9, 0xF4, 0xF4, 0xF4, 0xA3, 0x00,
    0xBC, 0x85, 0x20, 0x20, 0x20, 0x15, 0x00,
    0xBC, 0x74, 0x00, 0x00, 0x00, 0x00, 0x00,
    0xBC, 0x74, 0x00, 0x00, 0x00, 0x00, 0x00,
    0xBC, 0x74, 0x00, 0x00, 0x00, 0x00, 0x00,
    0x00, 0x00, 0x00, 0x00, 0x00, 0x00, 0x00,
    0x00, 0x00, 0x00, 0x00, 0x00, 0x00, 0x00,
    0x00, 0x00, 0x00, 0x00, 0x00, 0x00, 0x00,
    0x00, 0x00, 0x00, 0x00, 0x00, 0x00, 0x00,

    /* Unicode: U+0047 */
    0x00, 0x00, 0x00, 0x00, 0x00, 0x00, 0x00, 0x00, 0x00,
    0x00, 0x00, 0x00, 0x00, 0x00, 0x00, 0x00, 0x00, 0x00,
    0x00, 0x00, 0x00, 0x00, 0x00, 0x00, 0x00, 0x00, 0x00,
    0x00, 0x00, 0x3A, 0xB5, 0xEE, 0xF5, 0xC6, 0x52, 0x00,
    0x00, 0x52, 0xF6, 0x80, 0x28, 0x1E, 0x64, 0xDB, 0x16,
    0x08, 0xED, 0x63, 0x00, 0x00, 0x00, 0x00, 0x03, 0x00,
    0x4A, 0xEC, 0x03, 0x00, 0x00, 0x00, 0x00, 0x00, 0x00,
    0x64, 0xCF, 0x00, 0x00, 0x00, 0x00, 0x00, 0x84, 0x21,
    0x4A, 0xEC, 0x03, 0x00, 0x00, 0x00, 0x00, 0xEC, 0x3C,
    0x09, 0xED, 0x66, 0x00, 0x00, 0x00, 0x00, 0xEC, 0x3C,
    0x00, 0x51, 0xF7, 0x7F, 0x28, 0x21, 0x62, 0xF8, 0x3A,
    0x00, 0x00, 0x3B, 0xB7, 0xEF, 0xF6, 0xC8, 0x53, 0x00,
    0x00, 0x00, 0x00, 0x00, 0x00, 0x00, 0x00, 0x00, 0x00,
    0x00, 0x00, 0x00, 0x00, 0x00, 0x00, 0x00, 0x00, 0x00,
    0x00, 0x00, 0x00, 0x00, 0x00, 0x00, 0x00, 0x00, 0x00,
    0x00, 0x00, 0x00, 0x00, 0x00, 0x00, 0x00, 0x00, 0x00,

    /* Unicode: U+0048 */
    0x00, 0x00, 0x00, 0x00, 0x00, 0x00, 0x00, 0x00,
    0x00, 0x00, 0x00, 0x00, 0x00, 0x00, 0x00, 0x00,
    0x00, 0x00, 0x00, 0x00, 0x00, 0x00, 0x00, 0x00,
    0xBC, 0x74, 0x00, 0x00, 0x00, 0x00, 0xB8, 0x7C,
    0xBC, 0x74, 0x00, 0x00, 0x00, 0x00, 0xB8, 0x7C,
    0xBC, 0x74, 0x00, 0x00, 0x00, 0x00, 0xB8, 0x7C,
    0xBC, 0x74, 0x00, 0x00, 0x00, 0x00, 0xB8, 0x7C,
    0xBC, 0xF9, 0xF4, 0xF4, 0xF4, 0xF4, 0xFC, 0x7C,
    0xBC, 0x85, 0x20, 0x20, 0x20, 0x20, 0xC1, 0x7C,
    0xBC, 0x74, 0x00, 0x00, 0x00, 0x00, 0xB8, 0x7C,
    0xBC, 0x74, 0x00, 0x00, 0x00, 0x00, 0xB8, 0x7C,
    0xBC, 0x74, 0x00, 0x00, 0x00, 0x00, 0xB8, 0x7C,
    0x00, 0x00, 0x00, 0x00, 0x00, 0x00, 0x00, 0x00,
    0x00, 0x00, 0x00, 0x00, 0x00, 0x00, 0x00, 0x00,
    0x00, 0x00, 0x00, 0x00, 0x00, 0x00, 0x00, 0x00,
    0x00, 0x00, 0x00, 0x00, 0x00, 0x00, 0x00, 0x00,

    /* Unicode: U+0049 */
    0x00, 0x00,
    0x00, 0x00,
    0x00, 0x00,
    0xBC, 0x74,
    0xBC, 0x74,
    0xBC, 0x74,
    0xBC, 0x74,
    0xBC, 0x74,
    0xBC, 0x74,
    0xBC, 0x74,
    0xBC, 0x74,
    0xBC, 0x74,
    0x00, 0x00,
    0x00, 0x00,
    0x00, 0x00,
    0x00, 0x00,

    /* Unicode: U+004A */
    0x00, 0x00, 0x00, 0x00, 0x00, 0x00,
    0x00, 0x00, 0x00, 0x00, 0x00, 0x00,
    0x00, 0x00, 0x00, 0x00, 0x00, 0x00,
    0x00, 0x40, 0xFF, 0xFF, 0xFF, 0xF8,
    0x00, 0x05, 0x14, 0x14, 0x47, 0xF8,
    0x00, 0x00, 0x00, 0x00, 0x38, 0xF8,
    0x00, 0x00, 0x00, 0x00, 0x38, 0xF8,
    0x00, 0x00, 0x00, 0x00, 0x38, 0xF8,
    0x00, 0x00, 0x00, 0x00, 0x38, 0xF8,
    0x00, 0x04, 0x00, 0x00, 0x44, 0xE8,
    0x03, 0xC9, 0x51, 0x20, 0xB1, 0xAF,
    0x00, 0x4D, 0xDC, 0xF5, 0xBE, 0x20,
    0x00, 0x00, 0x00, 0x00, 0x00, 0x00,
    0x00, 0x00, 0x00, 0x00, 0x00, 0x00,
    0x00, 0x00, 0x00, 0x00, 0x00, 0x00,
    0x00, 0x00, 0x00, 0x00, 0x00, 0x00,

    /* Unicode: U+004B */
    0x00, 0x00, 0x00, 0x00, 0x00, 0x00, 0x00, 0x00,
    0x00, 0x00, 0x00, 0x00, 0x00, 0x00, 0x00, 0x00,
    0x00, 0x00, 0x00, 0x00, 0x00, 0x00, 0x00, 0x00,
    0xBC, 0x74, 0x00, 0x00, 0x00, 0x6E, 0xDD, 0x16,
    0xBC, 0x74, 0x00, 0x00, 0x55, 0xEB, 0x27, 0x00,
    0xBC, 0x74, 0x00, 0x40, 0xF1, 0x3D, 0x00, 0x00,
    0xBC, 0x74, 0x2E, 0xEF, 0x58, 0x00, 0x00, 0x00,
    0xBC, 0x92, 0xE5, 0xF4, 0x25, 0x00, 0x00, 0x00,
    0xBC, 0xFF, 0xA6, 0xB4, 0xD3, 0x0B, 0x00, 0x00,
    0xBC, 0xB2, 0x03, 0x0D, 0xD2, 0xA6, 0x00, 0x00,
    0xBC, 0x74, 0x00, 0x00, 0x1F, 0xEA, 0x6F, 0x00,
    0xBC, 0x74, 0x00, 0x00, 0x00, 0x3B, 0xF3, 0x3C,
    0x00, 0x00, 0x00, 0x00, 0x00, 0x00, 0x00, 0x00,
    0x00, 0x00, 0x00, 0x00, 0x00, 0x00, 0x00, 0x00,
    0x00, 0x00, 0x00, 0x00, 0x00, 0x00, 0x00, 0x00,
    0x00, 0x00, 0x00, 0x00, 0x00, 0x00, 0x00, 0x00,

    /* Unicode: U+004C */
    0x00, 0x00, 0x00, 0x00, 0x00, 0x00, 0x00,
    0x00, 0x00, 0x00, 0x00, 0x00, 0x00, 0x00,
    0x00, 0x00, 0x00, 0x00, 0x00, 0x00, 0x00,
    0xBC, 0x74, 0x00, 0x00, 0x00, 0x00, 0x00,
    0xBC, 0x74, 0x00, 0x00, 0x00, 0x00, 0x00,
    0xBC, 0x74, 0x00, 0x00, 0x00, 0x00, 0x00,
    0xBC, 0x74, 0x00, 0x00, 0x00, 0x00, 0x00,
    0xBC, 0x74, 0x00, 0x00, 0x00, 0x00, 0x00,
    0xBC, 0x74, 0x00, 0x00, 0x00, 0x00, 0x00,
    0xBC, 0x74, 0x00, 0x00, 0x00, 0x00, 0x00,
    0xBC, 0x87, 0x24, 0x24, 0x24, 0x24, 0x00,
    0xBC, 0xFF, 0xFF, 0xFF, 0xFF, 0xFF, 0x04,
    0x00, 0x00, 0x00, 0x00, 0x00, 0x00, 0x00,
    0x00, 0x00, 0x00, 0x00, 0x00, 0x00, 0x00,
    0x00, 0x00, 0x00, 0x00, 0x00, 0x00, 0x00,
    0x00, 0x00, 0x00, 0x00, 0x00, 0x00, 0x00,

    /* Unicode: U+004D */
    0x00, 0x00, 0x00, 0x00, 0x00, 0x00, 0x00, 0x00, 0x00, 0x00,
    0x00, 0x00, 0x00, 0x00, 0x00, 0x00, 0x00, 0x00, 0x00, 0x00,
    0x00, 0x00, 0x00, 0x00, 0x00, 0x00, 0x00, 0x00, 0x00, 0x00,
    0xBC, 0x86, 0x00, 0x00, 0x00, 0x00, 0x00, 0x1B, 0xF6, 0x2F,
    0xBC, 0xF6, 0x1C, 0x00, 0x00, 0x00, 0x00, 0x9D, 0xFF, 0x30,
    0xBC, 0xF2, 0xA0, 0x00, 0x00, 0x00, 0x2B, 0xEF, 0xFC, 0x30,
    0xBC, 0x83, 0xF2, 0x2F, 0x00, 0x00, 0xB4, 0x7A, 0xF8, 0x31,
    0xBC, 0x68, 0x7E, 0xBA, 0x00, 0x3F, 0xE1, 0x08, 0xF7, 0x31,
    0xBC, 0x68, 0x09, 0xE2, 0x49, 0xC9, 0x5B, 0x00, 0xF6, 0x32,
    0xBC, 0x68, 0x00, 0x5B, 0xEF, 0xCA, 0x01, 0x00, 0xF6, 0x32,
    0xBC, 0x68, 0x00, 0x01, 0xBD, 0x3C, 0x00, 0x00, 0xF5, 0x33,
    0xBC, 0x68, 0x00, 0x00, 0x00, 0x00, 0x00, 0x00, 0xF4, 0x33,
    0x00, 0x00, 0x00, 0x00, 0x00, 0x00, 0x00, 0x00, 0x00, 0x00,
    0x00, 0x00, 0x00, 0x00, 0x00, 0x00, 0x00, 0x00, 0x00, 0x00,
    0x00, 0x00, 0x00, 0x00, 0x00, 0x00, 0x00, 0x00, 0x00, 0x00,
    0x00, 0x00, 0x00, 0x00, 0x00, 0x00, 0x00, 0x00, 0x00, 0x00,

    /* Unicode: U+004E */
    0x00, 0x00, 0x00, 0x00, 0x00, 0x00, 0x00, 0x00,
    0x00, 0x00, 0x00, 0x00, 0x00, 0x00, 0x00, 0x00,
    0x00, 0x00, 0x00, 0x00, 0x00, 0x00, 0x00, 0x00,
    0xBC, 0x9E, 0x00, 0x00, 0x00, 0x00, 0xB8, 0x7C,
    0xBC, 0xFF, 0x5D, 0x00, 0x00, 0x00, 0xB8, 0x7C,
    0xBC, 0xDB, 0xF4, 0x28, 0x00, 0x00, 0xB8, 0x7C,
    0xBC, 0x75, 0xB2, 0xD2, 0x09, 0x00, 0xB8, 0x7C,
    0xBC, 0x74, 0x11, 0xDE, 0x9A, 0x00, 0xB8, 0x7C,
    0xBC, 0x74, 0x00, 0x33, 0xF8, 0x59, 0xB8, 0x7C,
    0xBC, 0x74, 0x00, 0x00, 0x69, 0xF2, 0xD7, 0x7C,
    0xBC, 0x74, 0x00, 0x00, 0x00, 0xA5, 0xFF, 0x7C,
    0xBC, 0x74, 0x00, 0x00, 0x00, 0x0B, 0xD6, 0x7C,
    0x00, 0x00, 0x00, 0x00, 0x00, 0x00, 0x00, 0x00,
    0x00, 0x00, 0x00, 0x00, 0x00, 0x00, 0x00, 0x00,
    0x00, 0x00, 0x00, 0x00, 0x00, 0x00, 0x00, 0x00,
    0x00, 0x00, 0x00, 0x00, 0x00, 0x00, 0x00, 0x00,

    /* Unicode: U+004F */
    0x00, 0x00, 0x00, 0x00, 0x00, 0x00, 0x00, 0x00, 0x00, 0x00,
    0x00, 0x00, 0x00, 0x00, 0x00, 0x00, 0x00, 0x00, 0x00, 0x00,
    0x00, 0x00, 0x00, 0x00, 0x00, 0x00, 0x00, 0x00, 0x00, 0x00,
    0x00, 0x00, 0x39, 0xB5, 0xEE, 0xF1, 0xBC, 0x43, 0x00, 0x00,
    0x00, 0x50, 0xF6, 0x81, 0x27, 0x23, 0x75, 0xF5, 0x62, 0x00,
    0x08, 0xEC, 0x65, 0x00, 0x00, 0x00, 0x00, 0x51, 0xF6, 0x12,
    0x4A, 0xEC, 0x03, 0x00, 0x00, 0x00, 0x00, 0x00, 0xDC, 0x5E,
    0x64, 0xCF, 0x00, 0x00, 0x00, 0x00, 0x00, 0x00, 0xBB, 0x78,
    0x4A, 0xEC, 0x03, 0x00, 0x00, 0x00, 0x00, 0x00, 0xDC, 0x5E,
    0x08, 0xEC, 0x64, 0x00, 0x00, 0x00, 0x00, 0x51, 0xF6, 0x13,
    0x00, 0x50, 0xF6, 0x7D, 0x26, 0x22, 0x72, 0xF4, 0x64, 0x00,
    0x00, 0x00, 0x3B, 0xB7, 0xEF, 0xF2, 0xBF, 0x46, 0x00, 0x00,
    0x00, 0x00, 0x00, 0x00, 0x00, 0x00, 0x00, 0x00, 0x00, 0x00,
    0x00, 0x00, 0x00, 0x00, 0x00, 0x00, 0x00, 0x00, 0x00, 0x00,
    0x00, 0x00, 0x00, 0x00, 0x00, 0x00, 0x00, 0x00, 0x00, 0x00,
    0x00, 0x00, 0x00, 0x00, 0x00, 0x00, 0x00, 0x00, 0x00, 0x00,

    /* Unicode: U+0050 */
    0x00, 0x00, 0x00, 0x00, 0x00, 0x00, 0x00, 0x00,
    0x00, 0x00, 0x00, 0x00, 0x00, 0x00, 0x00, 0x00,
    0x00, 0x00, 0x00, 0x00, 0x00, 0x00, 0x00, 0x00,
    0xBC, 0xFF, 0xFF, 0xFB, 0xDD, 0x85, 0x09, 0x00,
    0xBC, 0x7E, 0x14, 0x18, 0x41, 0xD4, 0x98, 0x00,
    0xBC, 0x74, 0x00, 0x00, 0x00, 0x45, 0xF0, 0x00,
    0xBC, 0x74, 0x00, 0x00, 0x00, 0x3D, 0xF5, 0x02,
    0xBC, 0x74, 0x00, 0x00, 0x21, 0xC2, 0xAA, 0x00,
    0xBC, 0xF9, 0xF4, 0xF7, 0xFA, 0xA6, 0x12, 0x00,
    0xBC, 0x85, 0x20, 0x1C, 0x03, 0x00, 0x00, 0x00,
    0xBC, 0x74, 0x00, 0x00, 0x00, 0x00, 0x00, 0x00,
    0xBC, 0x74, 0x00, 0x00, 0x00, 0x00, 0x00, 0x00,
    0x00, 0x00, 0x00, 0x00, 0x00, 0x00, 0x00, 0x00,
    0x00, 0x00, 0x00, 0x00, 0x00, 0x00, 0x00, 0x00,
    0x00, 0x00, 0x00, 0x00, 0x00, 0x00, 0x00, 0x00,
    0x00, 0x00, 0x00, 0x00, 0x00, 0x00, 0x00, 0x00,

    /* Unicode: U+0051 */
    0x00, 0x00, 0x00, 0x00, 0x00, 0x00, 0x00, 0x00, 0x00, 0x00,
    0x00, 0x00, 0x00, 0x00, 0x00, 0x00, 0x00, 0x00, 0x00, 0x00,
    0x00, 0x00, 0x00, 0x00, 0x00, 0x00, 0x00, 0x00, 0x00, 0x00,
    0x00, 0x00, 0x38, 0xB5, 0xEE, 0xF1, 0xBC, 0x43, 0x00, 0x00,
    0x00, 0x4E, 0xF6, 0x81, 0x27, 0x23, 0x75, 0xF5, 0x62, 0x00,
    0x07, 0xEA, 0x65, 0x00, 0x00, 0x00, 0x00, 0x51, 0xF5, 0x11,
    0x49, 0xEC, 0x03, 0x00, 0x00, 0x00, 0x00, 0x00, 0xDC, 0x5D,
    0x64, 0xCF, 0x00, 0x00, 0x00, 0x00, 0x00, 0x00, 0xBB, 0x78,
    0x4D, 0xEC, 0x03, 0x00, 0x00, 0x00, 0x00, 0x00, 0xDC, 0x61,
    0x0B, 0xF1, 0x64, 0x00, 0x00, 0x00, 0x00, 0x51, 0xF7, 0x17,
    0x00, 0x5D, 0xF8, 0x7D, 0x26, 0x22, 0x72, 0xF6, 0x6F, 0x00,
    0x00, 0x00, 0x49, 0xC6, 0xF6, 0xFF, 0xD3, 0x56, 0x00, 0x00,
    0x00, 0x00, 0x00, 0x00, 0x0A, 0xCC, 0xB1, 0x0D, 0x35, 0x8E,
    0x00, 0x00, 0x00, 0x00, 0x00, 0x13, 0xB7, 0xFD, 0xF2, 0x5B,
    0x00, 0x00, 0x00, 0x00, 0x00, 0x00, 0x00, 0x12, 0x08, 0x00,
    0x00, 0x00, 0x00, 0x00, 0x00, 0x00, 0x00, 0x00, 0x00, 0x00,

    /* Unicode: U+0052 */
    0x00, 0x00, 0x00, 0x00, 0x00, 0x00, 0x00, 0x00,
    0x00, 0x00, 0x00, 0x00, 0x00, 0x00, 0x00, 0x00,
    0x00, 0x00, 0x00, 0x00, 0x00, 0x00, 0x00, 0x00,
    0xBC, 0xFF, 0xFF, 0xFB, 0xDC, 0x82, 0x08, 0x00,
    0xBC, 0x7E, 0x14, 0x18, 0x41, 0xD4, 0x95, 0x00,
    0xBC, 0x74, 0x00, 0x00, 0x00, 0x45, 0xEF, 0x00,
    0xBC, 0x74, 0x00, 0x00, 0x00, 0x3D, 0xFA, 0x02,
    0xBC, 0x74, 0x00, 0x00, 0x21, 0xC2, 0xB2, 0x00,
    0xBC, 0xF9, 0xF4, 0xF7, 0xFF, 0xB6, 0x14, 0x00,
    0xBC, 0x85, 0x20, 0x1F, 0xB2, 0x97, 0x00, 0x00,
    0xBC, 0x74, 0x00, 0x00, 0x1D, 0xF2, 0x3C, 0x00,
    0xBC, 0x74, 0x00, 0x00, 0x00, 0x70, 0xD6, 0x07,
    0x00, 0x00, 0x00, 0x00, 0x00, 0x00, 0x00, 0x00,
    0x00, 0x00, 0x00, 0x00, 0x00, 0x00, 0x00, 0x00,
    0x00, 0x00, 0x00, 0x00, 0x00, 0x00, 0x00, 0x00,
    0x00, 0x00, 0x00, 0x00, 0x00, 0x00, 0x00, 0x00,

    /* Unicode: U+0053 */
    0x00, 0x00, 0x00, 0x00, 0x00, 0x00, 0x00,
    0x00, 0x00, 0x00, 0x00, 0x00, 0x00, 0x00,
    0x00, 0x00, 0x00, 0x00, 0x00, 0x00, 0x00,
    0x00, 0x3E, 0xC5, 0xF6, 0xEA, 0xB6, 0x34,
    0x15, 0xF5, 0x76, 0x1F, 0x2C, 0x78, 0x4A,
    0x44, 0xED, 0x00, 0x00, 0x00, 0x00, 0x00,
    0x18, 0xF5, 0x99, 0x2A, 0x00, 0x00, 0x00,
    0x00, 0x2E, 0xB9, 0xFA, 0xE2, 0x8A, 0x0D,
    0x00, 0x00, 0x00, 0x0C, 0x50, 0xD4, 0xAE,
    0x01, 0x00, 0x00, 0x00, 0x00, 0x46, 0xEA,
    0x52, 0xB3, 0x45, 0x1A, 0x2D, 0xB3, 0xB2,
    0x0C, 0x83, 0xD8, 0xF9, 0xEC, 0xA2, 0x13,
    0x00, 0x00, 0x00, 0x00, 0x00, 0x00, 0x00,
    0x00, 0x00, 0x00, 0x00, 0x00, 0x00, 0x00,
    0x00, 0x00, 0x00, 0x00, 0x00, 0x00, 0x00,
    0x00, 0x00, 0x00, 0x00, 0x00, 0x00, 0x00,

    /* Unicode: U+0054 */
    0x00, 0x00, 0x00, 0x00, 0x00, 0x00, 0x00,
    0x00, 0x00, 0x00, 0x00, 0x00, 0x00, 0x00,
    0x00, 0x00, 0x00, 0x00, 0x00, 0x00, 0x00,
    0xF4, 0xFF, 0xFF, 0xFF, 0xFF, 0xFF, 0xFF,
    0x13, 0x14, 0x26, 0xFF, 0x2D, 0x14, 0x14,
    0x00, 0x00, 0x14, 0xFF, 0x1C, 0x00, 0x00,
    0x00, 0x00, 0x14, 0xFF, 0x1C, 0x00, 0x00,
    0x00, 0x00, 0x14, 0xFF, 0x1C, 0x00, 0x00,
    0x00, 0x00, 0x14, 0xFF, 0x1C, 0x00, 0x00,
    0x00, 0x00, 0x14, 0xFF, 0x1C, 0x00, 0x00,
    0x00, 0x00, 0x14, 0xFF, 0x1C, 0x00, 0x00,
    0x00, 0x00, 0x14, 0xFF, 0x1C, 0x00, 0x00,
    0x00, 0x00, 0x00, 0x00, 0x00, 0x00, 0x00,
    0x00, 0x00, 0x00, 0x00, 0x00, 0x00, 0x00,
    0x00, 0x00, 0x00, 0x00, 0x00, 0x00, 0x00,
    0x00, 0x00, 0x00, 0x00, 0x00, 0x00, 0x00,

    /* Unicode: U+0055 */
    0x00, 0x00, 0x00, 0x00, 0x00, 0x00, 0x00, 0x00,
    0x00, 0x00, 0x00, 0x00, 0x00, 0x00, 0x00, 0x00,
    0x00, 0x00, 0x00, 0x00, 0x00, 0x00, 0x00, 0x00,
    0xD0, 0x64, 0x00, 0x00, 0x00, 0x00, 0xE0, 0x4C,
    0xD0, 0x64, 0x00, 0x00, 0x00, 0x00, 0xE0, 0x4C,
    0xD0, 0x64, 0x00, 0x00, 0x00, 0x00, 0xE0, 0x4C,
    0xD0, 0x64, 0x00, 0x00, 0x00, 0x00, 0xE0, 0x4C,
    0xD0, 0x64, 0x00, 0x00, 0x00, 0x00, 0xE0, 0x4C,
    0xC0, 0x71, 0x00, 0x00, 0x00, 0x00, 0xEE, 0x3C,
    0x99, 0xA6, 0x00, 0x00, 0x00, 0x23, 0xFE, 0x16,
    0x2A, 0xF8, 0x70, 0x21, 0x38, 0xC7, 0xA4, 0x00,
    0x00, 0x4C, 0xCF, 0xF9, 0xE0, 0x8F, 0x0B, 0x00,
    0x00, 0x00, 0x00, 0x00, 0x00, 0x00, 0x00, 0x00,
    0x00, 0x00, 0x00, 0x00, 0x00, 0x00, 0x00, 0x00,
    0x00, 0x00, 0x00, 0x00, 0x00, 0x00, 0x00, 0x00,
    0x00, 0x00, 0x00, 0x00, 0x00, 0x00, 0x00, 0x00,

    /* Unicode: U+0056 */
    0x00, 0x00, 0x00, 0x00, 0x00, 0x00, 0x00, 0x00, 0x00, 0x00,
    0x00, 0x00, 0x00, 0x00, 0x00, 0x00, 0x00, 0x00, 0x00, 0x00,
    0x00, 0x00, 0x00, 0x00, 0x00, 0x00, 0x00, 0x00, 0x00, 0x00,
    0x00, 0xCF, 0x7B, 0x00, 0x00, 0x00, 0x00, 0x00, 0xD8, 0x5B,
    0x00, 0x66, 0xE1, 0x02, 0x00, 0x00, 0x00, 0x42, 0xEB, 0x07,
    0x00, 0x0B, 0xF1, 0x4D, 0x00, 0x00, 0x00, 0xAB, 0x89, 0x00,
    0x00, 0x00, 0x94, 0xB5, 0x00, 0x00, 0x19, 0xF9, 0x22, 0x00,
    0x00, 0x00, 0x2A, 0xFD, 0x20, 0x00, 0x7D, 0xB7, 0x00, 0x00,
    0x00, 0x00, 0x00, 0xC1, 0x86, 0x03, 0xE2, 0x4E, 0x00, 0x00,
    0x00, 0x00, 0x00, 0x58, 0xE9, 0x55, 0xE2, 0x03, 0x00, 0x00,
    0x00, 0x00, 0x00, 0x05, 0xE8, 0xED, 0x7C, 0x00, 0x00, 0x00,
    0x00, 0x00, 0x00, 0x00, 0x85, 0xFB, 0x19, 0x00, 0x00, 0x00,
    0x00, 0x00, 0x00, 0x00, 0x00, 0x00, 0x00, 0x00, 0x00, 0x00,
    0x00, 0x00, 0x00, 0x00, 0x00, 0x00, 0x00, 0x00, 0x00, 0x00,
    0x00, 0x00, 0x00, 0x00, 0x00, 0x00, 0x00, 0x00, 0x00, 0x00,
    0x00, 0x00, 0x00, 0x00, 0x00, 0x00, 0x00, 0x00, 0x00, 0x00,

    /* Unicode: U+0057 */
    0x00, 0x00, 0x00, 0x00, 0x00, 0x00, 0x00, 0x00, 0x00, 0x00, 0x00, 0x00, 0x00, 0x00,
    0x00, 0x00, 0x00, 0x00, 0x00, 0x00, 0x00, 0x00, 0x00, 0x00, 0x00, 0x00, 0x00, 0x00,
    0x00, 0x00, 0x00, 0x00, 0x00, 0x00, 0x00, 0x00, 0x00, 0x00, 0x00, 0x00, 0x00, 0x00,
    0x75, 0xC7, 0x00, 0x00, 0x00, 0x02, 0xE7, 0x83, 0x00, 0x00, 0x00, 0x2D, 0xF1, 0x06,
    0x24, 0xFE, 0x18, 0x00, 0x00, 0x3C, 0xFF, 0xD4, 0x00, 0x00, 0x00, 0x7D, 0xA7, 0x00,
    0x00, 0xD5, 0x65, 0x00, 0x00, 0x8E, 0xA6, 0xFB, 0x24, 0x00, 0x00, 0xCD, 0x57, 0x00,
    0x00, 0x86, 0xB4, 0x00, 0x00, 0xE0, 0x41, 0xBA, 0x74, 0x00, 0x1D, 0xF8, 0x0E, 0x00,
    0x00, 0x36, 0xF7, 0x0B, 0x33, 0xEB, 0x03, 0x67, 0xC4, 0x00, 0x6D, 0xB7, 0x00, 0x00,
    0x00, 0x01, 0xE5, 0x52, 0x86, 0x9B, 0x00, 0x16, 0xFA, 0x16, 0xBD, 0x67, 0x00, 0x00,
    0x00, 0x00, 0x97, 0xA2, 0xD7, 0x47, 0x00, 0x00, 0xC0, 0x75, 0xF9, 0x19, 0x00, 0x00,
    0x00, 0x00, 0x48, 0xF7, 0xEF, 0x05, 0x00, 0x00, 0x6D, 0xF3, 0xC7, 0x00, 0x00, 0x00,
    0x00, 0x00, 0x06, 0xF1, 0xA1, 0x00, 0x00, 0x00, 0x1B, 0xFE, 0x77, 0x00, 0x00, 0x00,
    0x00, 0x00, 0x00, 0x00, 0x00, 0x00, 0x00, 0x00, 0x00, 0x00, 0x00, 0x00, 0x00, 0x00,
    0x00, 0x00, 0x00, 0x00, 0x00, 0x00, 0x00, 0x00, 0x00, 0x00, 0x00, 0x00, 0x00, 0x00,
    0x00, 0x00, 0x00, 0x00, 0x00, 0x00, 0x00, 0x00, 0x00, 0x00, 0x00, 0x00, 0x00, 0x00,
    0x00, 0x00, 0x00, 0x00, 0x00, 0x00, 0x00, 0x00, 0x00, 0x00, 0x00, 0x00, 0x00, 0x00,

    /* Unicode: U+0058 */
    0x00, 0x00, 0x00, 0x00, 0x00, 0x00, 0x00, 0x00,
    0x00, 0x00, 0x00, 0x00, 0x00, 0x00, 0x00, 0x00,
    0x00, 0x00, 0x00, 0x00, 0x00, 0x00, 0x00, 0x00,
    0x53, 0xF0, 0x1B, 0x00, 0x00, 0x0D, 0xE2, 0x5D,
    0x00, 0xA8, 0xB5, 0x00, 0x00, 0x99, 0xB1, 0x00,
    0x00, 0x14, 0xE9, 0x5E, 0x41, 0xEB, 0x18, 0x00,
    0x00, 0x00, 0x53, 0xEE, 0xDF, 0x58, 0x00, 0x00,
    0x00, 0x00, 0x00, 0xDB, 0xE5, 0x03, 0x00, 0x00,
    0x00, 0x00, 0x6A, 0xDE, 0xD8, 0x7E, 0x00, 0x00,
    0x00, 0x26, 0xF3, 0x3F, 0x35, 0xF6, 0x34, 0x00,
    0x04, 0xC9, 0x8D, 0x00, 0x00, 0x7F, 0xD7, 0x09,
    0x7F, 0xD6, 0x08, 0x00, 0x00, 0x04, 0xC9, 0x93,
    0x00, 0x00, 0x00, 0x00, 0x00, 0x00, 0x00, 0x00,
    0x00, 0x00, 0x00, 0x00, 0x00, 0x00, 0x00, 0x00,
    0x00, 0x00, 0x00, 0x00, 0x00, 0x00, 0x00, 0x00,
    0x00, 0x00, 0x00, 0x00, 0x00, 0x00, 0x00, 0x00,

    /* Unicode: U+0059 */
    0x00, 0x00, 0x00, 0x00, 0x00, 0x00, 0x00, 0x00, 0x00,
    0x00, 0x00, 0x00, 0x00, 0x00, 0x00, 0x00, 0x00, 0x00,
    0x00, 0x00, 0x00, 0x00, 0x00, 0x00, 0x00, 0x00, 0x00,
    0x00, 0xC4, 0x82, 0x00, 0x00, 0x00, 0x00, 0xA8, 0x87,
    0x00, 0x35, 0xF4, 0x1B, 0x00, 0x00, 0x38, 0xE8, 0x0E,
    0x00, 0x00, 0xA5, 0x9F, 0x00, 0x00, 0xC5, 0x67, 0x00,
    0x00, 0x00, 0x1D, 0xF4, 0x30, 0x56, 0xD3, 0x03, 0x00,
    0x00, 0x00, 0x00, 0x85, 0xBF, 0xDE, 0x47, 0x00, 0x00,
    0x00, 0x00, 0x00, 0x0C, 0xE8, 0xB7, 0x00, 0x00, 0x00,
    0x00, 0x00, 0x00, 0x00, 0xB8, 0x78, 0x00, 0x00, 0x00,
    0x00, 0x00, 0x00, 0x00, 0xB8, 0x78, 0x00, 0x00, 0x00,
    0x00, 0x00, 0x00, 0x00, 0xB8, 0x78, 0x00, 0x00, 0x00,
    0x00, 0x00, 0x00, 0x00, 0x00, 0x00, 0x00, 0x00, 0x00,
    0x00, 0x00, 0x00, 0x00, 0x00, 0x00, 0x00, 0x00, 0x00,
    0x00, 0x00, 0x00, 0x00, 0x00, 0x00, 0x00, 0x00, 0x00,
    0x00, 0x00, 0x00, 0x00, 0x00, 0x00, 0x00, 0x00, 0x00,

    /* Unicode: U+005A */
    0x00, 0x00, 0x00, 0x00, 0x00, 0x00, 0x00, 0x00,
    0x00, 0x00, 0x00, 0x00, 0x00, 0x00, 0x00, 0x00,
    0x00, 0x00, 0x00, 0x00, 0x00, 0x00, 0x00, 0x00,
    0x68, 0xFF, 0xFF, 0xFF, 0xFF, 0xFF, 0xFF, 0x5E,
    0x08, 0x14, 0x14, 0x14, 0x14, 0x95, 0xD9, 0x0C,
    0x00, 0x00, 0x00, 0x00, 0x45, 0xF5, 0x2F, 0x00,
    0x00, 0x00, 0x00, 0x18, 0xE9, 0x69, 0x00, 0x00,
    0x00, 0x00, 0x02, 0xBD, 0xAA, 0x00, 0x00, 0x00,
    0x00, 0x00, 0x7F, 0xDD, 0x0F, 0x00, 0x00, 0x00,
    0x00, 0x40, 0xF6, 0x34, 0x00, 0x00, 0x00, 0x00,
    0x15, 0xE6, 0x82, 0x14, 0x14, 0x14, 0x14, 0x0A,
    0x79, 0xFF, 0xFF, 0xFF, 0xFF, 0xFF, 0xFF, 0x88,
    0x00, 0x00, 0x00, 0x00, 0x00, 0x00, 0x00, 0x00,
    0x00, 0x00, 0x00, 0x00, 0x00, 0x00, 0x00, 0x00,
    0x00, 0x00, 0x00, 0x00, 0x00, 0x00, 0x00, 0x00,
    0x00, 0x00, 0x00, 0x00, 0x00, 0x00, 0x00, 0x00,

    /* Unicode: U+005B */
    0x00, 0x00, 0x00,
    0x00, 0x00, 0x00,
    0xBC, 0xFF, 0xC4,
    0xBC, 0x73, 0x0F,
    0xBC, 0x68, 0x00,
    0xBC, 0x68, 0x00,
    0xBC, 0x68, 0x00,
    0xBC, 0x68, 0x00,
    0xBC, 0x68, 0x00,
    0xBC, 0x68, 0x00,
    0xBC, 0x68, 0x00,
    0xBC, 0x68, 0x00,
    0xBC, 0x68, 0x00,
    0xBC, 0x73, 0x0F,
    0xBC, 0xFF, 0xC4,
    0x00, 0x00, 0x00,

    /* Unicode: U+005C */
    0x30, 0x56, 0x00, 0x00, 0x00, 0x00,
    0x23, 0xE6, 0x01, 0x00, 0x00, 0x00,
    0x00, 0xD2, 0x39, 0x00, 0x00, 0x00,
    0x00, 0x81, 0x8A, 0x00, 0x00, 0x00,
    0x00, 0x30, 0xDB, 0x00, 0x00, 0x00,
    0x00, 0x00, 0xDF, 0x2C, 0x00, 0x00,
    0x00, 0x00, 0x8E, 0x7D, 0x00, 0x00,
    0x00, 0x00, 0x3D, 0xCE, 0x00, 0x00,
    0x00, 0x00, 0x02, 0xE9, 0x20, 0x00,
    0x00, 0x00, 0x00, 0x9B, 0x70, 0x00,
    0x00, 0x00, 0x00, 0x4A, 0xC1, 0x00,
    0x00, 0x00, 0x00, 0x07, 0xEF, 0x15,
    0x00, 0x00, 0x00, 0x00, 0xA8, 0x63,
    0x00, 0x00, 0x00, 0x00, 0x00, 0x00,
    0x00, 0x00, 0x00, 0x00, 0x00, 0x00,
    0x00, 0x00, 0x00, 0x00, 0x00, 0x00,

    /* Unicode: U+005D */
    0x00, 0x00, 0x00,
    0x00, 0x00, 0x00,
    0xC4, 0xFF, 0xBC,
    0x0F, 0x77, 0xBC,
    0x00, 0x6C, 0xBC,
    0x00, 0x6C, 0xBC,
    0x00, 0x6C, 0xBC,
    0x00, 0x6C, 0xBC,
    0x00, 0x6C, 0xBC,
    0x00, 0x6C, 0xBC,
    0x00, 0x6C, 0xBC,
    0x00, 0x6C, 0xBC,
    0x00, 0x6C, 0xBC,
    0x0F, 0x77, 0xBC,
    0xC4, 0xFF, 0xBC,
    0x00, 0x00, 0x00,

    /* Unicode: U+005E */
    0x00, 0x00, 0x00, 0x00, 0x00, 0x00, 0x00,
    0x00, 0x00, 0x00, 0x00, 0x00, 0x00, 0x00,
    0x00, 0x00, 0x00, 0x00, 0x00, 0x00, 0x00,
    0x00, 0x00, 0x00, 0x00, 0x00, 0x00, 0x00,
    0x00, 0x00, 0x08, 0x7F, 0x0A, 0x00, 0x00,
    0x00, 0x00, 0x5B, 0xEE, 0x5E, 0x00, 0x00,
    0x00, 0x00, 0xBE, 0x4E, 0xBF, 0x00, 0x00,
    0x00, 0x22, 0xC4, 0x00, 0xC5, 0x23, 0x00,
    0x00, 0x84, 0x64, 0x00, 0x65, 0x84, 0x00,
    0x02, 0xD9, 0x0E, 0x00, 0x0E, 0xD9, 0x02,
    0x00, 0x00, 0x00, 0x00, 0x00, 0x00, 0x00,
    0x00, 0x00, 0x00, 0x00, 0x00, 0x00, 0x00,
    0x00, 0x00, 0x00, 0x00, 0x00, 0x00, 0x00,
    0x00, 0x00, 0x00, 0x00, 0x00, 0x00, 0x00,
    0x00, 0x00, 0x00, 0x00, 0x00, 0x00, 0x00,
    0x00, 0x00, 0x00, 0x00, 0x00, 0x00, 0x00,

    /* Unicode: U+005F */
    0x00, 0x00, 0x00, 0x00, 0x00, 0x00,
    0x00, 0x00, 0x00, 0x00, 0x00, 0x00,
    0x00, 0x00, 0x00, 0x00, 0x00, 0x00,
    0x00, 0x00, 0x00, 0x00, 0x00, 0x00,
    0x00, 0x00, 0x00, 0x00, 0x00, 0x00,
    0x00, 0x00, 0x00, 0x00, 0x00, 0x00,
    0x00, 0x00, 0x00, 0x00, 0x00, 0x00,
    0x00, 0x00, 0x00, 0x00, 0x00, 0x00,
    0x00, 0x00, 0x00, 0x00, 0x00, 0x00,
    0x00, 0x00, 0x00, 0x00, 0x00, 0x00,
    0x00, 0x00, 0x00, 0x00, 0x00, 0x00,
    0x00, 0x00, 0x00, 0x00, 0x00, 0x00,
    0xF4, 0xF4, 0xF4, 0xF4, 0xF4, 0xF4,
    0x20, 0x20, 0x20, 0x20, 0x20, 0x20,
    0x00, 0x00, 0x00, 0x00, 0x00, 0x00,
    0x00, 0x00, 0x00, 0x00, 0x00, 0x00,

    /* Unicode: U+0060 */
    0x00, 0x00, 0x00, 0x00,
    0x00, 0x00, 0x00, 0x00,
    0x21, 0x7D, 0x14, 0x00,
    0x00, 0x51, 0xC6, 0x1D,
    0x00, 0x00, 0x00, 0x00,
    0x00, 0x00, 0x00, 0x00,
    0x00, 0x00, 0x00, 0x00,
    0x00, 0x00, 0x00, 0x00,
    0x00, 0x00, 0x00, 0x00,
    0x00, 0x00, 0x00, 0x00,
    0x00, 0x00, 0x00, 0x00,
    0x00, 0x00, 0x00, 0x00,
    0x00, 0x00, 0x00, 0x00,
    0x00, 0x00, 0x00, 0x00,
    0x00, 0x00, 0x00, 0x00,
    0x00, 0x00, 0x00, 0x00,

    /* Unicode: U+0061 */
    0x00, 0x00, 0x00, 0x00, 0x00, 0x00, 0x00,
    0x00, 0x00, 0x00, 0x00, 0x00, 0x00, 0x00,
    0x00, 0x00, 0x00, 0x00, 0x00, 0x00, 0x00,
    0x00, 0x00, 0x00, 0x00, 0x00, 0x00, 0x00,
    0x00, 0x00, 0x00, 0x00, 0x00, 0x00, 0x00,
    0x09, 0x84, 0xDA, 0xF5, 0xCA, 0x34, 0x00,
    0x06, 0x9F, 0x3D, 0x20, 0x94, 0xDB, 0x00,
    0x00, 0x00, 0x00, 0x00, 0x10, 0xFF, 0x13,
    0x01, 0x8A, 0xDF, 0xF3, 0xF4, 0xFF, 0x20,
    0x4C, 0xE6, 0x3B, 0x20, 0x24, 0xFF, 0x20,
    0x4D, 0xE5, 0x30, 0x28, 0x8C, 0xFF, 0x20,
    0x02, 0x93, 0xEF, 0xED, 0x79, 0xF4, 0x20,
    0x00, 0x00, 0x00, 0x00, 0x00, 0x00, 0x00,
    0x00, 0x00, 0x00, 0x00, 0x00, 0x00, 0x00,
    0x00, 0x00, 0x00, 0x00, 0x00, 0x00, 0x00,
    0x00, 0x00, 0x00, 0x00, 0x00, 0x00, 0x00,

    /* Unicode: U+0062 */
    0x00, 0x00, 0x00, 0x00, 0x00, 0x00, 0x00,
    0x00, 0x00, 0x00, 0x00, 0x00, 0x00, 0x00,
    0xE8, 0x40, 0x00, 0x00, 0x00, 0x00, 0x00,
    0xE8, 0x40, 0x00, 0x00, 0x00, 0x00, 0x00,
    0xE8, 0x40, 0x00, 0x00, 0x00, 0x00, 0x00,
    0xE8, 0x76, 0xCF, 0xF8, 0xCE, 0x44, 0x00,
    0xE8, 0xEA, 0x4C, 0x1C, 0x73, 0xF7, 0x28,
    0xE8, 0x6C, 0x00, 0x00, 0x00, 0xAF, 0x8B,
    0xE8, 0x42, 0x00, 0x00, 0x00, 0x83, 0xA9,
    0xE8, 0x6D, 0x00, 0x00, 0x00, 0xB0, 0x8A,
    0xE8, 0xF1, 0x4E, 0x1C, 0x7C, 0xF8, 0x28,
    0xE8, 0x6D, 0xD0, 0xF8, 0xCF, 0x44, 0x00,
    0x00, 0x00, 0x00, 0x00, 0x00, 0x00, 0x00,
    0x00, 0x00, 0x00, 0x00, 0x00, 0x00, 0x00,
    0x00, 0x00, 0x00, 0x00, 0x00, 0x00, 0x00,
    0x00, 0x00, 0x00, 0x00, 0x00, 0x00, 0x00,

    /* Unicode: U+0063 */
    0x00, 0x00, 0x00, 0x00, 0x00, 0x00, 0x00,
    0x00, 0x00, 0x00, 0x00, 0x00, 0x00, 0x00,
    0x00, 0x00, 0x00, 0x00, 0x00, 0x00, 0x00,
    0x00, 0x00, 0x00, 0x00, 0x00, 0x00, 0x00,
    0x00, 0x00, 0x00, 0x00, 0x00, 0x00, 0x00,
    0x00, 0x20, 0xB3, 0xF3, 0xE8, 0x81, 0x02,
    0x0A, 0xDE, 0x99, 0x22, 0x3A, 0xD3, 0x35,
    0x58, 0xDC, 0x02, 0x00, 0x00, 0x03, 0x00,
    0x79, 0xB2, 0x00, 0x00, 0x00, 0x00, 0x00,
    0x58, 0xDB, 0x03, 0x00, 0x00, 0x00, 0x00,
    0x09, 0xDD, 0xA3, 0x22, 0x3E, 0xD2, 0x33,
    0x00, 0x20, 0xB3, 0xF4, 0xE9, 0x85, 0x02,
    0x00, 0x00, 0x00, 0x00, 0x00, 0x00, 0x00,
    0x00, 0x00, 0x00, 0x00, 0x00, 0x00, 0x00,
    0x00, 0x00, 0x00, 0x00, 0x00, 0x00, 0x00,
    0x00, 0x00, 0x00, 0x00, 0x00, 0x00, 0x00,

    /* Unicode: U+0064 */
    0x00, 0x00, 0x00, 0x00, 0x00, 0x00, 0x00, 0x00,
    0x00, 0x00, 0x00, 0x00, 0x00, 0x00, 0x00, 0x00,
    0x00, 0x00, 0x00, 0x00, 0x00, 0x10, 0xFF, 0x18,
    0x00, 0x00, 0x00, 0x00, 0x00, 0x10, 0xFF, 0x18,
    0x00, 0x00, 0x00, 0x00, 0x00, 0x10, 0xFF, 0x18,
    0x00, 0x29, 0xBD, 0xF6, 0xDE, 0x65, 0xFF, 0x18,
    0x0E, 0xE5, 0x97, 0x21, 0x39, 0xD4, 0xFF, 0x18,
    0x5C, 0xDC, 0x02, 0x00, 0x00, 0x3E, 0xFF, 0x18,
    0x79, 0xB2, 0x00, 0x00, 0x00, 0x13, 0xFF, 0x18,
    0x5C, 0xDC, 0x03, 0x00, 0x00, 0x40, 0xFF, 0x18,
    0x0E, 0xE5, 0xA1, 0x21, 0x39, 0xDE, 0xFF, 0x18,
    0x00, 0x29, 0xBE, 0xF7, 0xDE, 0x5B, 0xFF, 0x18,
    0x00, 0x00, 0x00, 0x00, 0x00, 0x00, 0x00, 0x00,
    0x00, 0x00, 0x00, 0x00, 0x00, 0x00, 0x00, 0x00,
    0x00, 0x00, 0x00, 0x00, 0x00, 0x00, 0x00, 0x00,
    0x00, 0x00, 0x00, 0x00, 0x00, 0x00, 0x00, 0x00,

    /* Unicode: U+0065 */
    0x00, 0x00, 0x00, 0x00, 0x00, 0x00, 0x00,
    0x00, 0x00, 0x00, 0x00, 0x00, 0x00, 0x00,
    0x00, 0x00, 0x00, 0x00, 0x00, 0x00, 0x00,
    0x00, 0x00, 0x00, 0x00, 0x00, 0x00, 0x00,
    0x00, 0x00, 0x00, 0x00, 0x00, 0x00, 0x00,
    0x00, 0x28, 0xBD, 0xF5, 0xDB, 0x58, 0x00,
    0x0C, 0xE3, 0x8A, 0x21, 0x4A, 0xEA, 0x3E,
    0x5B, 0xD0, 0x00, 0x00, 0x00, 0x6D, 0xA9,
    0x79, 0xFB, 0xF4, 0xF4, 0xF4, 0xF7, 0xD0,
    0x5A, 0xD4, 0x20, 0x20, 0x20, 0x20, 0x1A,
    0x0C, 0xE0, 0x8E, 0x25, 0x2C, 0x8F, 0x23,
    0x00, 0x22, 0xB3, 0xF3, 0xEF, 0x95, 0x09,
    0x00, 0x00, 0x00, 0x00, 0x00, 0x00, 0x00,
    0x00, 0x00, 0x00, 0x00, 0x00, 0x00, 0x00,
    0x00, 0x00, 0x00, 0x00, 0x00, 0x00, 0x00,
    0x00, 0x00, 0x00, 0x00, 0x00, 0x00, 0x00,

    /* Unicode: U+0066 */
    0x00, 0x00, 0x00, 0x00, 0x00,
    0x00, 0x00, 0x00, 0x00, 0x00,
    0x00, 0x1D, 0xC8, 0xF4, 0x6F,
    0x00, 0x95, 0xA9, 0x20, 0x22,
    0x00, 0xB9, 0x65, 0x00, 0x00,
    0xD0, 0xFF, 0xFF, 0xFF, 0x3C,
    0x10, 0xC1, 0x73, 0x14, 0x04,
    0x00, 0xBC, 0x68, 0x00, 0x00,
    0x00, 0xBC, 0x68, 0x00, 0x00,
    0x00, 0xBC, 0x68, 0x00, 0x00,
    0x00, 0xBC, 0x68, 0x00, 0x00,
    0x00, 0xBC, 0x68, 0x00, 0x00,
    0x00, 0x00, 0x00, 0x00, 0x00,
    0x00, 0x00, 0x00, 0x00, 0x00,
    0x00, 0x00, 0x00, 0x00, 0x00,
    0x00, 0x00, 0x00, 0x00, 0x00,

    /* Unicode: U+0067 */
    0x00, 0x00, 0x00, 0x00, 0x00, 0x00, 0x00, 0x00,
    0x00, 0x00, 0x00, 0x00, 0x00, 0x00, 0x00, 0x00,
    0x00, 0x00, 0x00, 0x00, 0x00, 0x00, 0x00, 0x00,
    0x00, 0x00, 0x00, 0x00, 0x00, 0x00, 0x00, 0x00,
    0x00, 0x00, 0x00, 0x00, 0x00, 0x00, 0x00, 0x00,
    0x00, 0x27, 0xBC, 0xF6, 0xE0, 0x63, 0xEC, 0x2C,
    0x0C, 0xE3, 0x9D, 0x26, 0x38, 0xCC, 0xFD, 0x2C,
    0x5B, 0xDE, 0x03, 0x00, 0x00, 0x2A, 0xFF, 0x2C,
    0x79, 0xB4, 0x00, 0x00, 0x00, 0x00, 0xFB, 0x2C,
    0x5A, 0xDD, 0x04, 0x00, 0x00, 0x2A, 0xFF, 0x2C,
    0x0C, 0xE2, 0xA7, 0x23, 0x35, 0xD7, 0xFF, 0x2C,
    0x00, 0x26, 0xBC, 0xF6, 0xE2, 0x68, 0xFB, 0x23,
    0x00, 0x00, 0x00, 0x00, 0x00, 0x22, 0xFD, 0x06,
    0x05, 0xC1, 0x60, 0x24, 0x30, 0xBC, 0xA8, 0x00,
    0x02, 0x71, 0xCC, 0xF1, 0xE7, 0xA0, 0x12, 0x00,
    0x00, 0x00, 0x00, 0x00, 0x00, 0x00, 0x00, 0x00,

    /* Unicode: U+0068 */
    0x00, 0x00, 0x00, 0x00, 0x00, 0x00, 0x00,
    0x00, 0x00, 0x00, 0x00, 0x00, 0x00, 0x00,
    0xE8, 0x40, 0x00, 0x00, 0x00, 0x00, 0x00,
    0xE8, 0x40, 0x00, 0x00, 0x00, 0x00, 0x00,
    0xE8, 0x40, 0x00, 0x00, 0x00, 0x00, 0x00,
    0xE8, 0x76, 0xD2, 0xF6, 0xC5, 0x2A, 0x00,
    0xE8, 0xE3, 0x44, 0x21, 0xA3, 0xCE, 0x00,
    0xE8, 0x67, 0x00, 0x00, 0x1E, 0xFF, 0x0D,
    0xE8, 0x42, 0x00, 0x00, 0x08, 0xFF, 0x1F,
    0xE8, 0x40, 0x00, 0x00, 0x08, 0xFF, 0x20,
    0xE8, 0x40, 0x00, 0x00, 0x08, 0xFF, 0x20,
    0xE8, 0x40, 0x00, 0x00, 0x08, 0xFF, 0x20,
    0x00, 0x00, 0x00, 0x00, 0x00, 0x00, 0x00,
    0x00, 0x00, 0x00, 0x00, 0x00, 0x00, 0x00,
    0x00, 0x00, 0x00, 0x00, 0x00, 0x00, 0x00,
    0x00, 0x00, 0x00, 0x00, 0x00, 0x00, 0x00,

    /* Unicode: U+0069 */
    0x00, 0x00, 0x00,
    0x00, 0x00, 0x00,
    0x05, 0xE1, 0x45,
    0x00, 0x05, 0x00,
    0x00, 0x00, 0x00,
    0x00, 0xE8, 0x40,
    0x00, 0xE8, 0x40,
    0x00, 0xE8, 0x40,
    0x00, 0xE8, 0x40,
    0x00, 0xE8, 0x40,
    0x00, 0xE8, 0x40,
    0x00, 0xE8, 0x40,
    0x00, 0x00, 0x00,
    0x00, 0x00, 0x00,
    0x00, 0x00, 0x00,
    0x00, 0x00, 0x00,

    /* Unicode: U+006A */
    0x00, 0x00, 0x00, 0x00, 0x00,
    0x00, 0x00, 0x00, 0x00, 0x00,
    0x00, 0x00, 0x00, 0xD7, 0x53,
    0x00, 0x00, 0x00, 0x05, 0x00,
    0x00, 0x00, 0x00, 0x00, 0x00,
    0x00, 0x00, 0x00, 0xD8, 0x4C,
    0x00, 0x00, 0x00, 0xD8, 0x4C,
    0x00, 0x00, 0x00, 0xD8, 0x4C,
    0x00, 0x00, 0x00, 0xD8, 0x4C,
    0x00, 0x00, 0x00, 0xD8, 0x4C,
    0x00, 0x00, 0x00, 0xD8, 0x4C,
    0x00, 0x00, 0x00, 0xD8, 0x4C,
    0x00, 0x00, 0x00, 0xD9, 0x49,
    0x00, 0x2D, 0x2D, 0xF7, 0x25,
    0x04, 0xD7, 0xF2, 0x87, 0x00,
    0x00, 0x00, 0x00, 0x00, 0x00,

    /* Unicode: U+006B */
    0x00, 0x00, 0x00, 0x00, 0x00, 0x00, 0x00,
    0x00, 0x00, 0x00, 0x00, 0x00, 0x00, 0x00,
    0xE8, 0x40, 0x00, 0x00, 0x00, 0x00, 0x00,
    0xE8, 0x40, 0x00, 0x00, 0x00, 0x00, 0x00,
    0xE8, 0x40, 0x00, 0x00, 0x00, 0x00, 0x00,
    0xE8, 0x40, 0x00, 0x09, 0xBC, 0xA5, 0x01,
    0xE8, 0x40, 0x07, 0xB9, 0xB7, 0x05, 0x00,
    0xE8, 0x46, 0xB5, 0xC8, 0x0A, 0x00, 0x00,
    0xE8, 0xDC, 0xFD, 0xCD, 0x06, 0x00, 0x00,
    0xE8, 0xD2, 0x2D, 0xE3, 0x8E, 0x00, 0x00,
    0xE8, 0x42, 0x00, 0x39, 0xF9, 0x49, 0x00,
    0xE8, 0x40, 0x00, 0x00, 0x6E, 0xE9, 0x18,
    0x00, 0x00, 0x00, 0x00, 0x00, 0x00, 0x00,
    0x00, 0x00, 0x00, 0x00, 0x00, 0x00, 0x00,
    0x00, 0x00, 0x00, 0x00, 0x00, 0x00, 0x00,
    0x00, 0x00, 0x00, 0x00, 0x00, 0x00, 0x00,

    /* Unicode: U+006C */
    0x00, 0x00,
    0x00, 0x00,
    0xE8, 0x40,
    0xE8, 0x40,
    0xE8, 0x40,
    0xE8, 0x40,
    0xE8, 0x40,
    0xE8, 0x40,
    0xE8, 0x40,
    0xE8, 0x40,
    0xE8, 0x40,
    0xE8, 0x40,
    0x00, 0x00,
    0x00, 0x00,
    0x00, 0x00,
    0x00, 0x00,

    /* Unicode: U+006D */
    0x00, 0x00, 0x00, 0x00, 0x00, 0x00, 0x00, 0x00, 0x00, 0x00, 0x00,
    0x00, 0x00, 0x00, 0x00, 0x00, 0x00, 0x00, 0x00, 0x00, 0x00, 0x00,
    0x00, 0x00, 0x00, 0x00, 0x00, 0x00, 0x00, 0x00, 0x00, 0x00, 0x00,
    0x00, 0x00, 0x00, 0x00, 0x00, 0x00, 0x00, 0x00, 0x00, 0x00, 0x00,
    0x00, 0x00, 0x00, 0x00, 0x00, 0x00, 0x00, 0x00, 0x00, 0x00, 0x00,
    0xE8, 0x6D, 0xD7, 0xF8, 0xBC, 0x1E, 0x8F, 0xED, 0xEA, 0x8B, 0x01,
    0xE8, 0xE0, 0x3E, 0x27, 0xC3, 0xF0, 0xB3, 0x27, 0x41, 0xEE, 0x58,
    0xE8, 0x66, 0x00, 0x00, 0x4A, 0xFF, 0x1A, 0x00, 0x00, 0x96, 0x96,
    0xE8, 0x42, 0x00, 0x00, 0x34, 0xF6, 0x00, 0x00, 0x00, 0x80, 0xA7,
    0xE8, 0x40, 0x00, 0x00, 0x34, 0xF4, 0x00, 0x00, 0x00, 0x80, 0xA8,
    0xE8, 0x40, 0x00, 0x00, 0x34, 0xF4, 0x00, 0x00, 0x00, 0x80, 0xA8,
    0xE8, 0x40, 0x00, 0x00, 0x34, 0xF4, 0x00, 0x00, 0x00, 0x80, 0xA8,
    0x00, 0x00, 0x00, 0x00, 0x00, 0x00, 0x00, 0x00, 0x00, 0x00, 0x00,
    0x00, 0x00, 0x00, 0x00, 0x00, 0x00, 0x00, 0x00, 0x00, 0x00, 0x00,
    0x00, 0x00, 0x00, 0x00, 0x00, 0x00, 0x00, 0x00, 0x00, 0x00, 0x00,
    0x00, 0x00, 0x00, 0x00, 0x00, 0x00, 0x00, 0x00, 0x00, 0x00, 0x00,

    /* Unicode: U+006E */
    0x00, 0x00, 0x00, 0x00, 0x00, 0x00, 0x00,
    0x00, 0x00, 0x00, 0x00, 0x00, 0x00, 0x00,
    0x00, 0x00, 0x00, 0x00, 0x00, 0x00, 0x00,
    0x00, 0x00, 0x00, 0x00, 0x00, 0x00, 0x00,
    0x00, 0x00, 0x00, 0x00, 0x00, 0x00, 0x00,
    0xE8, 0x6B, 0xD3, 0xF6, 0xC5, 0x2A, 0x00,
    0xE8, 0xE2, 0x44, 0x21, 0xA3, 0xCE, 0x00,
    0xE8, 0x67, 0x00, 0x00, 0x1E, 0xFF, 0x0D,
    0xE8, 0x42, 0x00, 0x00, 0x08, 0xFF, 0x1F,
    0xE8, 0x40, 0x00, 0x00, 0x08, 0xFF, 0x20,
    0xE8, 0x40, 0x00, 0x00, 0x08, 0xFF, 0x20,
    0xE8, 0x40, 0x00, 0x00, 0x08, 0xFF, 0x20,
    0x00, 0x00, 0x00, 0x00, 0x00, 0x00, 0x00,
    0x00, 0x00, 0x00, 0x00, 0x00, 0x00, 0x00,
    0x00, 0x00, 0x00, 0x00, 0x00, 0x00, 0x00,
    0x00, 0x00, 0x00, 0x00, 0x00, 0x00, 0x00,

    /* Unicode: U+006F */
    0x00, 0x00, 0x00, 0x00, 0x00, 0x00, 0x00, 0x00,
    0x00, 0x00, 0x00, 0x00, 0x00, 0x00, 0x00, 0x00,
    0x00, 0x00, 0x00, 0x00, 0x00, 0x00, 0x00, 0x00,
    0x00, 0x00, 0x00, 0x00, 0x00, 0x00, 0x00, 0x00,
    0x00, 0x00, 0x00, 0x00, 0x00, 0x00, 0x00, 0x00,
    0x00, 0x22, 0xB5, 0xF4, 0xE6, 0x82, 0x04, 0x00,
    0x0B, 0xE0, 0x97, 0x21, 0x39, 0xD6, 0x89, 0x00,
    0x5A, 0xDC, 0x02, 0x00, 0x00, 0x3E, 0xF2, 0x03,
    0x79, 0xB2, 0x00, 0x00, 0x00, 0x13, 0xFF, 0x14,
    0x59, 0xDC, 0x03, 0x00, 0x00, 0x40, 0xF1, 0x03,
    0x0B, 0xDF, 0xA1, 0x21, 0x39, 0xE1, 0x87, 0x00,
    0x00, 0x21, 0xB5, 0xF4, 0xE6, 0x82, 0x03, 0x00,
    0x00, 0x00, 0x00, 0x00, 0x00, 0x00, 0x00, 0x00,
    0x00, 0x00, 0x00, 0x00, 0x00, 0x00, 0x00, 0x00,
    0x00, 0x00, 0x00, 0x00, 0x00, 0x00, 0x00, 0x00,
    0x00, 0x00, 0x00, 0x00, 0x00, 0x00, 0x00, 0x00,

    /* Unicode: U+0070 */
    0x00, 0x00, 0x00, 0x00, 0x00, 0x00, 0x00,
    0x00, 0x00, 0x00, 0x00, 0x00, 0x00, 0x00,
    0x00, 0x00, 0x00, 0x00, 0x00, 0x00, 0x00,
    0x00, 0x00, 0x00, 0x00, 0x00, 0x00, 0x00,
    0x00, 0x00, 0x00, 0x00, 0x00, 0x00, 0x00,
    0xE8, 0x6B, 0xD0, 0xF8, 0xCE, 0x44, 0x00,
    0xE8, 0xF1, 0x52, 0x1C, 0x73, 0xF7, 0x28,
    0xE8, 0x70, 0x00, 0x00, 0x00, 0xAF, 0x8B,
    0xE8, 0x42, 0x00, 0x00, 0x00, 0x83, 0xA9,
    0xE8, 0x6D, 0x00, 0x00, 0x00, 0xB0, 0x8A,
    0xE8, 0xF2, 0x4E, 0x1C, 0x7C, 0xF8, 0x28,
    0xE8, 0x6C, 0xCE, 0xF8, 0xCF, 0x44, 0x00,
    0xE8, 0x40, 0x00, 0x00, 0x00, 0x00, 0x00,
    0xE8, 0x40, 0x00, 0x00, 0x00, 0x00, 0x00,
    0xE8, 0x40, 0x00, 0x00, 0x00, 0x00, 0x00,
    0x00, 0x00, 0x00, 0x00, 0x00, 0x00, 0x00,

    /* Unicode: U+0071 */
    0x00, 0x00, 0x00, 0x00, 0x00, 0x00, 0x00, 0x00,
    0x00, 0x00, 0x00, 0x00, 0x00, 0x00, 0x00, 0x00,
    0x00, 0x00, 0x00, 0x00, 0x00, 0x00, 0x00, 0x00,
    0x00, 0x00, 0x00, 0x00, 0x00, 0x00, 0x00, 0x00,
    0x00, 0x00, 0x00, 0x00, 0x00, 0x00, 0x00, 0x00,
    0x00, 0x29, 0xBD, 0xF6, 0xDE, 0x59, 0xFF, 0x18,
    0x0E, 0xE5, 0x97, 0x21, 0x3B, 0xDE, 0xFF, 0x18,
    0x5C, 0xDC, 0x02, 0x00, 0x00, 0x40, 0xFF, 0x18,
    0x79, 0xB2, 0x00, 0x00, 0x00, 0x13, 0xFF, 0x18,
    0x5C, 0xDC, 0x03, 0x00, 0x00, 0x40, 0xFF, 0x18,
    0x0E, 0xE5, 0xA1, 0x21, 0x39, 0xDF, 0xFF, 0x18,
    0x00, 0x29, 0xBE, 0xF7, 0xDE, 0x59, 0xFF, 0x18,
    0x00, 0x00, 0x00, 0x00, 0x00, 0x10, 0xFF, 0x18,
    0x00, 0x00, 0x00, 0x00, 0x00, 0x10, 0xFF, 0x18,
    0x00, 0x00, 0x00, 0x00, 0x00, 0x10, 0xFF, 0x18,
    0x00, 0x00, 0x00, 0x00, 0x00, 0x00, 0x00, 0x00,

    /* Unicode: U+0072 */
    0x00, 0x00, 0x00, 0x00,
    0x00, 0x00, 0x00, 0x00,
    0x00, 0x00, 0x00, 0x00,
    0x00, 0x00, 0x00, 0x00,
    0x00, 0x00, 0x00, 0x00,
    0xE8, 0x76, 0xD6, 0x80,
    0xE8, 0xE2, 0x44, 0x0D,
    0xE8, 0x6A, 0x00, 0x00,
    0xE8, 0x43, 0x00, 0x00,
    0xE8, 0x40, 0x00, 0x00,
    0xE8, 0x40, 0x00, 0x00,
    0xE8, 0x40, 0x00, 0x00,
    0x00, 0x00, 0x00, 0x00,
    0x00, 0x00, 0x00, 0x00,
    0x00, 0x00, 0x00, 0x00,
    0x00, 0x00, 0x00, 0x00,

    /* Unicode: U+0073 */
    0x00, 0x00, 0x00, 0x00, 0x00, 0x00,
    0x00, 0x00, 0x00, 0x00, 0x00, 0x00,
    0x00, 0x00, 0x00, 0x00, 0x00, 0x00,
    0x00, 0x00, 0x00, 0x00, 0x00, 0x00,
    0x00, 0x00, 0x00, 0x00, 0x00, 0x00,
    0x03, 0x91, 0xEA, 0xF2, 0xC2, 0x2D,
    0x61, 0xD8, 0x2E, 0x23, 0x6F, 0x16,
    0x70, 0xD7, 0x26, 0x00, 0x00, 0x00,
    0x0D, 0x9D, 0xF3, 0xE8, 0x9C, 0x12,
    0x00, 0x00, 0x02, 0x2D, 0xC4, 0x90,
    0x51, 0x6A, 0x27, 0x23, 0xBB, 0x87,
    0x4D, 0xC5, 0xF0, 0xEE, 0xA6, 0x0E,
    0x00, 0x00, 0x00, 0x00, 0x00, 0x00,
    0x00, 0x00, 0x00, 0x00, 0x00, 0x00,
    0x00, 0x00, 0x00, 0x00, 0x00, 0x00,
    0x00, 0x00, 0x00, 0x00, 0x00, 0x00,

    /* Unicode: U+0074 */
    0x00, 0x00, 0x00, 0x00, 0x00,
    0x00, 0x00, 0x00, 0x00, 0x00,
    0x00, 0x00, 0x00, 0x00, 0x00,
    0x00, 0x5E, 0x34, 0x00, 0x00,
    0x00, 0xBC, 0x68, 0x00, 0x00,
    0xD0, 0xFF, 0xFF, 0xFF, 0x3C,
    0x10, 0xC1, 0x73, 0x14, 0x04,
    0x00, 0xBC, 0x68, 0x00, 0x00,
    0x00, 0xBC, 0x68, 0x00, 0x00,
    0x00, 0xBB, 0x68, 0x00, 0x00,
    0x00, 0xA1, 0xA3, 0x17, 0x1C,
    0x00, 0x2C, 0xD5, 0xF3, 0x6C,
    0x00, 0x00, 0x00, 0x00, 0x00,
    0x00, 0x00, 0x00, 0x00, 0x00,
    0x00, 0x00, 0x00, 0x00, 0x00,
    0x00, 0x00, 0x00, 0x00, 0x00,

    /* Unicode: U+0075 */
    0x00, 0x00, 0x00, 0x00, 0x00, 0x00, 0x00,
    0x00, 0x00, 0x00, 0x00, 0x00, 0x00, 0x00,
    0x00, 0x00, 0x00, 0x00, 0x00, 0x00, 0x00,
    0x00, 0x00, 0x00, 0x00, 0x00, 0x00, 0x00,
    0x00, 0x00, 0x00, 0x00, 0x00, 0x00, 0x00,
    0xF8, 0x30, 0x00, 0x00, 0x20, 0xFF, 0x04,
    0xF8, 0x30, 0x00, 0x00, 0x20, 0xFF, 0x04,
    0xF8, 0x30, 0x00, 0x00, 0x20, 0xFF, 0x04,
    0xF8, 0x30, 0x00, 0x00, 0x22, 0xFF, 0x04,
    0xE6, 0x46, 0x00, 0x00, 0x47, 0xFF, 0x04,
    0xA4, 0xC1, 0x28, 0x34, 0xCF, 0xFF, 0x04,
    0x16, 0xB0, 0xF2, 0xE0, 0x60, 0xFF, 0x04,
    0x00, 0x00, 0x00, 0x00, 0x00, 0x00, 0x00,
    0x00, 0x00, 0x00, 0x00, 0x00, 0x00, 0x00,
    0x00, 0x00, 0x00, 0x00, 0x00, 0x00, 0x00,
    0x00, 0x00, 0x00, 0x00, 0x00, 0x00, 0x00,

    /* Unicode: U+0076 */
    0x00, 0x00, 0x00, 0x00, 0x00, 0x00, 0x00, 0x00,
    0x00, 0x00, 0x00, 0x00, 0x00, 0x00, 0x00, 0x00,
    0x00, 0x00, 0x00, 0x00, 0x00, 0x00, 0x00, 0x00,
    0x00, 0x00, 0x00, 0x00, 0x00, 0x00, 0x00, 0x00,
    0x00, 0x00, 0x00, 0x00, 0x00, 0x00, 0x00, 0x00,
    0x00, 0xD4, 0x5D, 0x00, 0x00, 0x00, 0x9B, 0x84,
    0x00, 0x6F, 0xC1, 0x00, 0x00, 0x0D, 0xF1, 0x21,
    0x00, 0x11, 0xF6, 0x25, 0x00, 0x67, 0xB9, 0x00,
    0x00, 0x00, 0xA2, 0x88, 0x00, 0xCC, 0x53, 0x00,
    0x00, 0x00, 0x3C, 0xE7, 0x36, 0xE8, 0x05, 0x00,
    0x00, 0x00, 0x00, 0xD5, 0xD8, 0x88, 0x00, 0x00,
    0x00, 0x00, 0x00, 0x6F, 0xFE, 0x23, 0x00, 0x00,
    0x00, 0x00, 0x00, 0x00, 0x00, 0x00, 0x00, 0x00,
    0x00, 0x00, 0x00, 0x00, 0x00, 0x00, 0x00, 0x00,
    0x00, 0x00, 0x00, 0x00, 0x00, 0x00, 0x00, 0x00,
    0x00, 0x00, 0x00, 0x00, 0x00, 0x00, 0x00, 0x00,

    /* Unicode: U+0077 */
    0x00, 0x00, 0x00, 0x00, 0x00, 0x00, 0x00, 0x00, 0x00, 0x00, 0x00,
    0x00, 0x00, 0x00, 0x00, 0x00, 0x00, 0x00, 0x00, 0x00, 0x00, 0x00,
    0x00, 0x00, 0x00, 0x00, 0x00, 0x00, 0x00, 0x00, 0x00, 0x00, 0x00,
    0x00, 0x00, 0x00, 0x00, 0x00, 0x00, 0x00, 0x00, 0x00, 0x00, 0x00,
    0x00, 0x00, 0x00, 0x00, 0x00, 0x00, 0x00, 0x00, 0x00, 0x00, 0x00,
    0xC1, 0x52, 0x00, 0x00, 0x3C, 0xFC, 0x15, 0x00, 0x00, 0x7C, 0x8C,
    0x6B, 0xA7, 0x00, 0x00, 0x94, 0xFA, 0x67, 0x00, 0x00, 0xD2, 0x35,
    0x17, 0xF0, 0x08, 0x03, 0xE8, 0x79, 0xBC, 0x00, 0x29, 0xDE, 0x00,
    0x00, 0xBE, 0x51, 0x44, 0xC8, 0x09, 0xEF, 0x15, 0x80, 0x87, 0x00,
    0x00, 0x68, 0xA6, 0x9C, 0x6E, 0x00, 0xA3, 0x67, 0xD6, 0x30, 0x00,
    0x00, 0x15, 0xEF, 0xEA, 0x17, 0x00, 0x4A, 0xDE, 0xD9, 0x00, 0x00,
    0x00, 0x00, 0xBB, 0xB9, 0x00, 0x00, 0x04, 0xEB, 0x83, 0x00, 0x00,
    0x00, 0x00, 0x00, 0x00, 0x00, 0x00, 0x00, 0x00, 0x00, 0x00, 0x00,
    0x00, 0x00, 0x00, 0x00, 0x00, 0x00, 0x00, 0x00, 0x00, 0x00, 0x00,
    0x00, 0x00, 0x00, 0x00, 0x00, 0x00, 0x00, 0x00, 0x00, 0x00, 0x00,
    0x00, 0x00, 0x00, 0x00, 0x00, 0x00, 0x00, 0x00, 0x00, 0x00, 0x00,

    /* Unicode: U+0078 */
    0x00, 0x00, 0x00, 0x00, 0x00, 0x00, 0x00,
    0x00, 0x00, 0x00, 0x00, 0x00, 0x00, 0x00,
    0x00, 0x00, 0x00, 0x00, 0x00, 0x00, 0x00,
    0x00, 0x00, 0x00, 0x00, 0x00, 0x00, 0x00,
    0x00, 0x00, 0x00, 0x00, 0x00, 0x00, 0x00,
    0x60, 0xDD, 0x0C, 0x00, 0x47, 0xE6, 0x13,
    0x00, 0xAF, 0x98, 0x0F, 0xE2, 0x4A, 0x00,
    0x00, 0x15, 0xE8, 0xC7, 0x97, 0x00, 0x00,
    0x00, 0x00, 0x81, 0xFD, 0x1B, 0x00, 0x00,
    0x00, 0x1E, 0xEC, 0xB7, 0xA8, 0x00, 0x00,
    0x02, 0xC1, 0x80, 0x0A, 0xDA, 0x60, 0x00,
    0x79, 0xC9, 0x04, 0x00, 0x38, 0xEF, 0x24,
    0x00, 0x00, 0x00, 0x00, 0x00, 0x00, 0x00,
    0x00, 0x00, 0x00, 0x00, 0x00, 0x00, 0x00,
    0x00, 0x00, 0x00, 0x00, 0x00, 0x00, 0x00,
    0x00, 0x00, 0x00, 0x00, 0x00, 0x00, 0x00,

    /* Unicode: U+0079 */
    0x00, 0x00, 0x00, 0x00, 0x00, 0x00, 0x00, 0x00,
    0x00, 0x00, 0x00, 0x00, 0x00, 0x00, 0x00, 0x00,
    0x00, 0x00, 0x00, 0x00, 0x00, 0x00, 0x00, 0x00,
    0x00, 0x00, 0x00, 0x00, 0x00, 0x00, 0x00, 0x00,
    0x00, 0x00, 0x00, 0x00, 0x00, 0x00, 0x00, 0x00,
    0x00, 0xD6, 0x5B, 0x00, 0x00, 0x00, 0x98, 0x86,
    0x00, 0x75, 0xBC, 0x00, 0x00, 0x08, 0xEE, 0x24,
    0x00, 0x17, 0xF9, 0x1E, 0x00, 0x58, 0xC0, 0x00,
    0x00, 0x00, 0xB0, 0x7D, 0x00, 0xB7, 0x5E, 0x00,
    0x00, 0x00, 0x4D, 0xDC, 0x1B, 0xEE, 0x0A, 0x00,
    0x00, 0x00, 0x03, 0xE6, 0xB3, 0x98, 0x00, 0x00,
    0x00, 0x00, 0x00, 0x88, 0xFF, 0x36, 0x00, 0x00,
    0x00, 0x00, 0x00, 0x55, 0xD3, 0x00, 0x00, 0x00,
    0x01, 0x55, 0x25, 0xC9, 0x66, 0x00, 0x00, 0x00,
    0x16, 0xCC, 0xF5, 0x9E, 0x03, 0x00, 0x00, 0x00,
    0x00, 0x00, 0x00, 0x00, 0x00, 0x00, 0x00, 0x00,

    /* Unicode: U+007A */
    0x00, 0x00, 0x00, 0x00, 0x00, 0x00,
    0x00, 0x00, 0x00, 0x00, 0x00, 0x00,
    0x00, 0x00, 0x00, 0x00, 0x00, 0x00,
    0x00, 0x00, 0x00, 0x00, 0x00, 0x00,
    0x00, 0x00, 0x00, 0x00, 0x00, 0x00,
    0x74, 0xFF, 0xFF, 0xFF, 0xFF, 0xB6,
    0x09, 0x14, 0x14, 0x36, 0xF3, 0x41,
    0x00, 0x00, 0x06, 0xCB, 0x7F, 0x00,
    0x00, 0x00, 0x8E, 0xBE, 0x02, 0x00,
    0x00, 0x4C, 0xE8, 0x19, 0x00, 0x00,
    0x1B, 0xEB, 0x5A, 0x14, 0x14, 0x10,
    0x81, 0xFF, 0xFF, 0xFF, 0xFF, 0xD0,
    0x00, 0x00, 0x00, 0x00, 0x00, 0x00,
    0x00, 0x00, 0x00, 0x00, 0x00, 0x00,
    0x00, 0x00, 0x00, 0x00, 0x00, 0x00,
    0x00, 0x00, 0x00, 0x00, 0x00, 0x00,

    /* Unicode: U+007B */
    0x00, 0x00, 0x00, 0x00,
    0x00, 0x00, 0x00, 0x00,
    0x00, 0x05, 0xB7, 0xF7,
    0x00, 0x47, 0xED, 0x25,
    0x00, 0x5B, 0xCC, 0x00,
    0x00, 0x5C, 0xCC, 0x00,
    0x00, 0x5C, 0xCC, 0x00,
    0x00, 0x6E, 0xC6, 0x00,
    0x4C, 0xFE, 0x6F, 0x00,
    0x0A, 0x87, 0xBF, 0x00,
    0x00, 0x5C, 0xCC, 0x00,
    0x00, 0x5C, 0xCC, 0x00,
    0x00, 0x5B, 0xCC, 0x00,
    0x00, 0x49, 0xEC, 0x24,
    0x00, 0x06, 0xB9, 0xF7,
    0x00, 0x00, 0x00, 0x00,

    /* Unicode: U+007C */
    0x00, 0x00,
    0x00, 0x00,
    0xBC, 0x54,
    0xBC, 0x54,
    0xBC, 0x54,
    0xBC, 0x54,
    0xBC, 0x54,
    0xBC, 0x54,
    0xBC, 0x54,
    0xBC, 0x54,
    0xBC, 0x54,
    0xBC, 0x54,
    0xBC, 0x54,
    0xBC, 0x54,
    0xBC, 0x54,
    0x00, 0x00,

    /* Unicode: U+007D */
    0x00, 0x00, 0x00, 0x00,
    0x00, 0x00, 0x00, 0x00,
    0xC2, 0xD1, 0x1D, 0x00,
    0x15, 0xC6, 0x7E, 0x00,
    0x00, 0x94, 0x93, 0x00,
    0x00, 0x94, 0x94, 0x00,
    0x00, 0x94, 0x94, 0x00,
    0x00, 0x8E, 0xA6, 0x00,
    0x00, 0x3A, 0xFE, 0x7E,
    0x00, 0x88, 0xB8, 0x11,
    0x00, 0x94, 0x94, 0x00,
    0x00, 0x94, 0x94, 0x00,
    0x00, 0x94, 0x93, 0x00,
    0x14, 0xC5, 0x80, 0x00,
    0xC2, 0xD3, 0x1F, 0x00,
    0x00, 0x00, 0x00, 0x00,

    /* Unicode: U+007E */
    0x00, 0x00, 0x00, 0x00, 0x00, 0x00, 0x00,
    0x00, 0x00, 0x00, 0x00, 0x00, 0x00, 0x00,
    0x00, 0x00, 0x00, 0x00, 0x00, 0x00, 0x00,
    0x00, 0x00, 0x00, 0x00, 0x00, 0x00, 0x00,
    0x00, 0x00, 0x00, 0x00, 0x00, 0x00, 0x00,
    0x00, 0x00, 0x00, 0x00, 0x00, 0x00, 0x00,
    0x01, 0xA8, 0xE3, 0x82, 0x09, 0x9F, 0x34,
    0x34, 0xB3, 0x22, 0xAC, 0xFD, 0xCE, 0x04,
    0x09, 0x0F, 0x00, 0x00, 0x10, 0x02, 0x00,
    0x00, 0x00, 0x00, 0x00, 0x00, 0x00, 0x00,
    0x00, 0x00, 0x00, 0x00, 0x00, 0x00, 0x00,
    0x00, 0x00, 0x00, 0x00, 0x00, 0x00, 0x00,
    0x00, 0x00, 0x00, 0x00, 0x00, 0x00, 0x00,
    0x00, 0x00, 0x00, 0x00, 0x00, 0x00, 0x00,
    0x00, 0x00, 0x00, 0x00, 0x00, 0x00, 0x00,
    0x00, 0x00, 0x00, 0x00, 0x00, 0x00, 0x00,

    /* Unicode: U+007F */
    0x00, 0x00, 0x00, 0x00, 0x00, 0x00, 0x00,
    0x00, 0x00, 0x00, 0x00, 0x00, 0x00, 0x00,
    0x00, 0x00, 0x00, 0x00, 0x00, 0x00, 0x00,
    0x79, 0xE0, 0xD8, 0xD8, 0xD8, 0xDF, 0x84,
    0x84, 0x70, 0x00, 0x00, 0x00, 0x64, 0x90,
    0x84, 0x70, 0x00, 0x00, 0x00, 0x64, 0x90,
    0x84, 0x70, 0x00, 0x00, 0x00, 0x64, 0x90,
    0x84, 0x70, 0x00, 0x00, 0x00, 0x64, 0x90,
    0x84, 0x70, 0x00, 0x00, 0x00, 0x64, 0x90,
    0x84, 0x70, 0x00, 0x00, 0x00, 0x64, 0x90,
    0x84, 0x70, 0x00, 0x00, 0x00, 0x64, 0x90,
    0x79, 0xE0, 0xD8, 0xD8, 0xD8, 0xDF, 0x84,
    0x00, 0x00, 0x00, 0x00, 0x00, 0x00, 0x00,
    0x00, 0x00, 0x00, 0x00, 0x00, 0x00, 0x00,
    0x00, 0x00, 0x00, 0x00, 0x00, 0x00, 0x00,
    0x00, 0x00, 0x00, 0x00, 0x00, 0x00, 0x00,

    /* Unicode: U+0080 */
    0x00, 0x00, 0x00, 0x00, 0x00, 0x00, 0x00,
    0x00, 0x00, 0x00, 0x00, 0x00, 0x00, 0x00,
    0x00, 0x00, 0x00, 0x00, 0x00, 0x00, 0x00,
    0x79, 0xE0, 0xD8, 0xD8, 0xD8, 0xDF, 0x84,
    0x84, 0x70, 0x00, 0x00, 0x00, 0x64, 0x90,
    0x84, 0x70, 0x00, 0x00, 0x00, 0x64, 0x90,
    0x84, 0x70, 0x00, 0x00, 0x00, 0x64, 0x90,
    0x84, 0x70, 0x00, 0x00, 0x00, 0x64, 0x90,
    0x84, 0x70, 0x00, 0x00, 0x00, 0x64, 0x90,
    0x84, 0x70, 0x00, 0x00, 0x00, 0x64, 0x90,
    0x84, 0x70, 0x00, 0x00, 0x00, 0x64, 0x90,
    0x79, 0xE0, 0xD8, 0xD8, 0xD8, 0xDF, 0x84,
    0x00, 0x00, 0x00, 0x00, 0x00, 0x00, 0x00,
    0x00, 0x00, 0x00, 0x00, 0x00, 0x00, 0x00,
    0x00, 0x00, 0x00, 0x00, 0x00, 0x00, 0x00,
    0x00, 0x00, 0x00, 0x00, 0x00, 0x00, 0x00,

    /* Unicode: U+0081 */
    0x00, 0x00, 0x00, 0x00, 0x00, 0x00, 0x00,
    0x00, 0x00, 0x00, 0x00, 0x00, 0x00, 0x00,
    0x00, 0x00, 0x00, 0x00, 0x00, 0x00, 0x00,
    0x79, 0xE0, 0xD8, 0xD8, 0xD8, 0xDF, 0x84,
    0x84, 0x70, 0x00, 0x00, 0x00, 0x64, 0x90,
    0x84, 0x70, 0x00, 0x00, 0x00, 0x64, 0x90,
    0x84, 0x70, 0x00, 0x00, 0x00, 0x64, 0x90,
    0x84, 0x70, 0x00, 0x00, 0x00, 0x64, 0x90,
    0x84, 0x70, 0x00, 0x00, 0x00, 0x64, 0x90,
    0x84, 0x70, 0x00, 0x00, 0x00, 0x64, 0x90,
    0x84, 0x70, 0x00, 0x00, 0x00, 0x64, 0x90,
    0x79, 0xE0, 0xD8, 0xD8, 0xD8, 0xDF, 0x84,
    0x00, 0x00, 0x00, 0x00, 0x00, 0x00, 0x00,
    0x00, 0x00, 0x00, 0x00, 0x00, 0x00, 0x00,
    0x00, 0x00, 0x00, 0x00, 0x00, 0x00, 0x00,
    0x00, 0x00, 0x00, 0x00, 0x00, 0x00, 0x00,

    /* Unicode: U+0082 */
    0x00, 0x00, 0x00, 0x00, 0x00, 0x00, 0x00,
    0x00, 0x00, 0x00, 0x00, 0x00, 0x00, 0x00,
    0x00, 0x00, 0x00, 0x00, 0x00, 0x00, 0x00,
    0x79, 0xE0, 0xD8, 0xD8, 0xD8, 0xDF, 0x84,
    0x84, 0x70, 0x00, 0x00, 0x00, 0x64, 0x90,
    0x84, 0x70, 0x00, 0x00, 0x00, 0x64, 0x90,
    0x84, 0x70, 0x00, 0x00, 0x00, 0x64, 0x90,
    0x84, 0x70, 0x00, 0x00, 0x00, 0x64, 0x90,
    0x84, 0x70, 0x00, 0x00, 0x00, 0x64, 0x90,
    0x84, 0x70, 0x00, 0x00, 0x00, 0x64, 0x90,
    0x84, 0x70, 0x00, 0x00, 0x00, 0x64, 0x90,
    0x79, 0xE0, 0xD8, 0xD8, 0xD8, 0xDF, 0x84,
    0x00, 0x00, 0x00, 0x00, 0x00, 0x00, 0x00,
    0x00, 0x00, 0x00, 0x00, 0x00, 0x00, 0x00,
    0x00, 0x00, 0x00, 0x00, 0x00, 0x00, 0x00,
    0x00, 0x00, 0x00, 0x00, 0x00, 0x00, 0x00,

    /* Unicode: U+0083 */
    0x00, 0x00, 0x00, 0x00, 0x00, 0x00, 0x00,
    0x00, 0x00, 0x00, 0x00, 0x00, 0x00, 0x00,
    0x00, 0x00, 0x00, 0x00, 0x00, 0x00, 0x00,
    0x79, 0xE0, 0xD8, 0xD8, 0xD8, 0xDF, 0x84,
    0x84, 0x70, 0x00, 0x00, 0x00, 0x64, 0x90,
    0x84, 0x70, 0x00, 0x00, 0x00, 0x64, 0x90,
    0x84, 0x70, 0x00, 0x00, 0x00, 0x64, 0x90,
    0x84, 0x70, 0x00, 0x00, 0x00, 0x64, 0x90,
    0x84, 0x70, 0x00, 0x00, 0x00, 0x64, 0x90,
    0x84, 0x70, 0x00, 0x00, 0x00, 0x64, 0x90,
    0x84, 0x70, 0x00, 0x00, 0x00, 0x64, 0x90,
    0x79, 0xE0, 0xD8, 0xD8, 0xD8, 0xDF, 0x84,
    0x00, 0x00, 0x00, 0x00, 0x00, 0x00, 0x00,
    0x00, 0x00, 0x00, 0x00, 0x00, 0x00, 0x00,
    0x00, 0x00, 0x00, 0x00, 0x00, 0x00, 0x00,
    0x00, 0x00, 0x00, 0x00, 0x00, 0x00, 0x00,

    /* Unicode: U+0084 */
    0x00, 0x00, 0x00, 0x00, 0x00, 0x00, 0x00,
    0x00, 0x00, 0x00, 0x00, 0x00, 0x00, 0x00,
    0x00, 0x00, 0x00, 0x00, 0x00, 0x00, 0x00,
    0x79, 0xE0, 0xD8, 0xD8, 0xD8, 0xDF, 0x84,
    0x84, 0x70, 0x00, 0x00, 0x00, 0x64, 0x90,
    0x84, 0x70, 0x00, 0x00, 0x00, 0x64, 0x90,
    0x84, 0x70, 0x00, 0x00, 0x00, 0x64, 0x90,
    0x84, 0x70, 0x00, 0x00, 0x00, 0x64, 0x90,
    0x84, 0x70, 0x00, 0x00, 0x00, 0x64, 0x90,
    0x84, 0x70, 0x00, 0x00, 0x00, 0x64, 0x90,
    0x84, 0x70, 0x00, 0x00, 0x00, 0x64, 0x90,
    0x79, 0xE0, 0xD8, 0xD8, 0xD8, 0xDF, 0x84,
    0x00, 0x00, 0x00, 0x00, 0x00, 0x00, 0x00,
    0x00, 0x00, 0x00, 0x00, 0x00, 0x00, 0x00,
    0x00, 0x00, 0x00, 0x00, 0x00, 0x00, 0x00,
    0x00, 0x00, 0x00, 0x00, 0x00, 0x00, 0x00,

    /* Unicode: U+0085 */
    0x00, 0x00, 0x00, 0x00, 0x00, 0x00, 0x00,
    0x00, 0x00, 0x00, 0x00, 0x00, 0x00, 0x00,
    0x00, 0x00, 0x00, 0x00, 0x00, 0x00, 0x00,
    0x79, 0xE0, 0xD8, 0xD8, 0xD8, 0xDF, 0x84,
    0x84, 0x70, 0x00, 0x00, 0x00, 0x64, 0x90,
    0x84, 0x70, 0x00, 0x00, 0x00, 0x64, 0x90,
    0x84, 0x70, 0x00, 0x00, 0x00, 0x64, 0x90,
    0x84, 0x70, 0x00, 0x00, 0x00, 0x64, 0x90,
    0x84, 0x70, 0x00, 0x00, 0x00, 0x64, 0x90,
    0x84, 0x70, 0x00, 0x00, 0x00, 0x64, 0x90,
    0x84, 0x70, 0x00, 0x00, 0x00, 0x64, 0x90,
    0x79, 0xE0, 0xD8, 0xD8, 0xD8, 0xDF, 0x84,
    0x00, 0x00, 0x00, 0x00, 0x00, 0x00, 0x00,
    0x00, 0x00, 0x00, 0x00, 0x00, 0x00, 0x00,
    0x00, 0x00, 0x00, 0x00, 0x00, 0x00, 0x00,
    0x00, 0x00, 0x00, 0x00, 0x00, 0x00, 0x00,

    /* Unicode: U+0086 */
    0x00, 0x00, 0x00, 0x00, 0x00, 0x00, 0x00,
    0x00, 0x00, 0x00, 0x00, 0x00, 0x00, 0x00,
    0x00, 0x00, 0x00, 0x00, 0x00, 0x00, 0x00,
    0x79, 0xE0, 0xD8, 0xD8, 0xD8, 0xDF, 0x84,
    0x84, 0x70, 0x00, 0x00, 0x00, 0x64, 0x90,
    0x84, 0x70, 0x00, 0x00, 0x00, 0x64, 0x90,
    0x84, 0x70, 0x00, 0x00, 0x00, 0x64, 0x90,
    0x84, 0x70, 0x00, 0x00, 0x00, 0x64, 0x90,
    0x84, 0x70, 0x00, 0x00, 0x00, 0x64, 0x90,
    0x84, 0x70, 0x00, 0x00, 0x00, 0x64, 0x90,
    0x84, 0x70, 0x00, 0x00, 0x00, 0x64, 0x90,
    0x79, 0xE0, 0xD8, 0xD8, 0xD8, 0xDF, 0x84,
    0x00, 0x00, 0x00, 0x00, 0x00, 0x00, 0x00,
    0x00, 0x00, 0x00, 0x00, 0x00, 0x00, 0x00,
    0x00, 0x00, 0x00, 0x00, 0x00, 0x00, 0x00,
    0x00, 0x00, 0x00, 0x00, 0x00, 0x00, 0x00,

    /* Unicode: U+0087 */
    0x00, 0x00, 0x00, 0x00, 0x00, 0x00, 0x00,
    0x00, 0x00, 0x00, 0x00, 0x00, 0x00, 0x00,
    0x00, 0x00, 0x00, 0x00, 0x00, 0x00, 0x00,
    0x79, 0xE0, 0xD8, 0xD8, 0xD8, 0xDF, 0x84,
    0x84, 0x70, 0x00, 0x00, 0x00, 0x64, 0x90,
    0x84, 0x70, 0x00, 0x00, 0x00, 0x64, 0x90,
    0x84, 0x70, 0x00, 0x00, 0x00, 0x64, 0x90,
    0x84, 0x70, 0x00, 0x00, 0x00, 0x64, 0x90,
    0x84, 0x70, 0x00, 0x00, 0x00, 0x64, 0x90,
    0x84, 0x70, 0x00, 0x00, 0x00, 0x64, 0x90,
    0x84, 0x70, 0x00, 0x00, 0x00, 0x64, 0x90,
    0x79, 0xE0, 0xD8, 0xD8, 0xD8, 0xDF, 0x84,
    0x00, 0x00, 0x00, 0x00, 0x00, 0x00, 0x00,
    0x00, 0x00, 0x00, 0x00, 0x00, 0x00, 0x00,
    0x00, 0x00, 0x00, 0x00, 0x00, 0x00, 0x00,
    0x00, 0x00, 0x00, 0x00, 0x00, 0x00, 0x00,

    /* Unicode: U+0088 */
    0x00, 0x00, 0x00, 0x00, 0x00, 0x00, 0x00,
    0x00, 0x00, 0x00, 0x00, 0x00, 0x00, 0x00,
    0x00, 0x00, 0x00, 0x00, 0x00, 0x00, 0x00,
    0x79, 0xE0, 0xD8, 0xD8, 0xD8, 0xDF, 0x84,
    0x84, 0x70, 0x00, 0x00, 0x00, 0x64, 0x90,
    0x84, 0x70, 0x00, 0x00, 0x00, 0x64, 0x90,
    0x84, 0x70, 0x00, 0x00, 0x00, 0x64, 0x90,
    0x84, 0x70, 0x00, 0x00, 0x00, 0x64, 0x90,
    0x84, 0x70, 0x00, 0x00, 0x00, 0x64, 0x90,
    0x84, 0x70, 0x00, 0x00, 0x00, 0x64, 0x90,
    0x84, 0x70, 0x00, 0x00, 0x00, 0x64, 0x90,
    0x79, 0xE0, 0xD8, 0xD8, 0xD8, 0xDF, 0x84,
    0x00, 0x00, 0x00, 0x00, 0x00, 0x00, 0x00,
    0x00, 0x00, 0x00, 0x00, 0x00, 0x00, 0x00,
    0x00, 0x00, 0x00, 0x00, 0x00, 0x00, 0x00,
    0x00, 0x00, 0x00, 0x00, 0x00, 0x00, 0x00,

    /* Unicode: U+0089 */
    0x00, 0x00, 0x00, 0x00, 0x00, 0x00, 0x00,
    0x00, 0x00, 0x00, 0x00, 0x00, 0x00, 0x00,
    0x00, 0x00, 0x00, 0x00, 0x00, 0x00, 0x00,
    0x79, 0xE0, 0xD8, 0xD8, 0xD8, 0xDF, 0x84,
    0x84, 0x70, 0x00, 0x00, 0x00, 0x64, 0x90,
    0x84, 0x70, 0x00, 0x00, 0x00, 0x64, 0x90,
    0x84, 0x70, 0x00, 0x00, 0x00, 0x64, 0x90,
    0x84, 0x70, 0x00, 0x00, 0x00, 0x64, 0x90,
    0x84, 0x70, 0x00, 0x00, 0x00, 0x64, 0x90,
    0x84, 0x70, 0x00, 0x00, 0x00, 0x64, 0x90,
    0x84, 0x70, 0x00, 0x00, 0x00, 0x64, 0x90,
    0x79, 0xE0, 0xD8, 0xD8, 0xD8, 0xDF, 0x84,
    0x00, 0x00, 0x00, 0x00, 0x00, 0x00, 0x00,
    0x00, 0x00, 0x00, 0x00, 0x00, 0x00, 0x00,
    0x00, 0x00, 0x00, 0x00, 0x00, 0x00, 0x00,
    0x00, 0x00, 0x00, 0x00, 0x00, 0x00, 0x00,

    /* Unicode: U+008A */
    0x00, 0x00, 0x00, 0x00, 0x00, 0x00, 0x00,
    0x00, 0x00, 0x00, 0x00, 0x00, 0x00, 0x00,
    0x00, 0x00, 0x00, 0x00, 0x00, 0x00, 0x00,
    0x79, 0xE0, 0xD8, 0xD8, 0xD8, 0xDF, 0x84,
    0x84, 0x70, 0x00, 0x00, 0x00, 0x64, 0x90,
    0x84, 0x70, 0x00, 0x00, 0x00, 0x64, 0x90,
    0x84, 0x70, 0x00, 0x00, 0x00, 0x64, 0x90,
    0x84, 0x70, 0x00, 0x00, 0x00, 0x64, 0x90,
    0x84, 0x70, 0x00, 0x00, 0x00, 0x64, 0x90,
    0x84, 0x70, 0x00, 0x00, 0x00, 0x64, 0x90,
    0x84, 0x70, 0x00, 0x00, 0x00, 0x64, 0x90,
    0x79, 0xE0, 0xD8, 0xD8, 0xD8, 0xDF, 0x84,
    0x00, 0x00, 0x00, 0x00, 0x00, 0x00, 0x00,
    0x00, 0x00, 0x00, 0x00, 0x00, 0x00, 0x00,
    0x00, 0x00, 0x00, 0x00, 0x00, 0x00, 0x00,
    0x00, 0x00, 0x00, 0x00, 0x00, 0x00, 0x00,

    /* Unicode: U+008B */
    0x00, 0x00, 0x00, 0x00, 0x00, 0x00, 0x00,
    0x00, 0x00, 0x00, 0x00, 0x00, 0x00, 0x00,
    0x00, 0x00, 0x00, 0x00, 0x00, 0x00, 0x00,
    0x79, 0xE0, 0xD8, 0xD8, 0xD8, 0xDF, 0x84,
    0x84, 0x70, 0x00, 0x00, 0x00, 0x64, 0x90,
    0x84, 0x70, 0x00, 0x00, 0x00, 0x64, 0x90,
    0x84, 0x70, 0x00, 0x00, 0x00, 0x64, 0x90,
    0x84, 0x70, 0x00, 0x00, 0x00, 0x64, 0x90,
    0x84, 0x70, 0x00, 0x00, 0x00, 0x64, 0x90,
    0x84, 0x70, 0x00, 0x00, 0x00, 0x64, 0x90,
    0x84, 0x70, 0x00, 0x00, 0x00, 0x64, 0x90,
    0x79, 0xE0, 0xD8, 0xD8, 0xD8, 0xDF, 0x84,
    0x00, 0x00, 0x00, 0x00, 0x00, 0x00, 0x00,
    0x00, 0x00, 0x00, 0x00, 0x00, 0x00, 0x00,
    0x00, 0x00, 0x00, 0x00, 0x00, 0x00, 0x00,
    0x00, 0x00, 0x00, 0x00, 0x00, 0x00, 0x00,

    /* Unicode: U+008C */
    0x00, 0x00, 0x00, 0x00, 0x00, 0x00, 0x00,
    0x00, 0x00, 0x00, 0x00, 0x00, 0x00, 0x00,
    0x00, 0x00, 0x00, 0x00, 0x00, 0x00, 0x00,
    0x79, 0xE0, 0xD8, 0xD8, 0xD8, 0xDF, 0x84,
    0x84, 0x70, 0x00, 0x00, 0x00, 0x64, 0x90,
    0x84, 0x70, 0x00, 0x00, 0x00, 0x64, 0x90,
    0x84, 0x70, 0x00, 0x00, 0x00, 0x64, 0x90,
    0x84, 0x70, 0x00, 0x00, 0x00, 0x64, 0x90,
    0x84, 0x70, 0x00, 0x00, 0x00, 0x64, 0x90,
    0x84, 0x70, 0x00, 0x00, 0x00, 0x64, 0x90,
    0x84, 0x70, 0x00, 0x00, 0x00, 0x64, 0x90,
    0x79, 0xE0, 0xD8, 0xD8, 0xD8, 0xDF, 0x84,
    0x00, 0x00, 0x00, 0x00, 0x00, 0x00, 0x00,
    0x00, 0x00, 0x00, 0x00, 0x00, 0x00, 0x00,
    0x00, 0x00, 0x00, 0x00, 0x00, 0x00, 0x00,
    0x00, 0x00, 0x00, 0x00, 0x00, 0x00, 0x00,

    /* Unicode: U+008D */
    0x00, 0x00, 0x00, 0x00, 0x00, 0x00, 0x00,
    0x00, 0x00, 0x00, 0x00, 0x00, 0x00, 0x00,
    0x00, 0x00, 0x00, 0x00, 0x00, 0x00, 0x00,
    0x79, 0xE0, 0xD8, 0xD8, 0xD8, 0xDF, 0x84,
    0x84, 0x70, 0x00, 0x00, 0x00, 0x64, 0x90,
    0x84, 0x70, 0x00, 0x00, 0x00, 0x64, 0x90,
    0x84, 0x70, 0x00, 0x00, 0x00, 0x64, 0x90,
    0x84, 0x70, 0x00, 0x00, 0x00, 0x64, 0x90,
    0x84, 0x70, 0x00, 0x00, 0x00, 0x64, 0x90,
    0x84, 0x70, 0x00, 0x00, 0x00, 0x64, 0x90,
    0x84, 0x70, 0x00, 0x00, 0x00, 0x64, 0x90,
    0x79, 0xE0, 0xD8, 0xD8, 0xD8, 0xDF, 0x84,
    0x00, 0x00, 0x00, 0x00, 0x00, 0x00, 0x00,
    0x00, 0x00, 0x00, 0x00, 0x00, 0x00, 0x00,
    0x00, 0x00, 0x00, 0x00, 0x00, 0x00, 0x00,
    0x00, 0x00, 0x00, 0x00, 0x00, 0x00, 0x00,

    /* Unicode: U+008E */
    0x00, 0x00, 0x00, 0x00, 0x00, 0x00, 0x00,
    0x00, 0x00, 0x00, 0x00, 0x00, 0x00, 0x00,
    0x00, 0x00, 0x00, 0x00, 0x00, 0x00, 0x00,
    0x79, 0xE0, 0xD8, 0xD8, 0xD8, 0xDF, 0x84,
    0x84, 0x70, 0x00, 0x00, 0x00, 0x64, 0x90,
    0x84, 0x70, 0x00, 0x00, 0x00, 0x64, 0x90,
    0x84, 0x70, 0x00, 0x00, 0x00, 0x64, 0x90,
    0x84, 0x70, 0x00, 0x00, 0x00, 0x64, 0x90,
    0x84, 0x70, 0x00, 0x00, 0x00, 0x64, 0x90,
    0x84, 0x70, 0x00, 0x00, 0x00, 0x64, 0x90,
    0x84, 0x70, 0x00, 0x00, 0x00, 0x64, 0x90,
    0x79, 0xE0, 0xD8, 0xD8, 0xD8, 0xDF, 0x84,
    0x00, 0x00, 0x00, 0x00, 0x00, 0x00, 0x00,
    0x00, 0x00, 0x00, 0x00, 0x00, 0x00, 0x00,
    0x00, 0x00, 0x00, 0x00, 0x00, 0x00, 0x00,
    0x00, 0x00, 0x00, 0x00, 0x00, 0x00, 0x00,

    /* Unicode: U+008F */
    0x00, 0x00, 0x00, 0x00, 0x00, 0x00, 0x00,
    0x00, 0x00, 0x00, 0x00, 0x00, 0x00, 0x00,
    0x00, 0x00, 0x00, 0x00, 0x00, 0x00, 0x00,
    0x79, 0xE0, 0xD8, 0xD8, 0xD8, 0xDF, 0x84,
    0x84, 0x70, 0x00, 0x00, 0x00, 0x64, 0x90,
    0x84, 0x70, 0x00, 0x00, 0x00, 0x64, 0x90,
    0x84, 0x70, 0x00, 0x00, 0x00, 0x64, 0x90,
    0x84, 0x70, 0x00, 0x00, 0x00, 0x64, 0x90,
    0x84, 0x70, 0x00, 0x00, 0x00, 0x64, 0x90,
    0x84, 0x70, 0x00, 0x00, 0x00, 0x64, 0x90,
    0x84, 0x70, 0x00, 0x00, 0x00, 0x64, 0x90,
    0x79, 0xE0, 0xD8, 0xD8, 0xD8, 0xDF, 0x84,
    0x00, 0x00, 0x00, 0x00, 0x00, 0x00, 0x00,
    0x00, 0x00, 0x00, 0x00, 0x00, 0x00, 0x00,
    0x00, 0x00, 0x00, 0x00, 0x00, 0x00, 0x00,
    0x00, 0x00, 0x00, 0x00, 0x00, 0x00, 0x00,

    /* Unicode: U+0090 */
    0x00, 0x00, 0x00, 0x00, 0x00, 0x00, 0x00,
    0x00, 0x00, 0x00, 0x00, 0x00, 0x00, 0x00,
    0x00, 0x00, 0x00, 0x00, 0x00, 0x00, 0x00,
    0x79, 0xE0, 0xD8, 0xD8, 0xD8, 0xDF, 0x84,
    0x84, 0x70, 0x00, 0x00, 0x00, 0x64, 0x90,
    0x84, 0x70, 0x00, 0x00, 0x00, 0x64, 0x90,
    0x84, 0x70, 0x00, 0x00, 0x00, 0x64, 0x90,
    0x84, 0x70, 0x00, 0x00, 0x00, 0x64, 0x90,
    0x84, 0x70, 0x00, 0x00, 0x00, 0x64, 0x90,
    0x84, 0x70, 0x00, 0x00, 0x00, 0x64, 0x90,
    0x84, 0x70, 0x00, 0x00, 0x00, 0x64, 0x90,
    0x79, 0xE0, 0xD8, 0xD8, 0xD8, 0xDF, 0x84,
    0x00, 0x00, 0x00, 0x00, 0x00, 0x00, 0x00,
    0x00, 0x00, 0x00, 0x00, 0x00, 0x00, 0x00,
    0x00, 0x00, 0x00, 0x00, 0x00, 0x00, 0x00,
    0x00, 0x00, 0x00, 0x00, 0x00, 0x00, 0x00,

    /* Unicode: U+0091 */
    0x00, 0x00, 0x00, 0x00, 0x00, 0x00, 0x00,
    0x00, 0x00, 0x00, 0x00, 0x00, 0x00, 0x00,
    0x00, 0x00, 0x00, 0x00, 0x00, 0x00, 0x00,
    0x79, 0xE0, 0xD8, 0xD8, 0xD8, 0xDF, 0x84,
    0x84, 0x70, 0x00, 0x00, 0x00, 0x64, 0x90,
    0x84, 0x70, 0x00, 0x00, 0x00, 0x64, 0x90,
    0x84, 0x70, 0x00, 0x00, 0x00, 0x64, 0x90,
    0x84, 0x70, 0x00, 0x00, 0x00, 0x64, 0x90,
    0x84, 0x70, 0x00, 0x00, 0x00, 0x64, 0x90,
    0x84, 0x70, 0x00, 0x00, 0x00, 0x64, 0x90,
    0x84, 0x70, 0x00, 0x00, 0x00, 0x64, 0x90,
    0x79, 0xE0, 0xD8, 0xD8, 0xD8, 0xDF, 0x84,
    0x00, 0x00, 0x00, 0x00, 0x00, 0x00, 0x00,
    0x00, 0x00, 0x00, 0x00, 0x00, 0x00, 0x00,
    0x00, 0x00, 0x00, 0x00, 0x00, 0x00, 0x00,
    0x00, 0x00, 0x00, 0x00, 0x00, 0x00, 0x00,

    /* Unicode: U+0092 */
    0x00, 0x00, 0x00, 0x00, 0x00, 0x00, 0x00,
    0x00, 0x00, 0x00, 0x00, 0x00, 0x00, 0x00,
    0x00, 0x00, 0x00, 0x00, 0x00, 0x00, 0x00,
    0x79, 0xE0, 0xD8, 0xD8, 0xD8, 0xDF, 0x84,
    0x84, 0x70, 0x00, 0x00, 0x00, 0x64, 0x90,
    0x84, 0x70, 0x00, 0x00, 0x00, 0x64, 0x90,
    0x84, 0x70, 0x00, 0x00, 0x00, 0x64, 0x90,
    0x84, 0x70, 0x00, 0x00, 0x00, 0x64, 0x90,
    0x84, 0x70, 0x00, 0x00, 0x00, 0x64, 0x90,
    0x84, 0x70, 0x00, 0x00, 0x00, 0x64, 0x90,
    0x84, 0x70, 0x00, 0x00, 0x00, 0x64, 0x90,
    0x79, 0xE0, 0xD8, 0xD8, 0xD8, 0xDF, 0x84,
    0x00, 0x00, 0x00, 0x00, 0x00, 0x00, 0x00,
    0x00, 0x00, 0x00, 0x00, 0x00, 0x00, 0x00,
    0x00, 0x00, 0x00, 0x00, 0x00, 0x00, 0x00,
    0x00, 0x00, 0x00, 0x00, 0x00, 0x00, 0x00,

    /* Unicode: U+0093 */
    0x00, 0x00, 0x00, 0x00, 0x00, 0x00, 0x00,
    0x00, 0x00, 0x00, 0x00, 0x00, 0x00, 0x00,
    0x00, 0x00, 0x00, 0x00, 0x00, 0x00, 0x00,
    0x79, 0xE0, 0xD8, 0xD8, 0xD8, 0xDF, 0x84,
    0x84, 0x70, 0x00, 0x00, 0x00, 0x64, 0x90,
    0x84, 0x70, 0x00, 0x00, 0x00, 0x64, 0x90,
    0x84, 0x70, 0x00, 0x00, 0x00, 0x64, 0x90,
    0x84, 0x70, 0x00, 0x00, 0x00, 0x64, 0x90,
    0x84, 0x70, 0x00, 0x00, 0x00, 0x64, 0x90,
    0x84, 0x70, 0x00, 0x00, 0x00, 0x64, 0x90,
    0x84, 0x70, 0x00, 0x00, 0x00, 0x64, 0x90,
    0x79, 0xE0, 0xD8, 0xD8, 0xD8, 0xDF, 0x84,
    0x00, 0x00, 0x00, 0x00, 0x00, 0x00, 0x00,
    0x00, 0x00, 0x00, 0x00, 0x00, 0x00, 0x00,
    0x00, 0x00, 0x00, 0x00, 0x00, 0x00, 0x00,
    0x00, 0x00, 0x00, 0x00, 0x00, 0x00, 0x00,

    /* Unicode: U+0094 */
    0x00, 0x00, 0x00, 0x00, 0x00, 0x00, 0x00,
    0x00, 0x00, 0x00, 0x00, 0x00, 0x00, 0x00,
    0x00, 0x00, 0x00, 0x00, 0x00, 0x00, 0x00,
    0x79, 0xE0, 0xD8, 0xD8, 0xD8, 0xDF, 0x84,
    0x84, 0x70, 0x00, 0x00, 0x00, 0x64, 0x90,
    0x84, 0x70, 0x00, 0x00, 0x00, 0x64, 0x90,
    0x84, 0x70, 0x00, 0x00, 0x00, 0x64, 0x90,
    0x84, 0x70, 0x00, 0x00, 0x00, 0x64, 0x90,
    0x84, 0x70, 0x00, 0x00, 0x00, 0x64, 0x90,
    0x84, 0x70, 0x00, 0x00, 0x00, 0x64, 0x90,
    0x84, 0x70, 0x00, 0x00, 0x00, 0x64, 0x90,
    0x79, 0xE0, 0xD8, 0xD8, 0xD8, 0xDF, 0x84,
    0x00, 0x00, 0x00, 0x00, 0x00, 0x00, 0x00,
    0x00, 0x00, 0x00, 0x00, 0x00, 0x00, 0x00,
    0x00, 0x00, 0x00, 0x00, 0x00, 0x00, 0x00,
    0x00, 0x00, 0x00, 0x00, 0x00, 0x00, 0x00,

    /* Unicode: U+0095 */
    0x00, 0x00, 0x00, 0x00, 0x00, 0x00, 0x00,
    0x00, 0x00, 0x00, 0x00, 0x00, 0x00, 0x00,
    0x00, 0x00, 0x00, 0x00, 0x00, 0x00, 0x00,
    0x79, 0xE0, 0xD8, 0xD8, 0xD8, 0xDF, 0x84,
    0x84, 0x70, 0x00, 0x00, 0x00, 0x64, 0x90,
    0x84, 0x70, 0x00, 0x00, 0x00, 0x64, 0x90,
    0x84, 0x70, 0x00, 0x00, 0x00, 0x64, 0x90,
    0x84, 0x70, 0x00, 0x00, 0x00, 0x64, 0x90,
    0x84, 0x70, 0x00, 0x00, 0x00, 0x64, 0x90,
    0x84, 0x70, 0x00, 0x00, 0x00, 0x64, 0x90,
    0x84, 0x70, 0x00, 0x00, 0x00, 0x64, 0x90,
    0x79, 0xE0, 0xD8, 0xD8, 0xD8, 0xDF, 0x84,
    0x00, 0x00, 0x00, 0x00, 0x00, 0x00, 0x00,
    0x00, 0x00, 0x00, 0x00, 0x00, 0x00, 0x00,
    0x00, 0x00, 0x00, 0x00, 0x00, 0x00, 0x00,
    0x00, 0x00, 0x00, 0x00, 0x00, 0x00, 0x00,

    /* Unicode: U+0096 */
    0x00, 0x00, 0x00, 0x00, 0x00, 0x00, 0x00,
    0x00, 0x00, 0x00, 0x00, 0x00, 0x00, 0x00,
    0x00, 0x00, 0x00, 0x00, 0x00, 0x00, 0x00,
    0x79, 0xE0, 0xD8, 0xD8, 0xD8, 0xDF, 0x84,
    0x84, 0x70, 0x00, 0x00, 0x00, 0x64, 0x90,
    0x84, 0x70, 0x00, 0x00, 0x00, 0x64, 0x90,
    0x84, 0x70, 0x00, 0x00, 0x00, 0x64, 0x90,
    0x84, 0x70, 0x00, 0x00, 0x00, 0x64, 0x90,
    0x84, 0x70, 0x00, 0x00, 0x00, 0x64, 0x90,
    0x84, 0x70, 0x00, 0x00, 0x00, 0x64, 0x90,
    0x84, 0x70, 0x00, 0x00, 0x00, 0x64, 0x90,
    0x79, 0xE0, 0xD8, 0xD8, 0xD8, 0xDF, 0x84,
    0x00, 0x00, 0x00, 0x00, 0x00, 0x00, 0x00,
    0x00, 0x00, 0x00, 0x00, 0x00, 0x00, 0x00,
    0x00, 0x00, 0x00, 0x00, 0x00, 0x00, 0x00,
    0x00, 0x00, 0x00, 0x00, 0x00, 0x00, 0x00,

    /* Unicode: U+0097 */
    0x00, 0x00, 0x00, 0x00, 0x00, 0x00, 0x00,
    0x00, 0x00, 0x00, 0x00, 0x00, 0x00, 0x00,
    0x00, 0x00, 0x00, 0x00, 0x00, 0x00, 0x00,
    0x79, 0xE0, 0xD8, 0xD8, 0xD8, 0xDF, 0x84,
    0x84, 0x70, 0x00, 0x00, 0x00, 0x64, 0x90,
    0x84, 0x70, 0x00, 0x00, 0x00, 0x64, 0x90,
    0x84, 0x70, 0x00, 0x00, 0x00, 0x64, 0x90,
    0x84, 0x70, 0x00, 0x00, 0x00, 0x64, 0x90,
    0x84, 0x70, 0x00, 0x00, 0x00, 0x64, 0x90,
    0x84, 0x70, 0x00, 0x00, 0x00, 0x64, 0x90,
    0x84, 0x70, 0x00, 0x00, 0x00, 0x64, 0x90,
    0x79, 0xE0, 0xD8, 0xD8, 0xD8, 0xDF, 0x84,
    0x00, 0x00, 0x00, 0x00, 0x00, 0x00, 0x00,
    0x00, 0x00, 0x00, 0x00, 0x00, 0x00, 0x00,
    0x00, 0x00, 0x00, 0x00, 0x00, 0x00, 0x00,
    0x00, 0x00, 0x00, 0x00, 0x00, 0x00, 0x00,

    /* Unicode: U+0098 */
    0x00, 0x00, 0x00, 0x00, 0x00, 0x00, 0x00,
    0x00, 0x00, 0x00, 0x00, 0x00, 0x00, 0x00,
    0x00, 0x00, 0x00, 0x00, 0x00, 0x00, 0x00,
    0x79, 0xE0, 0xD8, 0xD8, 0xD8, 0xDF, 0x84,
    0x84, 0x70, 0x00, 0x00, 0x00, 0x64, 0x90,
    0x84, 0x70, 0x00, 0x00, 0x00, 0x64, 0x90,
    0x84, 0x70, 0x00, 0x00, 0x00, 0x64, 0x90,
    0x84, 0x70, 0x00, 0x00, 0x00, 0x64, 0x90,
    0x84, 0x70, 0x00, 0x00, 0x00, 0x64, 0x90,
    0x84, 0x70, 0x00, 0x00, 0x00, 0x64, 0x90,
    0x84, 0x70, 0x00, 0x00, 0x00, 0x64, 0x90,
    0x79, 0xE0, 0xD8, 0xD8, 0xD8, 0xDF, 0x84,
    0x00, 0x00, 0x00, 0x00, 0x00, 0x00, 0x00,
    0x00, 0x00, 0x00, 0x00, 0x00, 0x00, 0x00,
    0x00, 0x00, 0x00, 0x00, 0x00, 0x00, 0x00,
    0x00, 0x00, 0x00, 0x00, 0x00, 0x00, 0x00,

    /* Unicode: U+0099 */
    0x00, 0x00, 0x00, 0x00, 0x00, 0x00, 0x00,
    0x00, 0x00, 0x00, 0x00, 0x00, 0x00, 0x00,
    0x00, 0x00, 0x00, 0x00, 0x00, 0x00, 0x00,
    0x79, 0xE0, 0xD8, 0xD8, 0xD8, 0xDF, 0x84,
    0x84, 0x70, 0x00, 0x00, 0x00, 0x64, 0x90,
    0x84, 0x70, 0x00, 0x00, 0x00, 0x64, 0x90,
    0x84, 0x70, 0x00, 0x00, 0x00, 0x64, 0x90,
    0x84, 0x70, 0x00, 0x00, 0x00, 0x64, 0x90,
    0x84, 0x70, 0x00, 0x00, 0x00, 0x64, 0x90,
    0x84, 0x70, 0x00, 0x00, 0x00, 0x64, 0x90,
    0x84, 0x70, 0x00, 0x00, 0x00, 0x64, 0x90,
    0x79, 0xE0, 0xD8, 0xD8, 0xD8, 0xDF, 0x84,
    0x00, 0x00, 0x00, 0x00, 0x00, 0x00, 0x00,
    0x00, 0x00, 0x00, 0x00, 0x00, 0x00, 0x00,
    0x00, 0x00, 0x00, 0x00, 0x00, 0x00, 0x00,
    0x00, 0x00, 0x00, 0x00, 0x00, 0x00, 0x00,

    /* Unicode: U+009A */
    0x00, 0x00, 0x00, 0x00, 0x00, 0x00, 0x00,
    0x00, 0x00, 0x00, 0x00, 0x00, 0x00, 0x00,
    0x00, 0x00, 0x00, 0x00, 0x00, 0x00, 0x00,
    0x79, 0xE0, 0xD8, 0xD8, 0xD8, 0xDF, 0x84,
    0x84, 0x70, 0x00, 0x00, 0x00, 0x64, 0x90,
    0x84, 0x70, 0x00, 0x00, 0x00, 0x64, 0x90,
    0x84, 0x70, 0x00, 0x00, 0x00, 0x64, 0x90,
    0x84, 0x70, 0x00, 0x00, 0x00, 0x64, 0x90,
    0x84, 0x70, 0x00, 0x00, 0x00, 0x64, 0x90,
    0x84, 0x70, 0x00, 0x00, 0x00, 0x64, 0x90,
    0x84, 0x70, 0x00, 0x00, 0x00, 0x64, 0x90,
    0x79, 0xE0, 0xD8, 0xD8, 0xD8, 0xDF, 0x84,
    0x00, 0x00, 0x00, 0x00, 0x00, 0x00, 0x00,
    0x00, 0x00, 0x00, 0x00, 0x00, 0x00, 0x00,
    0x00, 0x00, 0x00, 0x00, 0x00, 0x00, 0x00,
    0x00, 0x00, 0x00, 0x00, 0x00, 0x00, 0x00,

    /* Unicode: U+009B */
    0x00, 0x00, 0x00, 0x00, 0x00, 0x00, 0x00,
    0x00, 0x00, 0x00, 0x00, 0x00, 0x00, 0x00,
    0x00, 0x00, 0x00, 0x00, 0x00, 0x00, 0x00,
    0x79, 0xE0, 0xD8, 0xD8, 0xD8, 0xDF, 0x84,
    0x84, 0x70, 0x00, 0x00, 0x00, 0x64, 0x90,
    0x84, 0x70, 0x00, 0x00, 0x00, 0x64, 0x90,
    0x84, 0x70, 0x00, 0x00, 0x00, 0x64, 0x90,
    0x84, 0x70, 0x00, 0x00, 0x00, 0x64, 0x90,
    0x84, 0x70, 0x00, 0x00, 0x00, 0x64, 0x90,
    0x84, 0x70, 0x00, 0x00, 0x00, 0x64, 0x90,
    0x84, 0x70, 0x00, 0x00, 0x00, 0x64, 0x90,
    0x79, 0xE0, 0xD8, 0xD8, 0xD8, 0xDF, 0x84,
    0x00, 0x00, 0x00, 0x00, 0x00, 0x00, 0x00,
    0x00, 0x00, 0x00, 0x00, 0x00, 0x00, 0x00,
    0x00, 0x00, 0x00, 0x00, 0x00, 0x00, 0x00,
    0x00, 0x00, 0x00, 0x00, 0x00, 0x00, 0x00,

    /* Unicode: U+009C */
    0x00, 0x00, 0x00, 0x00, 0x00, 0x00, 0x00,
    0x00, 0x00, 0x00, 0x00, 0x00, 0x00, 0x00,
    0x00, 0x00, 0x00, 0x00, 0x00, 0x00, 0x00,
    0x79, 0xE0, 0xD8, 0xD8, 0xD8, 0xDF, 0x84,
    0x84, 0x70, 0x00, 0x00, 0x00, 0x64, 0x90,
    0x84, 0x70, 0x00, 0x00, 0x00, 0x64, 0x90,
    0x84, 0x70, 0x00, 0x00, 0x00, 0x64, 0x90,
    0x84, 0x70, 0x00, 0x00, 0x00, 0x64, 0x90,
    0x84, 0x70, 0x00, 0x00, 0x00, 0x64, 0x90,
    0x84, 0x70, 0x00, 0x00, 0x00, 0x64, 0x90,
    0x84, 0x70, 0x00, 0x00, 0x00, 0x64, 0x90,
    0x79, 0xE0, 0xD8, 0xD8, 0xD8, 0xDF, 0x84,
    0x00, 0x00, 0x00, 0x00, 0x00, 0x00, 0x00,
    0x00, 0x00, 0x00, 0x00, 0x00, 0x00, 0x00,
    0x00, 0x00, 0x00, 0x00, 0x00, 0x00, 0x00,
    0x00, 0x00, 0x00, 0x00, 0x00, 0x00, 0x00,

    /* Unicode: U+009D */
    0x00, 0x00, 0x00, 0x00, 0x00, 0x00, 0x00,
    0x00, 0x00, 0x00, 0x00, 0x00, 0x00, 0x00,
    0x00, 0x00, 0x00, 0x00, 0x00, 0x00, 0x00,
    0x79, 0xE0, 0xD8, 0xD8, 0xD8, 0xDF, 0x84,
    0x84, 0x70, 0x00, 0x00, 0x00, 0x64, 0x90,
    0x84, 0x70, 0x00, 0x00, 0x00, 0x64, 0x90,
    0x84, 0x70, 0x00, 0x00, 0x00, 0x64, 0x90,
    0x84, 0x70, 0x00, 0x00, 0x00, 0x64, 0x90,
    0x84, 0x70, 0x00, 0x00, 0x00, 0x64, 0x90,
    0x84, 0x70, 0x00, 0x00, 0x00, 0x64, 0x90,
    0x84, 0x70, 0x00, 0x00, 0x00, 0x64, 0x90,
    0x79, 0xE0, 0xD8, 0xD8, 0xD8, 0xDF, 0x84,
    0x00, 0x00, 0x00, 0x00, 0x00, 0x00, 0x00,
    0x00, 0x00, 0x00, 0x00, 0x00, 0x00, 0x00,
    0x00, 0x00, 0x00, 0x00, 0x00, 0x00, 0x00,
    0x00, 0x00, 0x00, 0x00, 0x00, 0x00, 0x00,

    /* Unicode: U+009E */
    0x00, 0x00, 0x00, 0x00, 0x00, 0x00, 0x00,
    0x00, 0x00, 0x00, 0x00, 0x00, 0x00, 0x00,
    0x00, 0x00, 0x00, 0x00, 0x00, 0x00, 0x00,
    0x79, 0xE0, 0xD8, 0xD8, 0xD8, 0xDF, 0x84,
    0x84, 0x70, 0x00, 0x00, 0x00, 0x64, 0x90,
    0x84, 0x70, 0x00, 0x00, 0x00, 0x64, 0x90,
    0x84, 0x70, 0x00, 0x00, 0x00, 0x64, 0x90,
    0x84, 0x70, 0x00, 0x00, 0x00, 0x64, 0x90,
    0x84, 0x70, 0x00, 0x00, 0x00, 0x64, 0x90,
    0x84, 0x70, 0x00, 0x00, 0x00, 0x64, 0x90,
    0x84, 0x70, 0x00, 0x00, 0x00, 0x64, 0x90,
    0x79, 0xE0, 0xD8, 0xD8, 0xD8, 0xDF, 0x84,
    0x00, 0x00, 0x00, 0x00, 0x00, 0x00, 0x00,
    0x00, 0x00, 0x00, 0x00, 0x00, 0x00, 0x00,
    0x00, 0x00, 0x00, 0x00, 0x00, 0x00, 0x00,
    0x00, 0x00, 0x00, 0x00, 0x00, 0x00, 0x00,

    /* Unicode: U+009F */
    0x00, 0x00, 0x00, 0x00, 0x00, 0x00, 0x00,
    0x00, 0x00, 0x00, 0x00, 0x00, 0x00, 0x00,
    0x00, 0x00, 0x00, 0x00, 0x00, 0x00, 0x00,
    0x79, 0xE0, 0xD8, 0xD8, 0xD8, 0xDF, 0x84,
    0x84, 0x70, 0x00, 0x00, 0x00, 0x64, 0x90,
    0x84, 0x70, 0x00, 0x00, 0x00, 0x64, 0x90,
    0x84, 0x70, 0x00, 0x00, 0x00, 0x64, 0x90,
    0x84, 0x70, 0x00, 0x00, 0x00, 0x64, 0x90,
    0x84, 0x70, 0x00, 0x00, 0x00, 0x64, 0x90,
    0x84, 0x70, 0x00, 0x00, 0x00, 0x64, 0x90,
    0x84, 0x70, 0x00, 0x00, 0x00, 0x64, 0x90,
    0x79, 0xE0, 0xD8, 0xD8, 0xD8, 0xDF, 0x84,
    0x00, 0x00, 0x00, 0x00, 0x00, 0x00, 0x00,
    0x00, 0x00, 0x00, 0x00, 0x00, 0x00, 0x00,
    0x00, 0x00, 0x00, 0x00, 0x00, 0x00, 0x00,
    0x00, 0x00, 0x00, 0x00, 0x00, 0x00, 0x00,

    /* Unicode: U+00A0 */
    0x00, 0x00, 0x00,
    0x00, 0x00, 0x00,
    0x00, 0x00, 0x00,
    0x00, 0x00, 0x00,
    0x00, 0x00, 0x00,
    0x00, 0x00, 0x00,
    0x00, 0x00, 0x00,
    0x00, 0x00, 0x00,
    0x00, 0x00, 0x00,
    0x00, 0x00, 0x00,
    0x00, 0x00, 0x00,
    0x00, 0x00, 0x00,
    0x00, 0x00, 0x00,
    0x00, 0x00, 0x00,
    0x00, 0x00, 0x00,
    0x00, 0x00, 0x00,

    /* Unicode: U+00A1 */
    0x00, 0x00, 0x00,
    0x00, 0x00, 0x00,
    0x00, 0x00, 0x00,
    0x00, 0x00, 0x00,
    0x00, 0x00, 0x00,
    0x0D, 0xE8, 0x38,
    0x00, 0x05, 0x00,
    0x00, 0xDD, 0x14,
    0x00, 0xE6, 0x1E,
    0x00, 0xF0, 0x28,
    0x00, 0xF9, 0x32,
    0x02, 0xFF, 0x3C,
    0x0B, 0xFF, 0x46,
    0x00, 0x00, 0x00,
    0x00, 0x00, 0x00,
    0x00, 0x00, 0x00,

    /* Unicode: U+00A2 */
    0x00, 0x00, 0x00, 0x00, 0x00, 0x00, 0x00,
    0x00, 0x00, 0x00, 0x00, 0x00, 0x00, 0x00,
    0x00, 0x00, 0x00, 0x00, 0x00, 0x00, 0x00,
    0x00, 0x00, 0x00, 0x00, 0x00, 0x00, 0x00,
    0x00, 0x00, 0x00, 0x9C, 0x28, 0x00, 0x00,
    0x00, 0x00, 0x1F, 0xBC, 0x67, 0x09, 0x00,
    0x00, 0x6E, 0xF7, 0xED, 0xDE, 0xE1, 0x1F,
    0x28, 0xFA, 0x3E, 0x9C, 0x28, 0x69, 0x17,
    0x70, 0xC2, 0x00, 0x9C, 0x28, 0x00, 0x00,
    0x74, 0xBA, 0x00, 0x9C, 0x28, 0x00, 0x00,
    0x35, 0xF6, 0x1F, 0x9C, 0x28, 0x41, 0x08,
    0x00, 0x8D, 0xE8, 0xDB, 0xBC, 0xF0, 0x2E,
    0x00, 0x00, 0x3E, 0xCA, 0x89, 0x1F, 0x00,
    0x00, 0x00, 0x00, 0x9C, 0x28, 0x00, 0x00,
    0x00, 0x00, 0x00, 0x00, 0x00, 0x00, 0x00,
    0x00, 0x00, 0x00, 0x00, 0x00, 0x00, 0x00,

    /* Unicode: U+00A3 */
    0x00, 0x00, 0x00, 0x00, 0x00, 0x00, 0x00, 0x00,
    0x00, 0x00, 0x00, 0x00, 0x00, 0x00, 0x00, 0x00,
    0x00, 0x00, 0x00, 0x00, 0x00, 0x00, 0x00, 0x00,
    0x00, 0x00, 0x1B, 0xA6, 0xEC, 0xF5, 0xCE, 0x44,
    0x00, 0x03, 0xD6, 0xA6, 0x2B, 0x21, 0x59, 0x30,
    0x00, 0x3B, 0xF6, 0x07, 0x00, 0x00, 0x00, 0x00,
    0x00, 0x53, 0xDC, 0x00, 0x00, 0x00, 0x00, 0x00,
    0x9C, 0xF7, 0xFE, 0xF4, 0xF4, 0xF4, 0x0B, 0x00,
    0x14, 0x69, 0xE0, 0x20, 0x20, 0x20, 0x01, 0x00,
    0x00, 0x54, 0xDC, 0x00, 0x00, 0x00, 0x00, 0x00,
    0x0C, 0x61, 0xDE, 0x14, 0x14, 0x14, 0x14, 0x07,
    0xA4, 0xFF, 0xFF, 0xFF, 0xFF, 0xFF, 0xFF, 0x64,
    0x00, 0x00, 0x00, 0x00, 0x00, 0x00, 0x00, 0x00,
    0x00, 0x00, 0x00, 0x00, 0x00, 0x00, 0x00, 0x00,
    0x00, 0x00, 0x00, 0x00, 0x00, 0x00, 0x00, 0x00,
    0x00, 0x00, 0x00, 0x00, 0x00, 0x00, 0x00, 0x00,

    /* Unicode: U+00A4 */
    0x00, 0x00, 0x00, 0x00, 0x00, 0x00, 0x00, 0x00, 0x00,
    0x00, 0x00, 0x00, 0x00, 0x00, 0x00, 0x00, 0x00, 0x00,
    0x00, 0x00, 0x00, 0x00, 0x00, 0x00, 0x00, 0x00, 0x00,
    0x26, 0x34, 0x00, 0x00, 0x00, 0x00, 0x06, 0x54, 0x00,
    0x4F, 0xE7, 0x6E, 0xD1, 0xE4, 0x97, 0xAB, 0xB0, 0x00,
    0x00, 0x98, 0xE2, 0x47, 0x2D, 0xA2, 0xF1, 0x09, 0x00,
    0x00, 0xD7, 0x2F, 0x00, 0x00, 0x02, 0xBF, 0x44, 0x00,
    0x03, 0xEA, 0x00, 0x00, 0x00, 0x00, 0x7C, 0x6D, 0x00,
    0x00, 0xE2, 0x19, 0x00, 0x00, 0x00, 0xA9, 0x51, 0x00,
    0x00, 0x8D, 0xC9, 0x1B, 0x05, 0x76, 0xEF, 0x06, 0x00,
    0x2A, 0xE9, 0xA3, 0xF8, 0xFC, 0xC7, 0xD4, 0x7D, 0x00,
    0x48, 0x5C, 0x00, 0x06, 0x11, 0x00, 0x1A, 0x8E, 0x00,
    0x00, 0x00, 0x00, 0x00, 0x00, 0x00, 0x00, 0x00, 0x00,
    0x00, 0x00, 0x00, 0x00, 0x00, 0x00, 0x00, 0x00, 0x00,
    0x00, 0x00, 0x00, 0x00, 0x00, 0x00, 0x00, 0x00, 0x00,
    0x00, 0x00, 0x00, 0x00, 0x00, 0x00, 0x00, 0x00, 0x00,

    /* Unicode: U+00A5 */
    0x00, 0x00, 0x00, 0x00, 0x00, 0x00, 0x00, 0x00, 0x00, 0x00,
    0x00, 0x00, 0x00, 0x00, 0x00, 0x00, 0x00, 0x00, 0x00, 0x00,
    0x00, 0x00, 0x00, 0x00, 0x00, 0x00, 0x00, 0x00, 0x00, 0x00,
    0x00, 0xB8, 0x8A, 0x00, 0x00, 0x00, 0x00, 0x16, 0xEA, 0x37,
    0x00, 0x1F, 0xF0, 0x34, 0x00, 0x00, 0x00, 0xAA, 0x8E, 0x00,
    0x00, 0x00, 0x6D, 0xD1, 0x05, 0x00, 0x50, 0xDD, 0x0A, 0x00,
    0x00, 0x00, 0x01, 0xC4, 0x7E, 0x10, 0xE5, 0x42, 0x00, 0x00,
    0x00, 0x00, 0x00, 0x28, 0xF1, 0xB7, 0x9B, 0x00, 0x00, 0x00,
    0x00, 0x00, 0xAB, 0xC0, 0xE3, 0xFB, 0xC7, 0xC0, 0x48, 0x00,
    0x00, 0x00, 0xD9, 0xF4, 0xF8, 0xFE, 0xF4, 0xF4, 0x5B, 0x00,
    0x00, 0x00, 0x1C, 0x20, 0x70, 0xDD, 0x20, 0x20, 0x0C, 0x00,
    0x00, 0x00, 0x00, 0x00, 0x5C, 0xD8, 0x00, 0x00, 0x00, 0x00,
    0x00, 0x00, 0x00, 0x00, 0x00, 0x00, 0x00, 0x00, 0x00, 0x00,
    0x00, 0x00, 0x00, 0x00, 0x00, 0x00, 0x00, 0x00, 0x00, 0x00,
    0x00, 0x00, 0x00, 0x00, 0x00, 0x00, 0x00, 0x00, 0x00, 0x00,
    0x00, 0x00, 0x00, 0x00, 0x00, 0x00, 0x00, 0x00, 0x00, 0x00,

    /* Unicode: U+00A6 */
    0x00, 0x00,
    0x00, 0x00,
    0xBC, 0x54,
    0xBC, 0x54,
    0xBC, 0x54,
    0xBC, 0x54,
    0xBC, 0x54,
    0x00, 0x00,
    0x00, 0x00,
    0x00, 0x00,
    0xBC, 0x54,
    0xBC, 0x54,
    0xBC, 0x54,
    0xBC, 0x54,
    0xBC, 0x54,
    0x00, 0x00,

    /* Unicode: U+00A7 */
    0x00, 0x00, 0x00, 0x00, 0x00, 0x00,
    0x00, 0x00, 0x00, 0x00, 0x00, 0x00,
    0x00, 0x00, 0x00, 0x00, 0x00, 0x00,
    0x00, 0x5C, 0xDA, 0xF6, 0xD2, 0x52,
    0x21, 0xEB, 0x3F, 0x1D, 0x50, 0x45,
    0x3D, 0xD9, 0x03, 0x00, 0x00, 0x00,
    0x07, 0xDF, 0xD6, 0x7F, 0x20, 0x00,
    0x44, 0xD9, 0x56, 0x9D, 0xED, 0x34,
    0x85, 0x85, 0x00, 0x00, 0x87, 0x89,
    0x45, 0xE7, 0x6C, 0x26, 0xBF, 0x59,
    0x00, 0x39, 0x9E, 0xED, 0xE1, 0x03,
    0x00, 0x00, 0x00, 0x0C, 0xDC, 0x3F,
    0x4D, 0x48, 0x07, 0x16, 0xE0, 0x36,
    0x56, 0xE3, 0xFC, 0xFA, 0x90, 0x00,
    0x00, 0x00, 0x12, 0x0B, 0x00, 0x00,
    0x00, 0x00, 0x00, 0x00, 0x00, 0x00,

    /* Unicode: U+00A8 */
    0x00, 0x00, 0x00, 0x00, 0x00,
    0x00, 0x00, 0x00, 0x00, 0x00,
    0x00, 0x00, 0x00, 0x00, 0x00,
    0x09, 0xD6, 0x04, 0xB3, 0x30,
    0x00, 0x0C, 0x00, 0x0C, 0x00,
    0x00, 0x00, 0x00, 0x00, 0x00,
    0x00, 0x00, 0x00, 0x00, 0x00,
    0x00, 0x00, 0x00, 0x00, 0x00,
    0x00, 0x00, 0x00, 0x00, 0x00,
    0x00, 0x00, 0x00, 0x00, 0x00,
    0x00, 0x00, 0x00, 0x00, 0x00,
    0x00, 0x00, 0x00, 0x00, 0x00,
    0x00, 0x00, 0x00, 0x00, 0x00,
    0x00, 0x00, 0x00, 0x00, 0x00,
    0x00, 0x00, 0x00, 0x00, 0x00,
    0x00, 0x00, 0x00, 0x00, 0x00,

    /* Unicode: U+00A9 */
    0x00, 0x00, 0x00, 0x00, 0x00, 0x00, 0x00, 0x00, 0x00, 0x00,
    0x00, 0x00, 0x00, 0x00, 0x00, 0x00, 0x00, 0x00, 0x00, 0x00,
    0x00, 0x00, 0x18, 0x83, 0x98, 0x99, 0x63, 0x03, 0x00, 0x00,
    0x00, 0x29, 0xA0, 0x1D, 0x00, 0x00, 0x44, 0x9A, 0x02, 0x00,
    0x00, 0xA2, 0x07, 0x6B, 0xE1, 0xD4, 0x32, 0x3C, 0x6A, 0x00,
    0x32, 0x65, 0x3C, 0xDE, 0x3D, 0x55, 0x8B, 0x00, 0x97, 0x00,
    0x5E, 0x31, 0x88, 0x69, 0x00, 0x00, 0x00, 0x00, 0x8D, 0x03,
    0x5E, 0x30, 0x8D, 0x60, 0x00, 0x00, 0x00, 0x00, 0x8D, 0x01,
    0x30, 0x63, 0x51, 0xC9, 0x12, 0x26, 0x67, 0x00, 0x94, 0x00,
    0x00, 0x9D, 0x07, 0x9A, 0xFC, 0xF6, 0x52, 0x40, 0x62, 0x00,
    0x00, 0x26, 0x9B, 0x1A, 0x10, 0x0B, 0x48, 0x90, 0x01, 0x00,
    0x00, 0x00, 0x16, 0x7D, 0x8C, 0x8E, 0x57, 0x01, 0x00, 0x00,
    0x00, 0x00, 0x00, 0x00, 0x00, 0x00, 0x00, 0x00, 0x00, 0x00,
    0x00, 0x00, 0x00, 0x00, 0x00, 0x00, 0x00, 0x00, 0x00, 0x00,
    0x00, 0x00, 0x00, 0x00, 0x00, 0x00, 0x00, 0x00, 0x00, 0x00,
    0x00, 0x00, 0x00, 0x00, 0x00, 0x00, 0x00, 0x00, 0x00, 0x00,

    /* Unicode: U+00AA */
    0x00, 0x00, 0x00, 0x00, 0x00,
    0x00, 0x00, 0x00, 0x00, 0x00,
    0x22, 0xC6, 0xF1, 0x7B, 0x00,
    0x1D, 0x39, 0x24, 0xDC, 0x02,
    0x2E, 0xD6, 0xF3, 0xFD, 0x0F,
    0x85, 0x82, 0x2C, 0xDF, 0x10,
    0x44, 0xF9, 0xE8, 0xCE, 0x10,
    0x00, 0x0D, 0x0A, 0x16, 0x02,
    0x00, 0x00, 0x00, 0x00, 0x00,
    0x00, 0x00, 0x00, 0x00, 0x00,
    0x00, 0x00, 0x00, 0x00, 0x00,
    0x00, 0x00, 0x00, 0x00, 0x00,
    0x00, 0x00, 0x00, 0x00, 0x00,
    0x00, 0x00, 0x00, 0x00, 0x00,
    0x00, 0x00, 0x00, 0x00, 0x00,
    0x00, 0x00, 0x00, 0x00, 0x00,

    /* Unicode: U+00AB */
    0x00, 0x00, 0x00, 0x00, 0x00, 0x00,
    0x00, 0x00, 0x00, 0x00, 0x00, 0x00,
    0x00, 0x00, 0x00, 0x00, 0x00, 0x00,
    0x00, 0x00, 0x00, 0x00, 0x00, 0x00,
    0x00, 0x00, 0x00, 0x00, 0x00, 0x00,
    0x00, 0x00, 0x00, 0x00, 0x00, 0x00,
    0x00, 0x1F, 0xDC, 0x18, 0xC2, 0x4C,
    0x02, 0xC0, 0x52, 0x77, 0x9E, 0x00,
    0x48, 0xCF, 0x08, 0xF1, 0x1C, 0x00,
    0x02, 0xC0, 0x51, 0x77, 0x9E, 0x00,
    0x00, 0x1F, 0xDB, 0x18, 0xC2, 0x4C,
    0x00, 0x00, 0x00, 0x00, 0x00, 0x00,
    0x00, 0x00, 0x00, 0x00, 0x00, 0x00,
    0x00, 0x00, 0x00, 0x00, 0x00, 0x00,
    0x00, 0x00, 0x00, 0x00, 0x00, 0x00,
    0x00, 0x00, 0x00, 0x00, 0x00, 0x00,

    /* Unicode: U+00AC */
    0x00, 0x00, 0x00, 0x00, 0x00, 0x00, 0x00,
    0x00, 0x00, 0x00, 0x00, 0x00, 0x00, 0x00,
    0x00, 0x00, 0x00, 0x00, 0x00, 0x00, 0x00,
    0x00, 0x00, 0x00, 0x00, 0x00, 0x00, 0x00,
    0x00, 0x00, 0x00, 0x00, 0x00, 0x00, 0x00,
    0x00, 0x00, 0x00, 0x00, 0x00, 0x00, 0x00,
    0x00, 0x00, 0x00, 0x00, 0x00, 0x00, 0x00,
    0x31, 0xF4, 0xF4, 0xF4, 0xF4, 0xF4, 0x2D,
    0x06, 0x20, 0x20, 0x20, 0x20, 0xDD, 0x30,
    0x00, 0x00, 0x00, 0x00, 0x00, 0xD8, 0x30,
    0x00, 0x00, 0x00, 0x00, 0x00, 0x83, 0x1D,
    0x00, 0x00, 0x00, 0x00, 0x00, 0x00, 0x00,
    0x00, 0x00, 0x00, 0x00, 0x00, 0x00, 0x00,
    0x00, 0x00, 0x00, 0x00, 0x00, 0x00, 0x00,
    0x00, 0x00, 0x00, 0x00, 0x00, 0x00, 0x00,
    0x00, 0x00, 0x00, 0x00, 0x00, 0x00, 0x00,

    /* Unicode: U+00AD */
    0x00, 0x00, 0x00, 0x00,
    0x00, 0x00, 0x00, 0x00,
    0x00, 0x00, 0x00, 0x00,
    0x00, 0x00, 0x00, 0x00,
    0x00, 0x00, 0x00, 0x00,
    0x00, 0x00, 0x00, 0x00,
    0x00, 0x00, 0x00, 0x00,
    0x00, 0x00, 0x00, 0x00,
    0x4C, 0xF4, 0xF4, 0xDD,
    0x0A, 0x20, 0x20, 0x1D,
    0x00, 0x00, 0x00, 0x00,
    0x00, 0x00, 0x00, 0x00,
    0x00, 0x00, 0x00, 0x00,
    0x00, 0x00, 0x00, 0x00,
    0x00, 0x00, 0x00, 0x00,
    0x00, 0x00, 0x00, 0x00,

    /* Unicode: U+00AE */
    0x00, 0x00, 0x00, 0x00, 0x00, 0x00, 0x00, 0x00, 0x00, 0x00,
    0x00, 0x00, 0x00, 0x00, 0x00, 0x00, 0x00, 0x00, 0x00, 0x00,
    0x00, 0x00, 0x18, 0x83, 0x98, 0x99, 0x63, 0x03, 0x00, 0x00,
    0x00, 0x29, 0xA0, 0x1D, 0x00, 0x00, 0x44, 0x9A, 0x02, 0x00,
    0x00, 0xA2, 0x07, 0xD9, 0xF4, 0xDD, 0x4A, 0x3C, 0x6A, 0x00,
    0x32, 0x65, 0x00, 0xCF, 0x20, 0x3F, 0xD0, 0x00, 0x97, 0x00,
    0x5E, 0x31, 0x00, 0xCC, 0x00, 0x15, 0xD3, 0x00, 0x8D, 0x03,
    0x5E, 0x30, 0x00, 0xE2, 0xF4, 0xFD, 0x6E, 0x00, 0x8D, 0x01,
    0x30, 0x63, 0x00, 0xD2, 0x20, 0x91, 0x51, 0x00, 0x94, 0x00,
    0x00, 0x9D, 0x06, 0xA5, 0x00, 0x0C, 0x9D, 0x41, 0x62, 0x00,
    0x00, 0x26, 0x9B, 0x1A, 0x00, 0x00, 0x48, 0x90, 0x01, 0x00,
    0x00, 0x00, 0x16, 0x7D, 0x8C, 0x8E, 0x57, 0x01, 0x00, 0x00,
    0x00, 0x00, 0x00, 0x00, 0x00, 0x00, 0x00, 0x00, 0x00, 0x00,
    0x00, 0x00, 0x00, 0x00, 0x00, 0x00, 0x00, 0x00, 0x00, 0x00,
    0x00, 0x00, 0x00, 0x00, 0x00, 0x00, 0x00, 0x00, 0x00, 0x00,
    0x00, 0x00, 0x00, 0x00, 0x00, 0x00, 0x00, 0x00, 0x00, 0x00,

    /* Unicode: U+00AF */
    0x00, 0x00, 0x00, 0x00, 0x00,
    0x00, 0x00, 0x00, 0x00, 0x00,
    0x00, 0x00, 0x00, 0x00, 0x00,
    0x57, 0xF4, 0xF4, 0xF4, 0x89,
    0x0B, 0x20, 0x20, 0x20, 0x12,
    0x00, 0x00, 0x00, 0x00, 0x00,
    0x00, 0x00, 0x00, 0x00, 0x00,
    0x00, 0x00, 0x00, 0x00, 0x00,
    0x00, 0x00, 0x00, 0x00, 0x00,
    0x00, 0x00, 0x00, 0x00, 0x00,
    0x00, 0x00, 0x00, 0x00, 0x00,
    0x00, 0x00, 0x00, 0x00, 0x00,
    0x00, 0x00, 0x00, 0x00, 0x00,
    0x00, 0x00, 0x00, 0x00, 0x00,
    0x00, 0x00, 0x00, 0x00, 0x00,
    0x00, 0x00, 0x00, 0x00, 0x00,

    /* Unicode: U+00B0 */
    0x00, 0x00, 0x00, 0x00, 0x00,
    0x00, 0x00, 0x00, 0x00, 0x00,
    0x00, 0x00, 0x00, 0x00, 0x00,
    0x02, 0x96, 0xEB, 0x99, 0x03,
    0x4F, 0x93, 0x29, 0x91, 0x5E,
    0x59, 0x6F, 0x00, 0x6F, 0x69,
    0x0B, 0xC4, 0xFB, 0xC6, 0x0D,
    0x00, 0x01, 0x18, 0x01, 0x00,
    0x00, 0x00, 0x00, 0x00, 0x00,
    0x00, 0x00, 0x00, 0x00, 0x00,
    0x00, 0x00, 0x00, 0x00, 0x00,
    0x00, 0x00, 0x00, 0x00, 0x00,
    0x00, 0x00, 0x00, 0x00, 0x00,
    0x00, 0x00, 0x00, 0x00, 0x00,
    0x00, 0x00, 0x00, 0x00, 0x00,
    0x00, 0x00, 0x00, 0x00, 0x00,

    /* Unicode: U+00B1 */
    0x00, 0x00, 0x00, 0x00, 0x00, 0x00, 0x00,
    0x00, 0x00, 0x00, 0x00, 0x00, 0x00, 0x00,
    0x00, 0x00, 0x00, 0x00, 0x00, 0x00, 0x00,
    0x00, 0x00, 0x00, 0x00, 0x00, 0x00, 0x00,
    0x00, 0x00, 0x04, 0xFF, 0x00, 0x00, 0x00,
    0x00, 0x00, 0x04, 0xFF, 0x00, 0x00, 0x00,
    0x31, 0xF4, 0xF4, 0xFF, 0xF4, 0xF4, 0x2D,
    0x06, 0x20, 0x23, 0xFF, 0x20, 0x20, 0x06,
    0x00, 0x00, 0x04, 0xFF, 0x00, 0x00, 0x00,
    0x00, 0x00, 0x04, 0xFF, 0x00, 0x00, 0x00,
    0x04, 0x14, 0x14, 0x14, 0x14, 0x14, 0x03,
    0x34, 0xFF, 0xFF, 0xFF, 0xFF, 0xFF, 0x30,
    0x00, 0x00, 0x00, 0x00, 0x00, 0x00, 0x00,
    0x00, 0x00, 0x00, 0x00, 0x00, 0x00, 0x00,
    0x00, 0x00, 0x00, 0x00, 0x00, 0x00, 0x00,
    0x00, 0x00, 0x00, 0x00, 0x00, 0x00, 0x00,

    /* Unicode: U+00B2 */
    0x00, 0x00, 0x00, 0x00, 0x00,
    0x00, 0x00, 0x00, 0x00, 0x00,
    0x23, 0xC5, 0xEA, 0xA6, 0x06,
    0x52, 0x5B, 0x2A, 0xBD, 0x45,
    0x00, 0x00, 0x02, 0xB7, 0x1A,
    0x00, 0x04, 0x9E, 0x49, 0x00,
    0x08, 0xAF, 0x5D, 0x14, 0x0B,
    0x70, 0xFF, 0xFF, 0xFF, 0x90,
    0x00, 0x00, 0x00, 0x00, 0x00,
    0x00, 0x00, 0x00, 0x00, 0x00,
    0x00, 0x00, 0x00, 0x00, 0x00,
    0x00, 0x00, 0x00, 0x00, 0x00,
    0x00, 0x00, 0x00, 0x00, 0x00,
    0x00, 0x00, 0x00, 0x00, 0x00,
    0x00, 0x00, 0x00, 0x00, 0x00,
    0x00, 0x00, 0x00, 0x00, 0x00,

    /* Unicode: U+00B3 */
    0x00, 0x00, 0x00, 0x00, 0x00,
    0x00, 0x00, 0x00, 0x00, 0x00,
    0x7D, 0xF4, 0xF4, 0xF4, 0x4E,
    0x10, 0x20, 0x4B, 0xBF, 0x08,
    0x00, 0x0C, 0xE1, 0x60, 0x00,
    0x00, 0x05, 0x38, 0x9E, 0x60,
    0x46, 0x3D, 0x1B, 0x87, 0x82,
    0x43, 0xCE, 0xF5, 0xC1, 0x17,
    0x00, 0x00, 0x00, 0x00, 0x00,
    0x00, 0x00, 0x00, 0x00, 0x00,
    0x00, 0x00, 0x00, 0x00, 0x00,
    0x00, 0x00, 0x00, 0x00, 0x00,
    0x00, 0x00, 0x00, 0x00, 0x00,
    0x00, 0x00, 0x00, 0x00, 0x00,
    0x00, 0x00, 0x00, 0x00, 0x00,
    0x00, 0x00, 0x00, 0x00, 0x00,

    /* Unicode: U+00B4 */
    0x00, 0x00, 0x00, 0x00,
    0x00, 0x00, 0x00, 0x00,
    0x00, 0x05, 0x73, 0x3A,
    0x0A, 0xB2, 0x77, 0x01,
    0x00, 0x00, 0x00, 0x00,
    0x00, 0x00, 0x00, 0x00,
    0x00, 0x00, 0x00, 0x00,
    0x00, 0x00, 0x00, 0x00,
    0x00, 0x00, 0x00, 0x00,
    0x00, 0x00, 0x00, 0x00,
    0x00, 0x00, 0x00, 0x00,
    0x00, 0x00, 0x00, 0x00,
    0x00, 0x00, 0x00, 0x00,
    0x00, 0x00, 0x00, 0x00,
    0x00, 0x00, 0x00, 0x00,
    0x00, 0x00, 0x00, 0x00,

    /* Unicode: U+00B5 */
    0x00, 0x00, 0x00, 0x00, 0x00, 0x00, 0x00,
    0x00, 0x00, 0x00, 0x00, 0x00, 0x00, 0x00,
    0x00, 0x00, 0x00, 0x00, 0x00, 0x00, 0x00,
    0x00, 0x00, 0x00, 0x00, 0x00, 0x00, 0x00,
    0x00, 0x00, 0x00, 0x00, 0x00, 0x00, 0x00,
    0x5E, 0x1A, 0x00, 0x00, 0x08, 0x68, 0x08,
    0xE8, 0x40, 0x00, 0x00, 0x14, 0xFF, 0x14,
    0xE8, 0x40, 0x00, 0x00, 0x14, 0xFF, 0x14,
    0xE8, 0x40, 0x00, 0x00, 0x14, 0xFF, 0x14,
    0xE8, 0x4B, 0x00, 0x00, 0x2A, 0xFF, 0x14,
    0xE8, 0xAF, 0x08, 0x0A, 0xAB, 0xFF, 0x14,
    0xE8, 0xBD, 0xF5, 0xF2, 0x8D, 0xFF, 0x14,
    0xE8, 0x40, 0x06, 0x04, 0x00, 0x08, 0x00,
    0xE8, 0x40, 0x00, 0x00, 0x00, 0x00, 0x00,
    0x12, 0x05, 0x00, 0x00, 0x00, 0x00, 0x00,
    0x00, 0x00, 0x00, 0x00, 0x00, 0x00, 0x00,

    /* Unicode: U+00B6 */
    0x00, 0x00, 0x00, 0x00, 0x00, 0x00, 0x00,
    0x00, 0x00, 0x00, 0x00, 0x00, 0x00, 0x00,
    0x0F, 0xA6, 0xF0, 0xFF, 0xFF, 0xFF, 0x84,
    0x8E, 0xFF, 0xFF, 0xB6, 0x14, 0x7B, 0x84,
    0xB8, 0xFF, 0xFF, 0xB0, 0x00, 0x70, 0x84,
    0x78, 0xFF, 0xFF, 0xB0, 0x00, 0x70, 0x84,
    0x04, 0x75, 0xCA, 0xB0, 0x00, 0x70, 0x84,
    0x00, 0x00, 0x48, 0xB0, 0x00, 0x70, 0x84,
    0x00, 0x00, 0x48, 0xB0, 0x00, 0x70, 0x84,
    0x00, 0x00, 0x48, 0xB0, 0x00, 0x70, 0x84,
    0x00, 0x00, 0x48, 0xB0, 0x00, 0x70, 0x84,
    0x00, 0x00, 0x48, 0xB0, 0x00, 0x70, 0x84,
    0x00, 0x00, 0x48, 0xB0, 0x00, 0x70, 0x84,
    0x00, 0x00, 0x04, 0x0B, 0x00, 0x07, 0x08,
    0x00, 0x00, 0x00, 0x00, 0x00, 0x00, 0x00,
    0x00, 0x00, 0x00, 0x00, 0x00, 0x00, 0x00,

    /* Unicode: U+00B7 */
    0x00, 0x00, 0x00,
    0x00, 0x00, 0x00,
    0x00, 0x00, 0x00,
    0x00, 0x00, 0x00,
    0x00, 0x00, 0x00,
    0x00, 0x00, 0x00,
    0x00, 0x00, 0x00,
    0x0A, 0xC2, 0x2B,
    0x12, 0xEA, 0x3B,
    0x00, 0x00, 0x00,
    0x00, 0x00, 0x00,
    0x00, 0x00, 0x00,
    0x00, 0x00, 0x00,
    0x00, 0x00, 0x00,
    0x00, 0x00, 0x00,
    0x00, 0x00, 0x00,

    /* Unicode: U+00B8 */
    0x00, 0x00, 0x00,
    0x00, 0x00, 0x00,
    0x00, 0x00, 0x00,
    0x00, 0x00, 0x00,
    0x00, 0x00, 0x00,
    0x00, 0x00, 0x00,
    0x00, 0x00, 0x00,
    0x00, 0x00, 0x00,
    0x00, 0x00, 0x00,
    0x00, 0x00, 0x00,
    0x00, 0x00, 0x00,
    0x00, 0x00, 0x00,
    0x00, 0xB5, 0x0A,
    0x0B, 0x49, 0xB3,
    0x9F, 0xFD, 0x87,
    0x03, 0x14, 0x00,

    /* Unicode: U+00B9 */
    0x00, 0x00, 0x00, 0x00, 0x00,
    0x00, 0x00, 0x00, 0x00, 0x00,
    0x00, 0xE4, 0xF4, 0x35, 0x00,
    0x00, 0x1E, 0xAF, 0x38, 0x00,
    0x00, 0x00, 0xA4, 0x38, 0x00,
    0x00, 0x00, 0xA4, 0x38, 0x00,
    0x00, 0x14, 0xAB, 0x47, 0x08,
    0x08, 0xFF, 0xFF, 0xFF, 0x70,
    0x00, 0x00, 0x00, 0x00, 0x00,
    0x00, 0x00, 0x00, 0x00, 0x00,
    0x00, 0x00, 0x00, 0x00, 0x00,
    0x00, 0x00, 0x00, 0x00, 0x00,
    0x00, 0x00, 0x00, 0x00, 0x00,
    0x00, 0x00, 0x00, 0x00, 0x00,
    0x00, 0x00, 0x00, 0x00, 0x00,
    0x00, 0x00, 0x00, 0x00, 0x00,

    /* Unicode: U+00BA */
    0x00, 0x00, 0x00, 0x00, 0x00,
    0x00, 0x00, 0x00, 0x00, 0x00,
    0x07, 0xAD, 0xF6, 0xB0, 0x08,
    0x6A, 0xA0, 0x20, 0x9E, 0x6D,
    0x95, 0x39, 0x00, 0x36, 0x99,
    0x73, 0x86, 0x03, 0x85, 0x77,
    0x09, 0xC6, 0xFD, 0xC8, 0x0A,
    0x00, 0x01, 0x17, 0x01, 0x00,
    0x00, 0x00, 0x00, 0x00, 0x00,
    0x00, 0x00, 0x00, 0x00, 0x00,
    0x00, 0x00, 0x00, 0x00, 0x00,
    0x00, 0x00, 0x00, 0x00, 0x00,
    0x00, 0x00, 0x00, 0x00, 0x00,
    0x00, 0x00, 0x00, 0x00, 0x00,
    0x00, 0x00, 0x00, 0x00, 0x00,
    0x00, 0x00, 0x00, 0x00, 0x00,

    /* Unicode: U+00BB */
    0x00, 0x00, 0x00, 0x00, 0x00, 0x00,
    0x00, 0x00, 0x00, 0x00, 0x00, 0x00,
    0x00, 0x00, 0x00, 0x00, 0x00, 0x00,
    0x00, 0x00, 0x00, 0x00, 0x00, 0x00,
    0x00, 0x00, 0x00, 0x00, 0x00, 0x00,
    0x00, 0x00, 0x00, 0x00, 0x00, 0x00,
    0x43, 0xC9, 0x15, 0xDA, 0x25, 0x00,
    0x00, 0x95, 0x7F, 0x49, 0xC7, 0x03,
    0x00, 0x16, 0xF3, 0x0D, 0xC7, 0x4F,
    0x00, 0x95, 0x7F, 0x49, 0xC7, 0x03,
    0x42, 0xCA, 0x15, 0xDA, 0x25, 0x00,
    0x00, 0x00, 0x00, 0x00, 0x00, 0x00,
    0x00, 0x00, 0x00, 0x00, 0x00, 0x00,
    0x00, 0x00, 0x00, 0x00, 0x00, 0x00,
    0x00, 0x00, 0x00, 0x00, 0x00, 0x00,
    0x00, 0x00, 0x00, 0x00, 0x00, 0x00,

    /* Unicode: U+00BC */
    0x00, 0x00, 0x00, 0x00, 0x00, 0x00, 0x00, 0x00, 0x00, 0x00, 0x00, 0x00, 0x00,
    0x00, 0x00, 0x00, 0x00, 0x00, 0x00, 0x00, 0x00, 0x00, 0x00, 0x00, 0x00, 0x00,
    0x00, 0x00, 0x00, 0x00, 0x00, 0x00, 0x00, 0x00, 0x00, 0x00, 0x00, 0x00, 0x00,
    0x00, 0xF0, 0xFF, 0x38, 0x00, 0x00, 0x00, 0x00, 0xB3, 0x38, 0x00, 0x00, 0x00,
    0x00, 0x12, 0xAB, 0x38, 0x00, 0x00, 0x00, 0x59, 0x92, 0x00, 0x00, 0x00, 0x00,
    0x00, 0x00, 0xA4, 0x38, 0x00, 0x00, 0x12, 0xCB, 0x0C, 0x00, 0x00, 0x00, 0x00,
    0x00, 0x00, 0xA4, 0x38, 0x00, 0x00, 0x9F, 0x4B, 0x00, 0x1E, 0x59, 0x00, 0x00,
    0x00, 0x00, 0xA4, 0x38, 0x00, 0x42, 0xA6, 0x00, 0x00, 0xB5, 0x39, 0x00, 0x00,
    0x07, 0xF4, 0xFB, 0xF6, 0x73, 0xC9, 0x16, 0x00, 0x5D, 0x91, 0x00, 0x00, 0x00,
    0x01, 0x20, 0x20, 0x20, 0x96, 0x60, 0x00, 0x14, 0xCC, 0x0C, 0xA4, 0x1C, 0x00,
    0x00, 0x00, 0x00, 0x2F, 0xB8, 0x00, 0x00, 0x67, 0xD3, 0xC4, 0xEC, 0xCA, 0x12,
    0x00, 0x00, 0x03, 0xC1, 0x23, 0x00, 0x00, 0x00, 0x00, 0x00, 0xB8, 0x1C, 0x00,
    0x00, 0x00, 0x00, 0x00, 0x00, 0x00, 0x00, 0x00, 0x00, 0x00, 0x00, 0x00, 0x00,
    0x00, 0x00, 0x00, 0x00, 0x00, 0x00, 0x00, 0x00, 0x00, 0x00, 0x00, 0x00, 0x00,
    0x00, 0x00, 0x00, 0x00, 0x00, 0x00, 0x00, 0x00, 0x00, 0x00, 0x00, 0x00, 0x00,
    0x00, 0x00, 0x00, 0x00, 0x00, 0x00, 0x00, 0x00, 0x00, 0x00, 0x00, 0x00, 0x00,

    /* Unicode: U+00BD */
    0x00, 0x00, 0x00, 0x00, 0x00, 0x00, 0x00, 0x00, 0x00, 0x00, 0x00, 0x00,
    0x00, 0x00, 0x00, 0x00, 0x00, 0x00, 0x00, 0x00, 0x00, 0x00, 0x00, 0x00,
    0x00, 0x00, 0x00, 0x00, 0x00, 0x00, 0x00, 0x00, 0x00, 0x00, 0x00, 0x00,
    0x00, 0xF0, 0xFF, 0x38, 0x00, 0x00, 0x00, 0x00, 0xB3, 0x38, 0x00, 0x00,
    0x00, 0x12, 0xAB, 0x38, 0x00, 0x00, 0x00, 0x59, 0x92, 0x00, 0x00, 0x00,
    0x00, 0x00, 0xA4, 0x38, 0x00, 0x00, 0x12, 0xCB, 0x0C, 0x00, 0x00, 0x00,
    0x00, 0x00, 0xA4, 0x38, 0x00, 0x00, 0x9F, 0x55, 0xA6, 0xEB, 0xC4, 0x20,
    0x00, 0x00, 0xA4, 0x38, 0x00, 0x42, 0xA6, 0x26, 0x78, 0x2A, 0x8B, 0x85,
    0x07, 0xF4, 0xFB, 0xF6, 0x73, 0xC9, 0x16, 0x00, 0x00, 0x00, 0x84, 0x4F,
    0x01, 0x20, 0x20, 0x20, 0x96, 0x60, 0x00, 0x00, 0x00, 0x6C, 0x80, 0x00,
    0x00, 0x00, 0x00, 0x2F, 0xB8, 0x00, 0x00, 0x00, 0x7C, 0x94, 0x14, 0x10,
    0x00, 0x00, 0x03, 0xC1, 0x23, 0x00, 0x00, 0x30, 0xFF, 0xFF, 0xFF, 0xD0,
    0x00, 0x00, 0x00, 0x00, 0x00, 0x00, 0x00, 0x00, 0x00, 0x00, 0x00, 0x00,
    0x00, 0x00, 0x00, 0x00, 0x00, 0x00, 0x00, 0x00, 0x00, 0x00, 0x00, 0x00,
    0x00, 0x00, 0x00, 0x00, 0x00, 0x00, 0x00, 0x00, 0x00, 0x00, 0x00, 0x00,
    0x00, 0x00, 0x00, 0x00, 0x00, 0x00, 0x00, 0x00, 0x00, 0x00, 0x00, 0x00,

    /* Unicode: U+00BE */
    0x00, 0x00, 0x00, 0x00, 0x00, 0x00, 0x00, 0x00, 0x00, 0x00, 0x00, 0x00, 0x00,
    0x00, 0x00, 0x00, 0x00, 0x00, 0x00, 0x00, 0x00, 0x00, 0x00, 0x00, 0x00, 0x00,
    0x00, 0x00, 0x00, 0x00, 0x00, 0x00, 0x00, 0x00, 0x00, 0x00, 0x00, 0x00, 0x00,
    0x84, 0xFF, 0xFF, 0xFF, 0x51, 0x00, 0x00, 0x00, 0xB3, 0x38, 0x00, 0x00, 0x00,
    0x0A, 0x14, 0x41, 0xBC, 0x06, 0x00, 0x00, 0x59, 0x92, 0x00, 0x00, 0x00, 0x00,
    0x00, 0x0B, 0xE0, 0x56, 0x00, 0x00, 0x12, 0xCB, 0x0C, 0x00, 0x00, 0x00, 0x00,
    0x00, 0x07, 0x4C, 0xAC, 0x57, 0x00, 0x9F, 0x4B, 0x00, 0x1E, 0x59, 0x00, 0x00,
    0x36, 0x21, 0x00, 0x73, 0x85, 0x42, 0xA6, 0x00, 0x00, 0xB5, 0x39, 0x00, 0x00,
    0x58, 0xED, 0xFB, 0xDE, 0x2B, 0xC9, 0x16, 0x00, 0x5D, 0x91, 0x00, 0x00, 0x00,
    0x00, 0x01, 0x15, 0x01, 0x88, 0x60, 0x00, 0x14, 0xCC, 0x0C, 0xA4, 0x1C, 0x00,
    0x00, 0x00, 0x00, 0x2F, 0xB8, 0x00, 0x00, 0x67, 0xD3, 0xC4, 0xEC, 0xCA, 0x12,
    0x00, 0x00, 0x03, 0xC1, 0x23, 0x00, 0x00, 0x00, 0x00, 0x00, 0xB8, 0x1C, 0x00,
    0x00, 0x00, 0x00, 0x00, 0x00, 0x00, 0x00, 0x00, 0x00, 0x00, 0x00, 0x00, 0x00,
    0x00, 0x00, 0x00, 0x00, 0x00, 0x00, 0x00, 0x00, 0x00, 0x00, 0x00, 0x00, 0x00,
    0x00, 0x00, 0x00, 0x00, 0x00, 0x00, 0x00, 0x00, 0x00, 0x00, 0x00, 0x00, 0x00,
    0x00, 0x00, 0x00, 0x00, 0x00, 0x00, 0x00, 0x00, 0x00, 0x00, 0x00, 0x00, 0x00,

    /* Unicode: U+00BF */
    0x00, 0x00, 0x00, 0x00, 0x00, 0x00, 0x00,
    0x00, 0x00, 0x00, 0x00, 0x00, 0x00, 0x00,
    0x00, 0x00, 0x00, 0x00, 0x00, 0x00, 0x00,
    0x00, 0x00, 0x00, 0x00, 0x00, 0x00, 0x00,
    0x00, 0x00, 0x00, 0x00, 0x00, 0x00, 0x00,
    0x00, 0x00, 0x19, 0xEA, 0x28, 0x00, 0x00,
    0x00, 0x00, 0x00, 0x05, 0x00, 0x00, 0x00,
    0x00, 0x00, 0x1E, 0xB3, 0x0C, 0x00, 0x00,
    0x00, 0x02, 0xA7, 0xB6, 0x00, 0x00, 0x00,
    0x00, 0x94, 0xC4, 0x0B, 0x00, 0x00, 0x00,
    0x14, 0xFF, 0x23, 0x00, 0x00, 0x00, 0x00,
    0x11, 0xFD, 0x6A, 0x04, 0x1D, 0x9A, 0x64,
    0x00, 0x67, 0xF0, 0xFE, 0xFD, 0xB8, 0x1E,
    0x00, 0x00, 0x03, 0x1B, 0x0D, 0x00, 0x00,
    0x00, 0x00, 0x00, 0x00, 0x00, 0x00, 0x00,
    0x00, 0x00, 0x00, 0x00, 0x00, 0x00, 0x00,

    /* Unicode: U+00C0 */
    0x00, 0x00, 0x00, 0x3D, 0x71, 0x04, 0x00, 0x00, 0x00, 0x00,
    0x00, 0x00, 0x00, 0x01, 0x7A, 0xAF, 0x09, 0x00, 0x00, 0x00,
    0x00, 0x00, 0x00, 0x00, 0x00, 0x00, 0x00, 0x00, 0x00, 0x00,
    0x00, 0x00, 0x00, 0x00, 0x6B, 0xFF, 0x31, 0x00, 0x00, 0x00,
    0x00, 0x00, 0x00, 0x00, 0xD6, 0xE0, 0x9E, 0x00, 0x00, 0x00,
    0x00, 0x00, 0x00, 0x43, 0xED, 0x3D, 0xF7, 0x13, 0x00, 0x00,
    0x00, 0x00, 0x00, 0xB0, 0x90, 0x00, 0xD1, 0x77, 0x00, 0x00,
    0x00, 0x00, 0x1F, 0xFC, 0x2C, 0x00, 0x6D, 0xE0, 0x03, 0x00,
    0x00, 0x00, 0x89, 0xC8, 0x00, 0x00, 0x11, 0xF7, 0x50, 0x00,
    0x00, 0x08, 0xEC, 0xF9, 0xF0, 0xF0, 0xF0, 0xFD, 0xBC, 0x00,
    0x00, 0x62, 0xE9, 0x21, 0x1C, 0x1C, 0x1C, 0x44, 0xFE, 0x29,
    0x00, 0xCD, 0x76, 0x00, 0x00, 0x00, 0x00, 0x00, 0xB6, 0x95,
    0x00, 0x00, 0x00, 0x00, 0x00, 0x00, 0x00, 0x00, 0x00, 0x00,
    0x00, 0x00, 0x00, 0x00, 0x00, 0x00, 0x00, 0x00, 0x00, 0x00,
    0x00, 0x00, 0x00, 0x00, 0x00, 0x00, 0x00, 0x00, 0x00, 0x00,
    0x00, 0x00, 0x00, 0x00, 0x00, 0x00, 0x00, 0x00, 0x00, 0x00,

    /* Unicode: U+00C1 */
    0x00, 0x00, 0x00, 0x00, 0x00, 0x16, 0x7D, 0x20, 0x00, 0x00,
    0x00, 0x00, 0x00, 0x00, 0x1F, 0xC7, 0x4E, 0x00, 0x00, 0x00,
    0x00, 0x00, 0x00, 0x00, 0x00, 0x00, 0x00, 0x00, 0x00, 0x00,
    0x00, 0x00, 0x00, 0x00, 0x6B, 0xFF, 0x31, 0x00, 0x00, 0x00,
    0x00, 0x00, 0x00, 0x00, 0xD6, 0xE0, 0x9E, 0x00, 0x00, 0x00,
    0x00, 0x00, 0x00, 0x43, 0xED, 0x3D, 0xF7, 0x13, 0x00, 0x00,
    0x00, 0x00, 0x00, 0xB0, 0x90, 0x00, 0xD1, 0x77, 0x00, 0x00,
    0x00, 0x00, 0x1F, 0xFC, 0x2C, 0x00, 0x6D, 0xE0, 0x03, 0x00,
    0x00, 0x00, 0x89, 0xC8, 0x00, 0x00, 0x11, 0xF7, 0x50, 0x00,
    0x00, 0x08, 0xEC, 0xF9, 0xF0, 0xF0, 0xF0, 0xFD, 0xBC, 0x00,
    0x00, 0x62, 0xE9, 0x21, 0x1C, 0x1C, 0x1C, 0x44, 0xFE, 0x29,
    0x00, 0xCD, 0x76, 0x00, 0x00, 0x00, 0x00, 0x00, 0xB6, 0x95,
    0x00, 0x00, 0x00, 0x00, 0x00, 0x00, 0x00, 0x00, 0x00, 0x00,
    0x00, 0x00, 0x00, 0x00, 0x00, 0x00, 0x00, 0x00, 0x00, 0x00,
    0x00, 0x00, 0x00, 0x00, 0x00, 0x00, 0x00, 0x00, 0x00, 0x00,
    0x00, 0x00, 0x00, 0x00, 0x00, 0x00, 0x00, 0x00, 0x00, 0x00,

    /* Unicode: U+00C2 */
    0x00, 0x00, 0x00, 0x00, 0x38, 0x7F, 0x1A, 0x00, 0x00, 0x00,
    0x00, 0x00, 0x00, 0x46, 0xC0, 0x52, 0xC5, 0x21, 0x00, 0x00,
    0x00, 0x00, 0x00, 0x00, 0x00, 0x00, 0x00, 0x00, 0x00, 0x00,
    0x00, 0x00, 0x00, 0x00, 0x6B, 0xFF, 0x31, 0x00, 0x00, 0x00,
    0x00, 0x00, 0x00, 0x00, 0xD6, 0xE0, 0x9E, 0x00, 0x00, 0x00,
    0x00, 0x00, 0x00, 0x43, 0xED, 0x3D, 0xF7, 0x13, 0x00, 0x00,
    0x00, 0x00, 0x00, 0xB0, 0x90, 0x00, 0xD1, 0x77, 0x00, 0x00,
    0x00, 0x00, 0x1F, 0xFC, 0x2C, 0x00, 0x6D, 0xE0, 0x03, 0x00,
    0x00, 0x00, 0x89, 0xC8, 0x00, 0x00, 0x11, 0xF7, 0x50, 0x00,
    0x00, 0x08, 0xEC, 0xF9, 0xF0, 0xF0, 0xF0, 0xFD, 0xBC, 0x00,
    0x00, 0x62, 0xE9, 0x21, 0x1C, 0x1C, 0x1C, 0x44, 0xFE, 0x29,
    0x00, 0xCD, 0x76, 0x00, 0x00, 0x00, 0x00, 0x00, 0xB6, 0x95,
    0x00, 0x00, 0x00, 0x00, 0x00, 0x00, 0x00, 0x00, 0x00, 0x00,
    0x00, 0x00, 0x00, 0x00, 0x00, 0x00, 0x00, 0x00, 0x00, 0x00,
    0x00, 0x00, 0x00, 0x00, 0x00, 0x00, 0x00, 0x00, 0x00, 0x00,
    0x00, 0x00, 0x00, 0x00, 0x00, 0x00, 0x00, 0x00, 0x00, 0x00,

    /* Unicode: U+00C3 */
    0x00, 0x00, 0x00, 0x31, 0xDF, 0x66, 0x5E, 0x54, 0x00, 0x00,
    0x00, 0x00, 0x00, 0x8D, 0x41, 0xBB, 0xED, 0x16, 0x00, 0x00,
    0x00, 0x00, 0x00, 0x13, 0x00, 0x01, 0x0B, 0x00, 0x00, 0x00,
    0x00, 0x00, 0x00, 0x00, 0x6B, 0xFF, 0x31, 0x00, 0x00, 0x00,
    0x00, 0x00, 0x00, 0x00, 0xD6, 0xE0, 0x9E, 0x00, 0x00, 0x00,
    0x00, 0x00, 0x00, 0x43, 0xED, 0x3D, 0xF7, 0x13, 0x00, 0x00,
    0x00, 0x00, 0x00, 0xB0, 0x90, 0x00, 0xD1, 0x77, 0x00, 0x00,
    0x00, 0x00, 0x1F, 0xFC, 0x2C, 0x00, 0x6D, 0xE0, 0x03, 0x00,
    0x00, 0x00, 0x89, 0xC8, 0x00, 0x00, 0x11, 0xF7, 0x50, 0x00,
    0x00, 0x08, 0xEC, 0xF9, 0xF0, 0xF0, 0xF0, 0xFD, 0xBC, 0x00,
    0x00, 0x62, 0xE9, 0x21, 0x1C, 0x1C, 0x1C, 0x44, 0xFE, 0x29,
    0x00, 0xCD, 0x76, 0x00, 0x00, 0x00, 0x00, 0x00, 0xB6, 0x95,
    0x00, 0x00, 0x00, 0x00, 0x00, 0x00, 0x00, 0x00, 0x00, 0x00,
    0x00, 0x00, 0x00, 0x00, 0x00, 0x00, 0x00, 0x00, 0x00, 0x00,
    0x00, 0x00, 0x00, 0x00, 0x00, 0x00, 0x00, 0x00, 0x00, 0x00,
    0x00, 0x00, 0x00, 0x00, 0x00, 0x00, 0x00, 0x00, 0x00, 0x00,

    /* Unicode: U+00C4 */
    0x00, 0x00, 0x00, 0x00, 0x00, 0x00, 0x00, 0x00, 0x00, 0x00,
    0x00, 0x00, 0x00, 0x35, 0xAE, 0x06, 0xD6, 0x06, 0x00, 0x00,
    0x00, 0x00, 0x00, 0x00, 0x0B, 0x00, 0x0C, 0x00, 0x00, 0x00,
    0x00, 0x00, 0x00, 0x00, 0x6B, 0xFF, 0x31, 0x00, 0x00, 0x00,
    0x00, 0x00, 0x00, 0x00, 0xD6, 0xE0, 0x9E, 0x00, 0x00, 0x00,
    0x00, 0x00, 0x00, 0x43, 0xED, 0x3D, 0xF7, 0x13, 0x00, 0x00,
    0x00, 0x00, 0x00, 0xB0, 0x90, 0x00, 0xD1, 0x77, 0x00, 0x00,
    0x00, 0x00, 0x1F, 0xFC, 0x2C, 0x00, 0x6D, 0xE0, 0x03, 0x00,
    0x00, 0x00, 0x89, 0xC8, 0x00, 0x00, 0x11, 0xF7, 0x50, 0x00,
    0x00, 0x08, 0xEC, 0xF9, 0xF0, 0xF0, 0xF0, 0xFD, 0xBC, 0x00,
    0x00, 0x62, 0xE9, 0x21, 0x1C, 0x1C, 0x1C, 0x44, 0xFE, 0x29,
    0x00, 0xCD, 0x76, 0x00, 0x00, 0x00, 0x00, 0x00, 0xB6, 0x95,
    0x00, 0x00, 0x00, 0x00, 0x00, 0x00, 0x00, 0x00, 0x00, 0x00,
    0x00, 0x00, 0x00, 0x00, 0x00, 0x00, 0x00, 0x00, 0x00, 0x00,
    0x00, 0x00, 0x00, 0x00, 0x00, 0x00, 0x00, 0x00, 0x00, 0x00,
    0x00, 0x00, 0x00, 0x00, 0x00, 0x00, 0x00, 0x00, 0x00, 0x00,

    /* Unicode: U+00C5 */
    0x00, 0x00, 0x00, 0x00, 0x5F, 0x9C, 0x35, 0x00, 0x00, 0x00,
    0x00, 0x00, 0x00, 0x00, 0x99, 0x01, 0x96, 0x00, 0x00, 0x00,
    0x00, 0x00, 0x00, 0x00, 0x5E, 0x94, 0x37, 0x00, 0x00, 0x00,
    0x00, 0x00, 0x00, 0x00, 0x00, 0x00, 0x00, 0x00, 0x00, 0x00,
    0x00, 0x00, 0x00, 0x00, 0x6B, 0xFF, 0x31, 0x00, 0x00, 0x00,
    0x00, 0x00, 0x00, 0x00, 0xD6, 0xE0, 0x9E, 0x00, 0x00, 0x00,
    0x00, 0x00, 0x00, 0x43, 0xED, 0x3D, 0xF7, 0x13, 0x00, 0x00,
    0x00, 0x00, 0x00, 0xB0, 0x90, 0x00, 0xD1, 0x77, 0x00, 0x00,
    0x00, 0x00, 0x1F, 0xFC, 0x2C, 0x00, 0x6D, 0xE0, 0x03, 0x00,
    0x00, 0x00, 0x89, 0xC8, 0x00, 0x00, 0x11, 0xF7, 0x50, 0x00,
    0x00, 0x08, 0xEC, 0xF9, 0xF0, 0xF0, 0xF0, 0xFD, 0xBC, 0x00,
    0x00, 0x62, 0xE9, 0x21, 0x1C, 0x1C, 0x1C, 0x44, 0xFE, 0x29,
    0x00, 0xCD, 0x76, 0x00, 0x00, 0x00, 0x00, 0x00, 0xB6, 0x95,
    0x00, 0x00, 0x00, 0x00, 0x00, 0x00, 0x00, 0x00, 0x00, 0x00,
    0x00, 0x00, 0x00, 0x00, 0x00, 0x00, 0x00, 0x00, 0x00, 0x00,
    0x00, 0x00, 0x00, 0x00, 0x00, 0x00, 0x00, 0x00, 0x00, 0x00,

    /* Unicode: U+00C6 */
    0x00, 0x00, 0x00, 0x00, 0x00, 0x00, 0x00, 0x00, 0x00, 0x00, 0x00, 0x00, 0x00,
    0x00, 0x00, 0x00, 0x00, 0x00, 0x00, 0x00, 0x00, 0x00, 0x00, 0x00, 0x00, 0x00,
    0x00, 0x00, 0x00, 0x00, 0x00, 0x00, 0x00, 0x00, 0x00, 0x00, 0x00, 0x00, 0x00,
    0x00, 0x00, 0x00, 0x00, 0x00, 0x4C, 0xFF, 0xFF, 0xFF, 0xFF, 0xFF, 0xFF, 0xB8,
    0x00, 0x00, 0x00, 0x00, 0x03, 0xD5, 0x90, 0xFC, 0x14, 0x14, 0x14, 0x14, 0x0E,
    0x00, 0x00, 0x00, 0x00, 0x68, 0xD4, 0x36, 0xFC, 0x00, 0x00, 0x00, 0x00, 0x00,
    0x00, 0x00, 0x00, 0x0C, 0xE8, 0x53, 0x34, 0xFC, 0x00, 0x00, 0x00, 0x00, 0x00,
    0x00, 0x00, 0x00, 0x84, 0xD0, 0x01, 0x34, 0xFF, 0xF4, 0xF4, 0xF4, 0xF4, 0x31,
    0x00, 0x00, 0x1C, 0xF6, 0x4F, 0x00, 0x34, 0xFC, 0x20, 0x20, 0x20, 0x20, 0x06,
    0x00, 0x00, 0xA1, 0xFF, 0xF4, 0xF4, 0xF6, 0xFC, 0x00, 0x00, 0x00, 0x00, 0x00,
    0x00, 0x30, 0xFA, 0x48, 0x20, 0x20, 0x4D, 0xFC, 0x14, 0x14, 0x14, 0x14, 0x11,
    0x00, 0xBC, 0x8C, 0x00, 0x00, 0x00, 0x34, 0xFF, 0xFF, 0xFF, 0xFF, 0xFF, 0xE4,
    0x00, 0x00, 0x00, 0x00, 0x00, 0x00, 0x00, 0x00, 0x00, 0x00, 0x00, 0x00, 0x00,
    0x00, 0x00, 0x00, 0x00, 0x00, 0x00, 0x00, 0x00, 0x00, 0x00, 0x00, 0x00, 0x00,
    0x00, 0x00, 0x00, 0x00, 0x00, 0x00, 0x00, 0x00, 0x00, 0x00, 0x00, 0x00, 0x00,
    0x00, 0x00, 0x00, 0x00, 0x00, 0x00, 0x00, 0x00, 0x00, 0x00, 0x00, 0x00, 0x00,

    /* Unicode: U+00C7 */
    0x00, 0x00, 0x00, 0x00, 0x00, 0x00, 0x00, 0x00, 0x00,
    0x00, 0x00, 0x00, 0x00, 0x00, 0x00, 0x00, 0x00, 0x00,
    0x00, 0x00, 0x00, 0x00, 0x00, 0x00, 0x00, 0x00, 0x00,
    0x00, 0x00, 0x39, 0xB5, 0xEF, 0xF4, 0xBF, 0x42, 0x00,
    0x00, 0x50, 0xF6, 0x81, 0x28, 0x20, 0x70, 0xDC, 0x0B,
    0x08, 0xEC, 0x65, 0x00, 0x00, 0x00, 0x00, 0x05, 0x00,
    0x4A, 0xEC, 0x03, 0x00, 0x00, 0x00, 0x00, 0x00, 0x00,
    0x64, 0xCF, 0x00, 0x00, 0x00, 0x00, 0x00, 0x00, 0x00,
    0x4A, 0xEC, 0x03, 0x00, 0x00, 0x00, 0x00, 0x00, 0x00,
    0x09, 0xED, 0x64, 0x00, 0x00, 0x00, 0x00, 0x06, 0x00,
    0x00, 0x52, 0xF6, 0x7D, 0x27, 0x20, 0x71, 0xDD, 0x0B,
    0x00, 0x00, 0x3D, 0xB9, 0xF0, 0xF4, 0xBF, 0x42, 0x00,
    0x00, 0x00, 0x00, 0x00, 0x9D, 0x22, 0x00, 0x00, 0x00,
    0x00, 0x00, 0x00, 0x08, 0x26, 0xD9, 0x00, 0x00, 0x00,
    0x00, 0x00, 0x00, 0x67, 0xFD, 0xBF, 0x00, 0x00, 0x00,
    0x00, 0x00, 0x00, 0x00, 0x15, 0x01, 0x00, 0x00, 0x00,

    /* Unicode: U+00C8 */
    0x00, 0x4F, 0x64, 0x00, 0x00, 0x00, 0x00,
    0x00, 0x07, 0x95, 0x96, 0x02, 0x00, 0x00,
    0x00, 0x00, 0x00, 0x00, 0x00, 0x00, 0x00,
    0xBC, 0xFF, 0xFF, 0xFF, 0xFF, 0xFF, 0x30,
    0xBC, 0x7E, 0x14, 0x14, 0x14, 0x14, 0x03,
    0xBC, 0x74, 0x00, 0x00, 0x00, 0x00, 0x00,
    0xBC, 0x74, 0x00, 0x00, 0x00, 0x00, 0x00,
    0xBC, 0xF9, 0xF4, 0xF4, 0xF4, 0xA3, 0x00,
    0xBC, 0x85, 0x20, 0x20, 0x20, 0x15, 0x00,
    0xBC, 0x74, 0x00, 0x00, 0x00, 0x00, 0x00,
    0xBC, 0x7E, 0x14, 0x14, 0x14, 0x14, 0x07,
    0xBC, 0xFF, 0xFF, 0xFF, 0xFF, 0xFF, 0x5C,
    0x00, 0x00, 0x00, 0x00, 0x00, 0x00, 0x00,
    0x00, 0x00, 0x00, 0x00, 0x00, 0x00, 0x00,
    0x00, 0x00, 0x00, 0x00, 0x00, 0x00, 0x00,
    0x00, 0x00, 0x00, 0x00, 0x00, 0x00, 0x00,

    /* Unicode: U+00C9 */
    0x00, 0x00, 0x00, 0x26, 0x7A, 0x12, 0x00,
    0x00, 0x00, 0x32, 0xCA, 0x37, 0x00, 0x00,
    0x00, 0x00, 0x00, 0x00, 0x00, 0x00, 0x00,
    0xBC, 0xFF, 0xFF, 0xFF, 0xFF, 0xFF, 0x30,
    0xBC, 0x7E, 0x14, 0x14, 0x14, 0x14, 0x03,
    0xBC, 0x74, 0x00, 0x00, 0x00, 0x00, 0x00,
    0xBC, 0x74, 0x00, 0x00, 0x00, 0x00, 0x00,
    0xBC, 0xF9, 0xF4, 0xF4, 0xF4, 0xA3, 0x00,
    0xBC, 0x85, 0x20, 0x20, 0x20, 0x15, 0x00,
    0xBC, 0x74, 0x00, 0x00, 0x00, 0x00, 0x00,
    0xBC, 0x7E, 0x14, 0x14, 0x14, 0x14, 0x07,
    0xBC, 0xFF, 0xFF, 0xFF, 0xFF, 0xFF, 0x5C,
    0x00, 0x00, 0x00, 0x00, 0x00, 0x00, 0x00,
    0x00, 0x00, 0x00, 0x00, 0x00, 0x00, 0x00,
    0x00, 0x00, 0x00, 0x00, 0x00, 0x00, 0x00,
    0x00, 0x00, 0x00, 0x00, 0x00, 0x00, 0x00,

    /* Unicode: U+00CA */
    0x00, 0x00, 0x4A, 0x7B, 0x0C, 0x00, 0x00,
    0x00, 0x62, 0xB1, 0x5D, 0xBD, 0x12, 0x00,
    0x00, 0x00, 0x00, 0x00, 0x00, 0x00, 0x00,
    0xBC, 0xFF, 0xFF, 0xFF, 0xFF, 0xFF, 0x30,
    0xBC, 0x7E, 0x14, 0x14, 0x14, 0x14, 0x03,
    0xBC, 0x74, 0x00, 0x00, 0x00, 0x00, 0x00,
    0xBC, 0x74, 0x00, 0x00, 0x00, 0x00, 0x00,
    0xBC, 0xF9, 0xF4, 0xF4, 0xF4, 0xA3, 0x00,
    0xBC, 0x85, 0x20, 0x20, 0x20, 0x15, 0x00,
    0xBC, 0x74, 0x00, 0x00, 0x00, 0x00, 0x00,
    0xBC, 0x7E, 0x14, 0x14, 0x14, 0x14, 0x07,
    0xBC, 0xFF, 0xFF, 0xFF, 0xFF, 0xFF, 0x5C,
    0x00, 0x00, 0x00, 0x00, 0x00, 0x00, 0x00,
    0x00, 0x00, 0x00, 0x00, 0x00, 0x00, 0x00,
    0x00, 0x00, 0x00, 0x00, 0x00, 0x00, 0x00,
    0x00, 0x00, 0x00, 0x00, 0x00, 0x00, 0x00,

    /* Unicode: U+00CB */
    0x00, 0x00, 0x00, 0x00, 0x00, 0x00, 0x00,
    0x00, 0x55, 0x8E, 0x21, 0xC2, 0x00, 0x00,
    0x00, 0x02, 0x09, 0x00, 0x0C, 0x00, 0x00,
    0xBC, 0xFF, 0xFF, 0xFF, 0xFF, 0xFF, 0x30,
    0xBC, 0x7E, 0x14, 0x14, 0x14, 0x14, 0x03,
    0xBC, 0x74, 0x00, 0x00, 0x00, 0x00, 0x00,
    0xBC, 0x74, 0x00, 0x00, 0x00, 0x00, 0x00,
    0xBC, 0xF9, 0xF4, 0xF4, 0xF4, 0xA3, 0x00,
    0xBC, 0x85, 0x20, 0x20, 0x20, 0x15, 0x00,
    0xBC, 0x74, 0x00, 0x00, 0x00, 0x00, 0x00,
    0xBC, 0x7E, 0x14, 0x14, 0x14, 0x14, 0x07,
    0xBC, 0xFF, 0xFF, 0xFF, 0xFF, 0xFF, 0x5C,
    0x00, 0x00, 0x00, 0x00, 0x00, 0x00, 0x00,
    0x00, 0x00, 0x00, 0x00, 0x00, 0x00, 0x00,
    0x00, 0x00, 0x00, 0x00, 0x00, 0x00, 0x00,
    0x00, 0x00, 0x00, 0x00, 0x00, 0x00, 0x00,

    /* Unicode: U+00CC */
    0x0B, 0x75, 0x32, 0x00,
    0x00, 0x2B, 0xC8, 0x42,
    0x00, 0x00, 0x00, 0x00,
    0x00, 0x00, 0xBC, 0x74,
    0x00, 0x00, 0xBC, 0x74,
    0x00, 0x00, 0xBC, 0x74,
    0x00, 0x00, 0xBC, 0x74,
    0x00, 0x00, 0xBC, 0x74,
    0x00, 0x00, 0xBC, 0x74,
    0x00, 0x00, 0xBC, 0x74,
    0x00, 0x00, 0xBC, 0x74,
    0x00, 0x00, 0xBC, 0x74,
    0x00, 0x00, 0x00, 0x00,
    0x00, 0x00, 0x00, 0x00,
    0x00, 0x00, 0x00, 0x00,
    0x00, 0x00, 0x00, 0x00,

    /* Unicode: U+00CD */
    0x00, 0x00, 0x58, 0x5A, 0x00,
    0x00, 0x81, 0xA6, 0x0D, 0x00,
    0x00, 0x00, 0x00, 0x00, 0x00,
    0x00, 0xBC, 0x74, 0x00, 0x00,
    0x00, 0xBC, 0x74, 0x00, 0x00,
    0x00, 0xBC, 0x74, 0x00, 0x00,
    0x00, 0xBC, 0x74, 0x00, 0x00,
    0x00, 0xBC, 0x74, 0x00, 0x00,
    0x00, 0xBC, 0x74, 0x00, 0x00,
    0x00, 0xBC, 0x74, 0x00, 0x00,
    0x00, 0xBC, 0x74, 0x00, 0x00,
    0x00, 0xBC, 0x74, 0x00, 0x00,
    0x00, 0x00, 0x00, 0x00, 0x00,
    0x00, 0x00, 0x00, 0x00, 0x00,
    0x00, 0x00, 0x00, 0x00, 0x00,
    0x00, 0x00, 0x00, 0x00, 0x00,

    /* Unicode: U+00CE */
    0x00, 0x06, 0x75, 0x55, 0x00,
    0x0A, 0xB3, 0x6A, 0xA1, 0x78,
    0x00, 0x00, 0x00, 0x00, 0x00,
    0x00, 0x00, 0xBC, 0x74, 0x00,
    0x00, 0x00, 0xBC, 0x74, 0x00,
    0x00, 0x00, 0xBC, 0x74, 0x00,
    0x00, 0x00, 0xBC, 0x74, 0x00,
    0x00, 0x00, 0xBC, 0x74, 0x00,
    0x00, 0x00, 0xBC, 0x74, 0x00,
    0x00, 0x00, 0xBC, 0x74, 0x00,
    0x00, 0x00, 0xBC, 0x74, 0x00,
    0x00, 0x00, 0xBC, 0x74, 0x00,
    0x00, 0x00, 0x00, 0x00, 0x00,
    0x00, 0x00, 0x00, 0x00, 0x00,
    0x00, 0x00, 0x00, 0x00, 0x00,
    0x00, 0x00, 0x00, 0x00, 0x00,

    /* Unicode: U+00CF */
    0x00, 0x00, 0x00, 0x00,
    0xB0, 0x33, 0x7A, 0x69,
    0x0B, 0x00, 0x07, 0x05,
    0x00, 0xBC, 0x74, 0x00,
    0x00, 0xBC, 0x74, 0x00,
    0x00, 0xBC, 0x74, 0x00,
    0x00, 0xBC, 0x74, 0x00,
    0x00, 0xBC, 0x74, 0x00,
    0x00, 0xBC, 0x74, 0x00,
    0x00, 0xBC, 0x74, 0x00,
    0x00, 0xBC, 0x74, 0x00,
    0x00, 0xBC, 0x74, 0x00,
    0x00, 0x00, 0x00, 0x00,
    0x00, 0x00, 0x00, 0x00,
    0x00, 0x00, 0x00, 0x00,
    0x00, 0x00, 0x00, 0x00,

    /* Unicode: U+00D0 */
    0x00, 0x00, 0x00, 0x00, 0x00, 0x00, 0x00, 0x00, 0x00, 0x00,
    0x00, 0x00, 0x00, 0x00, 0x00, 0x00, 0x00, 0x00, 0x00, 0x00,
    0x00, 0x00, 0x00, 0x00, 0x00, 0x00, 0x00, 0x00, 0x00, 0x00,
    0x00, 0xA4, 0xFF, 0xFF, 0xFF, 0xEE, 0xB8, 0x40, 0x00, 0x00,
    0x00, 0xA4, 0x95, 0x14, 0x14, 0x29, 0x80, 0xF7, 0x5B, 0x00,
    0x00, 0xA4, 0x8C, 0x00, 0x00, 0x00, 0x00, 0x5D, 0xF1, 0x0B,
    0x00, 0xA4, 0x8C, 0x00, 0x00, 0x00, 0x00, 0x02, 0xE8, 0x50,
    0xD5, 0xFF, 0xFF, 0xF4, 0xE0, 0x00, 0x00, 0x00, 0xCB, 0x68,
    0x1C, 0xC4, 0xAC, 0x20, 0x1D, 0x00, 0x00, 0x01, 0xE8, 0x50,
    0x00, 0xA4, 0x8C, 0x00, 0x00, 0x00, 0x00, 0x5B, 0xF2, 0x0C,
    0x00, 0xA4, 0x95, 0x14, 0x14, 0x28, 0x7C, 0xF6, 0x5D, 0x00,
    0x00, 0xA4, 0xFF, 0xFF, 0xFF, 0xEF, 0xB8, 0x40, 0x00, 0x00,
    0x00, 0x00, 0x00, 0x00, 0x00, 0x00, 0x00, 0x00, 0x00, 0x00,
    0x00, 0x00, 0x00, 0x00, 0x00, 0x00, 0x00, 0x00, 0x00, 0x00,
    0x00, 0x00, 0x00, 0x00, 0x00, 0x00, 0x00, 0x00, 0x00, 0x00,
    0x00, 0x00, 0x00, 0x00, 0x00, 0x00, 0x00, 0x00, 0x00, 0x00,

    /* Unicode: U+00D1 */
    0x00, 0x00, 0xA6, 0xBC, 0x18, 0xAE, 0x00, 0x00,
    0x00, 0x15, 0xAA, 0x57, 0xF8, 0x7E, 0x00, 0x00,
    0x00, 0x04, 0x0F, 0x00, 0x0C, 0x00, 0x00, 0x00,
    0xBC, 0x9E, 0x00, 0x00, 0x00, 0x00, 0xB8, 0x7C,
    0xBC, 0xFF, 0x5D, 0x00, 0x00, 0x00, 0xB8, 0x7C,
    0xBC, 0xDB, 0xF4, 0x28, 0x00, 0x00, 0xB8, 0x7C,
    0xBC, 0x75, 0xB2, 0xD2, 0x09, 0x00, 0xB8, 0x7C,
    0xBC, 0x74, 0x11, 0xDE, 0x9A, 0x00, 0xB8, 0x7C,
    0xBC, 0x74, 0x00, 0x33, 0xF8, 0x59, 0xB8, 0x7C,
    0xBC, 0x74, 0x00, 0x00, 0x69, 0xF2, 0xD7, 0x7C,
    0xBC, 0x74, 0x00, 0x00, 0x00, 0xA5, 0xFF, 0x7C,
    0xBC, 0x74, 0x00, 0x00, 0x00, 0x0B, 0xD6, 0x7C,
    0x00, 0x00, 0x00, 0x00, 0x00, 0x00, 0x00, 0x00,
    0x00, 0x00, 0x00, 0x00, 0x00, 0x00, 0x00, 0x00,
    0x00, 0x00, 0x00, 0x00, 0x00, 0x00, 0x00, 0x00,
    0x00, 0x00, 0x00, 0x00, 0x00, 0x00, 0x00, 0x00,

    /* Unicode: U+00D2 */
    0x00, 0x00, 0x01, 0x65, 0x4C, 0x00, 0x00, 0x00, 0x00, 0x00,
    0x00, 0x00, 0x00, 0x15, 0xB5, 0x6B, 0x00, 0x00, 0x00, 0x00,
    0x00, 0x00, 0x00, 0x00, 0x00, 0x00, 0x00, 0x00, 0x00, 0x00,
    0x00, 0x00, 0x39, 0xB5, 0xEE, 0xF1, 0xBC, 0x43, 0x00, 0x00,
    0x00, 0x50, 0xF6, 0x81, 0x27, 0x23, 0x75, 0xF5, 0x62, 0x00,
    0x08, 0xEC, 0x65, 0x00, 0x00, 0x00, 0x00, 0x51, 0xF6, 0x12,
    0x4A, 0xEC, 0x03, 0x00, 0x00, 0x00, 0x00, 0x00, 0xDC, 0x5E,
    0x64, 0xCF, 0x00, 0x00, 0x00, 0x00, 0x00, 0x00, 0xBB, 0x78,
    0x4A, 0xEC, 0x03, 0x00, 0x00, 0x00, 0x00, 0x00, 0xDC, 0x5E,
    0x08, 0xEC, 0x64, 0x00, 0x00, 0x00, 0x00, 0x51, 0xF6, 0x13,
    0x00, 0x50, 0xF6, 0x7D, 0x26, 0x22, 0x72, 0xF4, 0x64, 0x00,
    0x00, 0x00, 0x3B, 0xB7, 0xEF, 0xF2, 0xBF, 0x46, 0x00, 0x00,
    0x00, 0x00, 0x00, 0x00, 0x00, 0x00, 0x00, 0x00, 0x00, 0x00,
    0x00, 0x00, 0x00, 0x00, 0x00, 0x00, 0x00, 0x00, 0x00, 0x00,
    0x00, 0x00, 0x00, 0x00, 0x00, 0x00, 0x00, 0x00, 0x00, 0x00,
    0x00, 0x00, 0x00, 0x00, 0x00, 0x00, 0x00, 0x00, 0x00, 0x00,

    /* Unicode: U+00D3 */
    0x00, 0x00, 0x00, 0x00, 0x00, 0x3E, 0x6E, 0x06, 0x00, 0x00,
    0x00, 0x00, 0x00, 0x00, 0x53, 0xC1, 0x1F, 0x00, 0x00, 0x00,
    0x00, 0x00, 0x00, 0x00, 0x00, 0x00, 0x00, 0x00, 0x00, 0x00,
    0x00, 0x00, 0x39, 0xB5, 0xEE, 0xF1, 0xBC, 0x43, 0x00, 0x00,
    0x00, 0x50, 0xF6, 0x81, 0x27, 0x23, 0x75, 0xF5, 0x62, 0x00,
    0x08, 0xEC, 0x65, 0x00, 0x00, 0x00, 0x00, 0x51, 0xF6, 0x12,
    0x4A, 0xEC, 0x03, 0x00, 0x00, 0x00, 0x00, 0x00, 0xDC, 0x5E,
    0x64, 0xCF, 0x00, 0x00, 0x00, 0x00, 0x00, 0x00, 0xBB, 0x78,
    0x4A, 0xEC, 0x03, 0x00, 0x00, 0x00, 0x00, 0x00, 0xDC, 0x5E,
    0x08, 0xEC, 0x64, 0x00, 0x00, 0x00, 0x00, 0x51, 0xF6, 0x13,
    0x00, 0x50, 0xF6, 0x7D, 0x26, 0x22, 0x72, 0xF4, 0x64, 0x00,
    0x00, 0x00, 0x3B, 0xB7, 0xEF, 0xF2, 0xBF, 0x46, 0x00, 0x00,
    0x00, 0x00, 0x00, 0x00, 0x00, 0x00, 0x00, 0x00, 0x00, 0x00,
    0x00, 0x00, 0x00, 0x00, 0x00, 0x00, 0x00, 0x00, 0x00, 0x00,
    0x00, 0x00, 0x00, 0x00, 0x00, 0x00, 0x00, 0x00, 0x00, 0x00,
    0x00, 0x00, 0x00, 0x00, 0x00, 0x00, 0x00, 0x00, 0x00, 0x00,

    /* Unicode: U+00D4 */
    0x00, 0x00, 0x00, 0x00, 0x61, 0x6D, 0x02, 0x00, 0x00, 0x00,
    0x00, 0x00, 0x01, 0x8E, 0x90, 0x78, 0xA3, 0x04, 0x00, 0x00,
    0x00, 0x00, 0x00, 0x00, 0x00, 0x00, 0x00, 0x00, 0x00, 0x00,
    0x00, 0x00, 0x39, 0xB5, 0xEE, 0xF1, 0xBC, 0x43, 0x00, 0x00,
    0x00, 0x50, 0xF6, 0x81, 0x27, 0x23, 0x75, 0xF5, 0x62, 0x00,
    0x08, 0xEC, 0x65, 0x00, 0x00, 0x00, 0x00, 0x51, 0xF6, 0x12,
    0x4A, 0xEC, 0x03, 0x00, 0x00, 0x00, 0x00, 0x00, 0xDC, 0x5E,
    0x64, 0xCF, 0x00, 0x00, 0x00, 0x00, 0x00, 0x00, 0xBB, 0x78,
    0x4A, 0xEC, 0x03, 0x00, 0x00, 0x00, 0x00, 0x00, 0xDC, 0x5E,
    0x08, 0xEC, 0x64, 0x00, 0x00, 0x00, 0x00, 0x51, 0xF6, 0x13,
    0x00, 0x50, 0xF6, 0x7D, 0x26, 0x22, 0x72, 0xF4, 0x64, 0x00,
    0x00, 0x00, 0x3B, 0xB7, 0xEF, 0xF2, 0xBF, 0x46, 0x00, 0x00,
    0x00, 0x00, 0x00, 0x00, 0x00, 0x00, 0x00, 0x00, 0x00, 0x00,
    0x00, 0x00, 0x00, 0x00, 0x00, 0x00, 0x00, 0x00, 0x00, 0x00,
    0x00, 0x00, 0x00, 0x00, 0x00, 0x00, 0x00, 0x00, 0x00, 0x00,
    0x00, 0x00, 0x00, 0x00, 0x00, 0x00, 0x00, 0x00, 0x00, 0x00,

    /* Unicode: U+00D5 */
    0x00, 0x00, 0x00, 0x77, 0xD3, 0x2B, 0xAC, 0x06, 0x00, 0x00,
    0x00, 0x00, 0x00, 0xBA, 0x39, 0xE8, 0xB2, 0x00, 0x00, 0x00,
    0x00, 0x00, 0x00, 0x14, 0x00, 0x09, 0x03, 0x00, 0x00, 0x00,
    0x00, 0x00, 0x39, 0xB5, 0xEE, 0xF1, 0xBC, 0x43, 0x00, 0x00,
    0x00, 0x50, 0xF6, 0x81, 0x27, 0x23, 0x75, 0xF5, 0x62, 0x00,
    0x08, 0xEC, 0x65, 0x00, 0x00, 0x00, 0x00, 0x51, 0xF6, 0x12,
    0x4A, 0xEC, 0x03, 0x00, 0x00, 0x00, 0x00, 0x00, 0xDC, 0x5E,
    0x64, 0xCF, 0x00, 0x00, 0x00, 0x00, 0x00, 0x00, 0xBB, 0x78,
    0x4A, 0xEC, 0x03, 0x00, 0x00, 0x00, 0x00, 0x00, 0xDC, 0x5E,
    0x08, 0xEC, 0x64, 0x00, 0x00, 0x00, 0x00, 0x51, 0xF6, 0x13,
    0x00, 0x50, 0xF6, 0x7D, 0x26, 0x22, 0x72, 0xF4, 0x64, 0x00,
    0x00, 0x00, 0x3B, 0xB7, 0xEF, 0xF2, 0xBF, 0x46, 0x00, 0x00,
    0x00, 0x00, 0x00, 0x00, 0x00, 0x00, 0x00, 0x00, 0x00, 0x00,
    0x00, 0x00, 0x00, 0x00, 0x00, 0x00, 0x00, 0x00, 0x00, 0x00,
    0x00, 0x00, 0x00, 0x00, 0x00, 0x00, 0x00, 0x00, 0x00, 0x00,
    0x00, 0x00, 0x00, 0x00, 0x00, 0x00, 0x00, 0x00, 0x00, 0x00,

    /* Unicode: U+00D6 */
    0x00, 0x00, 0x00, 0x00, 0x00, 0x00, 0x00, 0x00, 0x00, 0x00,
    0x00, 0x00, 0x00, 0x82, 0x62, 0x4A, 0x99, 0x00, 0x00, 0x00,
    0x00, 0x00, 0x00, 0x08, 0x04, 0x01, 0x0A, 0x00, 0x00, 0x00,
    0x00, 0x00, 0x39, 0xB5, 0xEE, 0xF1, 0xBC, 0x43, 0x00, 0x00,
    0x00, 0x50, 0xF6, 0x81, 0x27, 0x23, 0x75, 0xF5, 0x62, 0x00,
    0x08, 0xEC, 0x65, 0x00, 0x00, 0x00, 0x00, 0x51, 0xF6, 0x12,
    0x4A, 0xEC, 0x03, 0x00, 0x00, 0x00, 0x00, 0x00, 0xDC, 0x5E,
    0x64, 0xCF, 0x00, 0x00, 0x00, 0x00, 0x00, 0x00, 0xBB, 0x78,
    0x4A, 0xEC, 0x03, 0x00, 0x00, 0x00, 0x00, 0x00, 0xDC, 0x5E,
    0x08, 0xEC, 0x64, 0x00, 0x00, 0x00, 0x00, 0x51, 0xF6, 0x13,
    0x00, 0x50, 0xF6, 0x7D, 0x26, 0x22, 0x72, 0xF4, 0x64, 0x00,
    0x00, 0x00, 0x3B, 0xB7, 0xEF, 0xF2, 0xBF, 0x46, 0x00, 0x00,
    0x00, 0x00, 0x00, 0x00, 0x00, 0x00, 0x00, 0x00, 0x00, 0x00,
    0x00, 0x00, 0x00, 0x00, 0x00, 0x00, 0x00, 0x00, 0x00, 0x00,
    0x00, 0x00, 0x00, 0x00, 0x00, 0x00, 0x00, 0x00, 0x00, 0x00,
    0x00, 0x00, 0x00, 0x00, 0x00, 0x00, 0x00, 0x00, 0x00, 0x00,

    /* Unicode: U+00D7 */
    0x00, 0x00, 0x00, 0x00, 0x00,
    0x00, 0x00, 0x00, 0x00, 0x00,
    0x00, 0x00, 0x00, 0x00, 0x00,
    0x00, 0x00, 0x00, 0x00, 0x00,
    0x00, 0x00, 0x00, 0x00, 0x00,
    0x20, 0x11, 0x00, 0x13, 0x1F,
    0x67, 0xCC, 0x24, 0xD0, 0x66,
    0x00, 0x81, 0xFC, 0x7E, 0x00,
    0x10, 0xCC, 0xB9, 0xCA, 0x10,
    0x77, 0x79, 0x00, 0x7F, 0x75,
    0x00, 0x00, 0x00, 0x00, 0x00,
    0x00, 0x00, 0x00, 0x00, 0x00,
    0x00, 0x00, 0x00, 0x00, 0x00,
    0x00, 0x00, 0x00, 0x00, 0x00,
    0x00, 0x00, 0x00, 0x00, 0x00,
    0x00, 0x00, 0x00, 0x00, 0x00,

    /* Unicode: U+00D8 */
    0x00, 0x00, 0x00, 0x00, 0x00, 0x00, 0x00, 0x00, 0x00, 0x00,
    0x00, 0x00, 0x00, 0x00, 0x00, 0x00, 0x00, 0x00, 0x00, 0x00,
    0x00, 0x00, 0x00, 0x00, 0x00, 0x00, 0x00, 0x28, 0xC3, 0x03,
    0x00, 0x00, 0x39, 0xB5, 0xEE, 0xF1, 0xBF, 0xFF, 0x2D, 0x00,
    0x00, 0x50, 0xF6, 0x81, 0x27, 0x23, 0xE6, 0xFF, 0x62, 0x00,
    0x08, 0xEC, 0x65, 0x00, 0x00, 0x22, 0xC7, 0x57, 0xF6, 0x12,
    0x4A, 0xEC, 0x03, 0x00, 0x01, 0xBB, 0x33, 0x00, 0xDC, 0x5E,
    0x64, 0xCF, 0x00, 0x00, 0x69, 0x87, 0x00, 0x00, 0xBB, 0x78,
    0x4A, 0xEC, 0x03, 0x1D, 0xCA, 0x07, 0x00, 0x00, 0xDC, 0x5E,
    0x08, 0xEC, 0x65, 0xB5, 0x3A, 0x00, 0x00, 0x51, 0xF6, 0x13,
    0x00, 0x50, 0xFF, 0xFF, 0x26, 0x22, 0x72, 0xF4, 0x64, 0x00,
    0x00, 0x19, 0xFF, 0xC2, 0xEF, 0xF2, 0xBF, 0x46, 0x00, 0x00,
    0x00, 0xAF, 0x40, 0x00, 0x00, 0x00, 0x00, 0x00, 0x00, 0x00,
    0x00, 0x00, 0x00, 0x00, 0x00, 0x00, 0x00, 0x00, 0x00, 0x00,
    0x00, 0x00, 0x00, 0x00, 0x00, 0x00, 0x00, 0x00, 0x00, 0x00,
    0x00, 0x00, 0x00, 0x00, 0x00, 0x00, 0x00, 0x00, 0x00, 0x00,

    /* Unicode: U+00D9 */
    0x00, 0x12, 0x7A, 0x26, 0x00, 0x00, 0x00, 0x00,
    0x00, 0x00, 0x38, 0xCA, 0x32, 0x00, 0x00, 0x00,
    0x00, 0x00, 0x00, 0x00, 0x00, 0x00, 0x00, 0x00,
    0xD0, 0x64, 0x00, 0x00, 0x00, 0x00, 0xE0, 0x4C,
    0xD0, 0x64, 0x00, 0x00, 0x00, 0x00, 0xE0, 0x4C,
    0xD0, 0x64, 0x00, 0x00, 0x00, 0x00, 0xE0, 0x4C,
    0xD0, 0x64, 0x00, 0x00, 0x00, 0x00, 0xE0, 0x4C,
    0xD0, 0x64, 0x00, 0x00, 0x00, 0x00, 0xE0, 0x4C,
    0xC0, 0x71, 0x00, 0x00, 0x00, 0x00, 0xEE, 0x3C,
    0x99, 0xA6, 0x00, 0x00, 0x00, 0x23, 0xFE, 0x16,
    0x2A, 0xF8, 0x70, 0x21, 0x38, 0xC7, 0xA4, 0x00,
    0x00, 0x4C, 0xCF, 0xF9, 0xE0, 0x8F, 0x0B, 0x00,
    0x00, 0x00, 0x00, 0x00, 0x00, 0x00, 0x00, 0x00,
    0x00, 0x00, 0x00, 0x00, 0x00, 0x00, 0x00, 0x00,
    0x00, 0x00, 0x00, 0x00, 0x00, 0x00, 0x00, 0x00,
    0x00, 0x00, 0x00, 0x00, 0x00, 0x00, 0x00, 0x00,

    /* Unicode: U+00DA */
    0x00, 0x00, 0x00, 0x00, 0x64, 0x4E, 0x00, 0x00,
    0x00, 0x00, 0x02, 0x96, 0x95, 0x07, 0x00, 0x00,
    0x00, 0x00, 0x00, 0x00, 0x00, 0x00, 0x00, 0x00,
    0xD0, 0x64, 0x00, 0x00, 0x00, 0x00, 0xE0, 0x4C,
    0xD0, 0x64, 0x00, 0x00, 0x00, 0x00, 0xE0, 0x4C,
    0xD0, 0x64, 0x00, 0x00, 0x00, 0x00, 0xE0, 0x4C,
    0xD0, 0x64, 0x00, 0x00, 0x00, 0x00, 0xE0, 0x4C,
    0xD0, 0x64, 0x00, 0x00, 0x00, 0x00, 0xE0, 0x4C,
    0xC0, 0x71, 0x00, 0x00, 0x00, 0x00, 0xEE, 0x3C,
    0x99, 0xA6, 0x00, 0x00, 0x00, 0x23, 0xFE, 0x16,
    0x2A, 0xF8, 0x70, 0x21, 0x38, 0xC7, 0xA4, 0x00,
    0x00, 0x4C, 0xCF, 0xF9, 0xE0, 0x8F, 0x0B, 0x00,
    0x00, 0x00, 0x00, 0x00, 0x00, 0x00, 0x00, 0x00,
    0x00, 0x00, 0x00, 0x00, 0x00, 0x00, 0x00, 0x00,
    0x00, 0x00, 0x00, 0x00, 0x00, 0x00, 0x00, 0x00,
    0x00, 0x00, 0x00, 0x00, 0x00, 0x00, 0x00, 0x00,

    /* Unicode: U+00DB */
    0x00, 0x00, 0x0D, 0x7B, 0x49, 0x00, 0x00, 0x00,
    0x00, 0x12, 0xBD, 0x5E, 0xB0, 0x62, 0x00, 0x00,
    0x00, 0x00, 0x00, 0x00, 0x00, 0x00, 0x00, 0x00,
    0xD0, 0x64, 0x00, 0x00, 0x00, 0x00, 0xE0, 0x4C,
    0xD0, 0x64, 0x00, 0x00, 0x00, 0x00, 0xE0, 0x4C,
    0xD0, 0x64, 0x00, 0x00, 0x00, 0x00, 0xE0, 0x4C,
    0xD0, 0x64, 0x00, 0x00, 0x00, 0x00, 0xE0, 0x4C,
    0xD0, 0x64, 0x00, 0x00, 0x00, 0x00, 0xE0, 0x4C,
    0xC0, 0x71, 0x00, 0x00, 0x00, 0x00, 0xEE, 0x3C,
    0x99, 0xA6, 0x00, 0x00, 0x00, 0x23, 0xFE, 0x16,
    0x2A, 0xF8, 0x70, 0x21, 0x38, 0xC7, 0xA4, 0x00,
    0x00, 0x4C, 0xCF, 0xF9, 0xE0, 0x8F, 0x0B, 0x00,
    0x00, 0x00, 0x00, 0x00, 0x00, 0x00, 0x00, 0x00,
    0x00, 0x00, 0x00, 0x00, 0x00, 0x00, 0x00, 0x00,
    0x00, 0x00, 0x00, 0x00, 0x00, 0x00, 0x00, 0x00,
    0x00, 0x00, 0x00, 0x00, 0x00, 0x00, 0x00, 0x00,

    /* Unicode: U+00DC */
    0x00, 0x00, 0x00, 0x00, 0x00, 0x00, 0x00, 0x00,
    0x00, 0x00, 0xC4, 0x1F, 0x90, 0x53, 0x00, 0x00,
    0x00, 0x00, 0x0C, 0x00, 0x09, 0x02, 0x00, 0x00,
    0xD0, 0x64, 0x00, 0x00, 0x00, 0x00, 0xE0, 0x4C,
    0xD0, 0x64, 0x00, 0x00, 0x00, 0x00, 0xE0, 0x4C,
    0xD0, 0x64, 0x00, 0x00, 0x00, 0x00, 0xE0, 0x4C,
    0xD0, 0x64, 0x00, 0x00, 0x00, 0x00, 0xE0, 0x4C,
    0xD0, 0x64, 0x00, 0x00, 0x00, 0x00, 0xE0, 0x4C,
    0xC0, 0x71, 0x00, 0x00, 0x00, 0x00, 0xEE, 0x3C,
    0x99, 0xA6, 0x00, 0x00, 0x00, 0x23, 0xFE, 0x16,
    0x2A, 0xF8, 0x70, 0x21, 0x38, 0xC7, 0xA4, 0x00,
    0x00, 0x4C, 0xCF, 0xF9, 0xE0, 0x8F, 0x0B, 0x00,
    0x00, 0x00, 0x00, 0x00, 0x00, 0x00, 0x00, 0x00,
    0x00, 0x00, 0x00, 0x00, 0x00, 0x00, 0x00, 0x00,
    0x00, 0x00, 0x00, 0x00, 0x00, 0x00, 0x00, 0x00,
    0x00, 0x00, 0x00, 0x00, 0x00, 0x00, 0x00, 0x00,

    /* Unicode: U+00DD */
    0x00, 0x00, 0x00, 0x00, 0x00, 0x54, 0x5E, 0x00, 0x00,
    0x00, 0x00, 0x00, 0x00, 0x79, 0xAB, 0x0F, 0x00, 0x00,
    0x00, 0x00, 0x00, 0x00, 0x00, 0x00, 0x00, 0x00, 0x00,
    0x00, 0xC4, 0x82, 0x00, 0x00, 0x00, 0x00, 0xA8, 0x87,
    0x00, 0x35, 0xF4, 0x1B, 0x00, 0x00, 0x38, 0xE8, 0x0E,
    0x00, 0x00, 0xA5, 0x9F, 0x00, 0x00, 0xC5, 0x67, 0x00,
    0x00, 0x00, 0x1D, 0xF4, 0x30, 0x56, 0xD3, 0x03, 0x00,
    0x00, 0x00, 0x00, 0x85, 0xBF, 0xDE, 0x47, 0x00, 0x00,
    0x00, 0x00, 0x00, 0x0C, 0xE8, 0xB7, 0x00, 0x00, 0x00,
    0x00, 0x00, 0x00, 0x00, 0xB8, 0x78, 0x00, 0x00, 0x00,
    0x00, 0x00, 0x00, 0x00, 0xB8, 0x78, 0x00, 0x00, 0x00,
    0x00, 0x00, 0x00, 0x00, 0xB8, 0x78, 0x00, 0x00, 0x00,
    0x00, 0x00, 0x00, 0x00, 0x00, 0x00, 0x00, 0x00, 0x00,
    0x00, 0x00, 0x00, 0x00, 0x00, 0x00, 0x00, 0x00, 0x00,
    0x00, 0x00, 0x00, 0x00, 0x00, 0x00, 0x00, 0x00, 0x00,
    0x00, 0x00, 0x00, 0x00, 0x00, 0x00, 0x00, 0x00, 0x00,

    /* Unicode: U+00DE */
    0x00, 0x00, 0x00, 0x00, 0x00, 0x00, 0x00, 0x00,
    0x00, 0x00, 0x00, 0x00, 0x00, 0x00, 0x00, 0x00,
    0x00, 0x00, 0x00, 0x00, 0x00, 0x00, 0x00, 0x00,
    0xBC, 0x74, 0x00, 0x00, 0x00, 0x00, 0x00, 0x00,
    0xBC, 0xF9, 0xF4, 0xF0, 0xD1, 0x79, 0x06, 0x00,
    0xBC, 0x85, 0x20, 0x24, 0x4D, 0xDA, 0x91, 0x00,
    0xBC, 0x74, 0x00, 0x00, 0x00, 0x48, 0xEF, 0x00,
    0xBC, 0x74, 0x00, 0x00, 0x00, 0x3B, 0xF5, 0x02,
    0xBC, 0x74, 0x00, 0x00, 0x1F, 0xBF, 0xAD, 0x00,
    0xBC, 0xF9, 0xF4, 0xF7, 0xFA, 0xA8, 0x14, 0x00,
    0xBC, 0x85, 0x20, 0x1C, 0x03, 0x00, 0x00, 0x00,
    0xBC, 0x74, 0x00, 0x00, 0x00, 0x00, 0x00, 0x00,
    0x00, 0x00, 0x00, 0x00, 0x00, 0x00, 0x00, 0x00,
    0x00, 0x00, 0x00, 0x00, 0x00, 0x00, 0x00, 0x00,
    0x00, 0x00, 0x00, 0x00, 0x00, 0x00, 0x00, 0x00,
    0x00, 0x00, 0x00, 0x00, 0x00, 0x00, 0x00, 0x00,

    /* Unicode: U+00DF */
    0x00, 0x00, 0x00, 0x00, 0x00, 0x00, 0x00,
    0x00, 0x00, 0x00, 0x00, 0x00, 0x00, 0x00,
    0x03, 0x88, 0xEA, 0xF2, 0x9B, 0x09, 0x00,
    0x76, 0xD8, 0x37, 0x29, 0xC7, 0x88, 0x00,
    0xCE, 0x5D, 0x00, 0x00, 0x4E, 0xD6, 0x00,
    0xE6, 0x41, 0x00, 0x00, 0x54, 0xD2, 0x00,
    0xE8, 0x40, 0x00, 0x1B, 0xCC, 0x6F, 0x00,
    0xE8, 0x40, 0x26, 0xFF, 0xF7, 0x50, 0x00,
    0xE8, 0x40, 0x05, 0x23, 0x52, 0xEC, 0x4A,
    0xE8, 0x40, 0x00, 0x00, 0x00, 0x9D, 0x8E,
    0xE8, 0x40, 0x19, 0x1C, 0x3F, 0xE6, 0x5E,
    0xE8, 0x40, 0x8B, 0xFB, 0xE6, 0x80, 0x01,
    0x00, 0x00, 0x00, 0x00, 0x00, 0x00, 0x00,
    0x00, 0x00, 0x00, 0x00, 0x00, 0x00, 0x00,
    0x00, 0x00, 0x00, 0x00, 0x00, 0x00, 0x00,
    0x00, 0x00, 0x00, 0x00, 0x00, 0x00, 0x00,

    /* Unicode: U+00E0 */
    0x00, 0x00, 0x00, 0x00, 0x00, 0x00, 0x00,
    0x00, 0x00, 0x00, 0x00, 0x00, 0x00, 0x00,
    0x00, 0x2F, 0x79, 0x0A, 0x00, 0x00, 0x00,
    0x00, 0x00, 0x65, 0xBD, 0x11, 0x00, 0x00,
    0x00, 0x00, 0x00, 0x00, 0x00, 0x00, 0x00,
    0x09, 0x84, 0xDA, 0xF5, 0xCA, 0x34, 0x00,
    0x06, 0x9F, 0x3D, 0x20, 0x94, 0xDB, 0x00,
    0x00, 0x00, 0x00, 0x00, 0x10, 0xFF, 0x13,
    0x01, 0x8A, 0xDF, 0xF3, 0xF4, 0xFF, 0x20,
    0x4C, 0xE6, 0x3B, 0x20, 0x24, 0xFF, 0x20,
    0x4D, 0xE5, 0x30, 0x28, 0x8C, 0xFF, 0x20,
    0x02, 0x93, 0xEF, 0xED, 0x79, 0xF4, 0x20,
    0x00, 0x00, 0x00, 0x00, 0x00, 0x00, 0x00,
    0x00, 0x00, 0x00, 0x00, 0x00, 0x00, 0x00,
    0x00, 0x00, 0x00, 0x00, 0x00, 0x00, 0x00,
    0x00, 0x00, 0x00, 0x00, 0x00, 0x00, 0x00,

    /* Unicode: U+00E1 */
    0x00, 0x00, 0x00, 0x00, 0x00, 0x00, 0x00,
    0x00, 0x00, 0x00, 0x00, 0x00, 0x00, 0x00,
    0x00, 0x00, 0x00, 0x0C, 0x7A, 0x2C, 0x00,
    0x00, 0x00, 0x13, 0xBF, 0x62, 0x00, 0x00,
    0x00, 0x00, 0x00, 0x00, 0x00, 0x00, 0x00,
    0x09, 0x84, 0xDA, 0xF5, 0xCA, 0x34, 0x00,
    0x06, 0x9F, 0x3D, 0x20, 0x94, 0xDB, 0x00,
    0x00, 0x00, 0x00, 0x00, 0x10, 0xFF, 0x13,
    0x01, 0x8A, 0xDF, 0xF3, 0xF4, 0xFF, 0x20,
    0x4C, 0xE6, 0x3B, 0x20, 0x24, 0xFF, 0x20,
    0x4D, 0xE5, 0x30, 0x28, 0x8C, 0xFF, 0x20,
    0x02, 0x93, 0xEF, 0xED, 0x79, 0xF4, 0x20,
    0x00, 0x00, 0x00, 0x00, 0x00, 0x00, 0x00,
    0x00, 0x00, 0x00, 0x00, 0x00, 0x00, 0x00,
    0x00, 0x00, 0x00, 0x00, 0x00, 0x00, 0x00,
    0x00, 0x00, 0x00, 0x00, 0x00, 0x00, 0x00,

    /* Unicode: U+00E2 */
    0x00, 0x00, 0x00, 0x00, 0x00, 0x00, 0x00,
    0x00, 0x00, 0x00, 0x00, 0x00, 0x00, 0x00,
    0x00, 0x00, 0x2A, 0x80, 0x27, 0x00, 0x00,
    0x00, 0x33, 0xC6, 0x50, 0xC5, 0x31, 0x00,
    0x00, 0x00, 0x00, 0x00, 0x00, 0x00, 0x00,
    0x09, 0x84, 0xDA, 0xF5, 0xCA, 0x34, 0x00,
    0x06, 0x9F, 0x3D, 0x20, 0x94, 0xDB, 0x00,
    0x00, 0x00, 0x00, 0x00, 0x10, 0xFF, 0x13,
    0x01, 0x8A, 0xDF, 0xF3, 0xF4, 0xFF, 0x20,
    0x4C, 0xE6, 0x3B, 0x20, 0x24, 0xFF, 0x20,
    0x4D, 0xE5, 0x30, 0x28, 0x8C, 0xFF, 0x20,
    0x02, 0x93, 0xEF, 0xED, 0x79, 0xF4, 0x20,
    0x00, 0x00, 0x00, 0x00, 0x00, 0x00, 0x00,
    0x00, 0x00, 0x00, 0x00, 0x00, 0x00, 0x00,
    0x00, 0x00, 0x00, 0x00, 0x00, 0x00, 0x00,
    0x00, 0x00, 0x00, 0x00, 0x00, 0x00, 0x00,

    /* Unicode: U+00E3 */
    0x00, 0x00, 0x00, 0x00, 0x00, 0x00, 0x00,
    0x00, 0x00, 0x00, 0x00, 0x00, 0x00, 0x00,
    0x00, 0x1E, 0xDA, 0x7C, 0x44, 0x6E, 0x00,
    0x00, 0x71, 0x57, 0xA5, 0xF6, 0x29, 0x00,
    0x00, 0x10, 0x04, 0x00, 0x0C, 0x00, 0x00,
    0x09, 0x84, 0xDA, 0xF5, 0xCA, 0x34, 0x00,
    0x06, 0x9F, 0x3D, 0x20, 0x94, 0xDB, 0x00,
    0x00, 0x00, 0x00, 0x00, 0x10, 0xFF, 0x13,
    0x01, 0x8A, 0xDF, 0xF3, 0xF4, 0xFF, 0x20,
    0x4C, 0xE6, 0x3B, 0x20, 0x24, 0xFF, 0x20,
    0x4D, 0xE5, 0x30, 0x28, 0x8C, 0xFF, 0x20,
    0x02, 0x93, 0xEF, 0xED, 0x79, 0xF4, 0x20,
    0x00, 0x00, 0x00, 0x00, 0x00, 0x00, 0x00,
    0x00, 0x00, 0x00, 0x00, 0x00, 0x00, 0x00,
    0x00, 0x00, 0x00, 0x00, 0x00, 0x00, 0x00,
    0x00, 0x00, 0x00, 0x00, 0x00, 0x00, 0x00,

    /* Unicode: U+00E4 */
    0x00, 0x00, 0x00, 0x00, 0x00, 0x00, 0x00,
    0x00, 0x00, 0x00, 0x00, 0x00, 0x00, 0x00,
    0x00, 0x00, 0x00, 0x00, 0x00, 0x00, 0x00,
    0x00, 0x1E, 0xC6, 0x00, 0xCA, 0x19, 0x00,
    0x00, 0x00, 0x0C, 0x00, 0x0C, 0x00, 0x00,
    0x09, 0x84, 0xDA, 0xF5, 0xCA, 0x34, 0x00,
    0x06, 0x9F, 0x3D, 0x20, 0x94, 0xDB, 0x00,
    0x00, 0x00, 0x00, 0x00, 0x10, 0xFF, 0x13,
    0x01, 0x8A, 0xDF, 0xF3, 0xF4, 0xFF, 0x20,
    0x4C, 0xE6, 0x3B, 0x20, 0x24, 0xFF, 0x20,
    0x4D, 0xE5, 0x30, 0x28, 0x8C, 0xFF, 0x20,
    0x02, 0x93, 0xEF, 0xED, 0x79, 0xF4, 0x20,
    0x00, 0x00, 0x00, 0x00, 0x00, 0x00, 0x00,
    0x00, 0x00, 0x00, 0x00, 0x00, 0x00, 0x00,
    0x00, 0x00, 0x00, 0x00, 0x00, 0x00, 0x00,
    0x00, 0x00, 0x00, 0x00, 0x00, 0x00, 0x00,

    /* Unicode: U+00E5 */
    0x00, 0x00, 0x00, 0x00, 0x00, 0x00, 0x00,
    0x00, 0x00, 0x4C, 0x9C, 0x47, 0x00, 0x00,
    0x00, 0x00, 0x99, 0x00, 0x98, 0x00, 0x00,
    0x00, 0x00, 0x4D, 0x94, 0x48, 0x00, 0x00,
    0x00, 0x00, 0x00, 0x00, 0x00, 0x00, 0x00,
    0x09, 0x84, 0xDA, 0xF5, 0xCA, 0x34, 0x00,
    0x06, 0x9F, 0x3D, 0x20, 0x94, 0xDB, 0x00,
    0x00, 0x00, 0x00, 0x00, 0x10, 0xFF, 0x13,
    0x01, 0x8A, 0xDF, 0xF3, 0xF4, 0xFF, 0x20,
    0x4C, 0xE6, 0x3B, 0x20, 0x24, 0xFF, 0x20,
    0x4D, 0xE5, 0x30, 0x28, 0x8C, 0xFF, 0x20,
    0x02, 0x93, 0xEF, 0xED, 0x79, 0xF4, 0x20,
    0x00, 0x00, 0x00, 0x00, 0x00, 0x00, 0x00,
    0x00, 0x00, 0x00, 0x00, 0x00, 0x00, 0x00,
    0x00, 0x00, 0x00, 0x00, 0x00, 0x00, 0x00,
    0x00, 0x00, 0x00, 0x00, 0x00, 0x00, 0x00,

    /* Unicode: U+00E6 */
    0x00, 0x00, 0x00, 0x00, 0x00, 0x00, 0x00, 0x00, 0x00, 0x00, 0x00, 0x00,
    0x00, 0x00, 0x00, 0x00, 0x00, 0x00, 0x00, 0x00, 0x00, 0x00, 0x00, 0x00,
    0x00, 0x00, 0x00, 0x00, 0x00, 0x00, 0x00, 0x00, 0x00, 0x00, 0x00, 0x00,
    0x00, 0x00, 0x00, 0x00, 0x00, 0x00, 0x00, 0x00, 0x00, 0x00, 0x00, 0x00,
    0x00, 0x00, 0x00, 0x00, 0x00, 0x00, 0x00, 0x00, 0x00, 0x00, 0x00, 0x00,
    0x09, 0x84, 0xDA, 0xF7, 0xCF, 0x34, 0x64, 0xE4, 0xF3, 0xA8, 0x12, 0x00,
    0x06, 0x9C, 0x3D, 0x20, 0x91, 0xF2, 0xDF, 0x41, 0x24, 0xA2, 0xC0, 0x00,
    0x00, 0x00, 0x00, 0x00, 0x0F, 0xFF, 0x51, 0x00, 0x00, 0x04, 0xEB, 0x2E,
    0x01, 0x8A, 0xDF, 0xF3, 0xF4, 0xFF, 0xF5, 0xF4, 0xF4, 0xF4, 0xFD, 0x54,
    0x4D, 0xE5, 0x3A, 0x20, 0x2A, 0xFF, 0x5F, 0x20, 0x20, 0x20, 0x20, 0x0A,
    0x49, 0xE7, 0x33, 0x1F, 0x8F, 0xE5, 0xD9, 0x44, 0x1D, 0x54, 0x7B, 0x00,
    0x01, 0x8C, 0xEC, 0xF4, 0xAD, 0x15, 0x77, 0xE0, 0xF9, 0xD1, 0x3E, 0x00,
    0x00, 0x00, 0x00, 0x00, 0x00, 0x00, 0x00, 0x00, 0x00, 0x00, 0x00, 0x00,
    0x00, 0x00, 0x00, 0x00, 0x00, 0x00, 0x00, 0x00, 0x00, 0x00, 0x00, 0x00,
    0x00, 0x00, 0x00, 0x00, 0x00, 0x00, 0x00, 0x00, 0x00, 0x00, 0x00, 0x00,
    0x00, 0x00, 0x00, 0x00, 0x00, 0x00, 0x00, 0x00, 0x00, 0x00, 0x00, 0x00,

    /* Unicode: U+00E7 */
    0x00, 0x00, 0x00, 0x00, 0x00, 0x00, 0x00,
    0x00, 0x00, 0x00, 0x00, 0x00, 0x00, 0x00,
    0x00, 0x00, 0x00, 0x00, 0x00, 0x00, 0x00,
    0x00, 0x00, 0x00, 0x00, 0x00, 0x00, 0x00,
    0x00, 0x00, 0x00, 0x00, 0x00, 0x00, 0x00,
    0x00, 0x20, 0xB3, 0xF3, 0xE8, 0x81, 0x02,
    0x0A, 0xDE, 0x99, 0x22, 0x3A, 0xD3, 0x35,
    0x58, 0xDC, 0x02, 0x00, 0x00, 0x03, 0x00,
    0x79, 0xB2, 0x00, 0x00, 0x00, 0x00, 0x00,
    0x58, 0xDB, 0x03, 0x00, 0x00, 0x00, 0x00,
    0x09, 0xDD, 0xA3, 0x22, 0x3E, 0xD2, 0x33,
    0x00, 0x20, 0xB3, 0xF4, 0xE9, 0x85, 0x02,
    0x00, 0x00, 0x00, 0xB5, 0x0A, 0x00, 0x00,
    0x00, 0x00, 0x0B, 0x49, 0xB3, 0x00, 0x00,
    0x00, 0x00, 0x9F, 0xFD, 0x87, 0x00, 0x00,
    0x00, 0x00, 0x03, 0x14, 0x00, 0x00, 0x00,

    /* Unicode: U+00E8 */
    0x00, 0x00, 0x00, 0x00, 0x00, 0x00, 0x00,
    0x00, 0x00, 0x00, 0x00, 0x00, 0x00, 0x00,
    0x00, 0x19, 0x7D, 0x1C, 0x00, 0x00, 0x00,
    0x00, 0x00, 0x44, 0xC9, 0x27, 0x00, 0x00,
    0x00, 0x00, 0x00, 0x00, 0x00, 0x00, 0x00,
    0x00, 0x28, 0xBD, 0xF5, 0xDB, 0x58, 0x00,
    0x0C, 0xE3, 0x8A, 0x21, 0x4A, 0xEA, 0x3E,
    0x5B, 0xD0, 0x00, 0x00, 0x00, 0x6D, 0xA9,
    0x79, 0xFB, 0xF4, 0xF4, 0xF4, 0xF7, 0xD0,
    0x5A, 0xD4, 0x20, 0x20, 0x20, 0x20, 0x1A,
    0x0C, 0xE0, 0x8E, 0x25, 0x2C, 0x8F, 0x23,
    0x00, 0x22, 0xB3, 0xF3, 0xEF, 0x95, 0x09,
    0x00, 0x00, 0x00, 0x00, 0x00, 0x00, 0x00,
    0x00, 0x00, 0x00, 0x00, 0x00, 0x00, 0x00,
    0x00, 0x00, 0x00, 0x00, 0x00, 0x00, 0x00,
    0x00, 0x00, 0x00, 0x00, 0x00, 0x00, 0x00,

    /* Unicode: U+00E9 */
    0x00, 0x00, 0x00, 0x00, 0x00, 0x00, 0x00,
    0x00, 0x00, 0x00, 0x00, 0x00, 0x00, 0x00,
    0x00, 0x00, 0x00, 0x02, 0x6C, 0x44, 0x00,
    0x00, 0x00, 0x05, 0xA5, 0x86, 0x03, 0x00,
    0x00, 0x00, 0x00, 0x00, 0x00, 0x00, 0x00,
    0x00, 0x28, 0xBD, 0xF5, 0xDB, 0x58, 0x00,
    0x0C, 0xE3, 0x8A, 0x21, 0x4A, 0xEA, 0x3E,
    0x5B, 0xD0, 0x00, 0x00, 0x00, 0x6D, 0xA9,
    0x79, 0xFB, 0xF4, 0xF4, 0xF4, 0xF7, 0xD0,
    0x5A, 0xD4, 0x20, 0x20, 0x20, 0x20, 0x1A,
    0x0C, 0xE0, 0x8E, 0x25, 0x2C, 0x8F, 0x23,
    0x00, 0x22, 0xB3, 0xF3, 0xEF, 0x95, 0x09,
    0x00, 0x00, 0x00, 0x00, 0x00, 0x00, 0x00,
    0x00, 0x00, 0x00, 0x00, 0x00, 0x00, 0x00,
    0x00, 0x00, 0x00, 0x00, 0x00, 0x00, 0x00,
    0x00, 0x00, 0x00, 0x00, 0x00, 0x00, 0x00,

    /* Unicode: U+00EA */
    0x00, 0x00, 0x00, 0x00, 0x00, 0x00, 0x00,
    0x00, 0x00, 0x00, 0x00, 0x00, 0x00, 0x00,
    0x00, 0x00, 0x13, 0x7E, 0x3F, 0x00, 0x00,
    0x00, 0x1A, 0xC3, 0x57, 0xB9, 0x52, 0x00,
    0x00, 0x00, 0x00, 0x00, 0x00, 0x00, 0x00,
    0x00, 0x28, 0xBD, 0xF5, 0xDB, 0x58, 0x00,
    0x0C, 0xE3, 0x8A, 0x21, 0x4A, 0xEA, 0x3E,
    0x5B, 0xD0, 0x00, 0x00, 0x00, 0x6D, 0xA9,
    0x79, 0xFB, 0xF4, 0xF4, 0xF4, 0xF7, 0xD0,
    0x5A, 0xD4, 0x20, 0x20, 0x20, 0x20, 0x1A,
    0x0C, 0xE0, 0x8E, 0x25, 0x2C, 0x8F, 0x23,
    0x00, 0x22, 0xB3, 0xF3, 0xEF, 0x95, 0x09,
    0x00, 0x00, 0x00, 0x00, 0x00, 0x00, 0x00,
    0x00, 0x00, 0x00, 0x00, 0x00, 0x00, 0x00,
    0x00, 0x00, 0x00, 0x00, 0x00, 0x00, 0x00,
    0x00, 0x00, 0x00, 0x00, 0x00, 0x00, 0x00,

    /* Unicode: U+00EB */
    0x00, 0x00, 0x00, 0x00, 0x00, 0x00, 0x00,
    0x00, 0x00, 0x00, 0x00, 0x00, 0x00, 0x00,
    0x00, 0x00, 0x00, 0x00, 0x00, 0x00, 0x00,
    0x00, 0x01, 0xD3, 0x0F, 0xA2, 0x41, 0x00,
    0x00, 0x00, 0x0C, 0x00, 0x0B, 0x01, 0x00,
    0x00, 0x28, 0xBD, 0xF5, 0xDB, 0x58, 0x00,
    0x0C, 0xE3, 0x8A, 0x21, 0x4A, 0xEA, 0x3E,
    0x5B, 0xD0, 0x00, 0x00, 0x00, 0x6D, 0xA9,
    0x79, 0xFB, 0xF4, 0xF4, 0xF4, 0xF7, 0xD0,
    0x5A, 0xD4, 0x20, 0x20, 0x20, 0x20, 0x1A,
    0x0C, 0xE0, 0x8E, 0x25, 0x2C, 0x8F, 0x23,
    0x00, 0x22, 0xB3, 0xF3, 0xEF, 0x95, 0x09,
    0x00, 0x00, 0x00, 0x00, 0x00, 0x00, 0x00,
    0x00, 0x00, 0x00, 0x00, 0x00, 0x00, 0x00,
    0x00, 0x00, 0x00, 0x00, 0x00, 0x00, 0x00,
    0x00, 0x00, 0x00, 0x00, 0x00, 0x00, 0x00,

    /* Unicode: U+00EC */
    0x00, 0x00, 0x00, 0x00,
    0x00, 0x00, 0x00, 0x00,
    0x1B, 0x7D, 0x1A, 0x00,
    0x00, 0x46, 0xC9, 0x25,
    0x00, 0x00, 0x00, 0x00,
    0x00, 0x00, 0xE8, 0x40,
    0x00, 0x00, 0xE8, 0x40,
    0x00, 0x00, 0xE8, 0x40,
    0x00, 0x00, 0xE8, 0x40,
    0x00, 0x00, 0xE8, 0x40,
    0x00, 0x00, 0xE8, 0x40,
    0x00, 0x00, 0xE8, 0x40,
    0x00, 0x00, 0x00, 0x00,
    0x00, 0x00, 0x00, 0x00,
    0x00, 0x00, 0x00, 0x00,
    0x00, 0x00, 0x00, 0x00,

    /* Unicode: U+00ED */
    0x00, 0x00, 0x00, 0x00,
    0x00, 0x00, 0x00, 0x00,
    0x00, 0x02, 0x6D, 0x42,
    0x06, 0xA8, 0x83, 0x03,
    0x00, 0x00, 0x00, 0x00,
    0x00, 0xE8, 0x40, 0x00,
    0x00, 0xE8, 0x40, 0x00,
    0x00, 0xE8, 0x40, 0x00,
    0x00, 0xE8, 0x40, 0x00,
    0x00, 0xE8, 0x40, 0x00,
    0x00, 0xE8, 0x40, 0x00,
    0x00, 0xE8, 0x40, 0x00,
    0x00, 0x00, 0x00, 0x00,
    0x00, 0x00, 0x00, 0x00,
    0x00, 0x00, 0x00, 0x00,
    0x00, 0x00, 0x00, 0x00,

    /* Unicode: U+00EE */
    0x00, 0x00, 0x00, 0x00, 0x00,
    0x00, 0x00, 0x00, 0x00, 0x00,
    0x00, 0x53, 0xDB, 0xA3, 0x01,
    0x05, 0x6E, 0x0A, 0x58, 0x25,
    0x00, 0x00, 0x00, 0x00, 0x00,
    0x00, 0x00, 0xE8, 0x40, 0x00,
    0x00, 0x00, 0xE8, 0x40, 0x00,
    0x00, 0x00, 0xE8, 0x40, 0x00,
    0x00, 0x00, 0xE8, 0x40, 0x00,
    0x00, 0x00, 0xE8, 0x40, 0x00,
    0x00, 0x00, 0xE8, 0x40, 0x00,
    0x00, 0x00, 0xE8, 0x40, 0x00,
    0x00, 0x00, 0x00, 0x00, 0x00,
    0x00, 0x00, 0x00, 0x00, 0x00,
    0x00, 0x00, 0x00, 0x00, 0x00,
    0x00, 0x00, 0x00, 0x00, 0x00,

    /* Unicode: U+00EF */
    0x00, 0x00, 0x00, 0x00,
    0x00, 0x00, 0x00, 0x00,
    0xA2, 0x48, 0xDC, 0x09,
    0x04, 0x00, 0x04, 0x00,
    0x00, 0x00, 0x00, 0x00,
    0x00, 0xE8, 0x40, 0x00,
    0x00, 0xE8, 0x40, 0x00,
    0x00, 0xE8, 0x40, 0x00,
    0x00, 0xE8, 0x40, 0x00,
    0x00, 0xE8, 0x40, 0x00,
    0x00, 0xE8, 0x40, 0x00,
    0x00, 0xE8, 0x40, 0x00,
    0x00, 0x00, 0x00, 0x00,
    0x00, 0x00, 0x00, 0x00,
    0x00, 0x00, 0x00, 0x00,
    0x00, 0x00, 0x00, 0x00,

    /* Unicode: U+00F0 */
    0x00, 0x00, 0x00, 0x00, 0x00, 0x00, 0x00, 0x00,
    0x00, 0x00, 0x00, 0x00, 0x00, 0x00, 0x00, 0x00,
    0x00, 0xB5, 0xF6, 0xEE, 0xB7, 0x6A, 0x6C, 0x00,
    0x00, 0x3E, 0x27, 0x90, 0xFD, 0xFE, 0x61, 0x00,
    0x00, 0x39, 0xDF, 0xAA, 0x30, 0x91, 0xB2, 0x00,
    0x00, 0x19, 0x26, 0x00, 0x00, 0x2B, 0xF9, 0x05,
    0x00, 0x3D, 0xC3, 0xEC, 0xC5, 0x39, 0xFF, 0x21,
    0x20, 0xF5, 0x7F, 0x2C, 0x5B, 0xDB, 0xFE, 0x25,
    0x6F, 0xC6, 0x00, 0x00, 0x00, 0x70, 0xFE, 0x0F,
    0x70, 0xC3, 0x00, 0x00, 0x00, 0x75, 0xCE, 0x00,
    0x24, 0xF8, 0x6F, 0x1D, 0x4B, 0xED, 0x52, 0x00,
    0x00, 0x48, 0xD2, 0xF8, 0xD7, 0x5C, 0x00, 0x00,
    0x00, 0x00, 0x00, 0x00, 0x00, 0x00, 0x00, 0x00,
    0x00, 0x00, 0x00, 0x00, 0x00, 0x00, 0x00, 0x00,
    0x00, 0x00, 0x00, 0x00, 0x00, 0x00, 0x00, 0x00,
    0x00, 0x00, 0x00, 0x00, 0x00, 0x00, 0x00, 0x00,

    /* Unicode: U+00F1 */
    0x00, 0x00, 0x00, 0x00, 0x00, 0x00, 0x00,
    0x00, 0x00, 0x00, 0x00, 0x00, 0x00, 0x00,
    0x00, 0x69, 0xD8, 0x35, 0x9F, 0x13, 0x00,
    0x00, 0xB6, 0x33, 0xE1, 0xC1, 0x00, 0x00,
    0x00, 0x14, 0x00, 0x07, 0x05, 0x00, 0x00,
    0xE8, 0x6B, 0xD3, 0xF6, 0xC5, 0x2A, 0x00,
    0xE8, 0xE2, 0x44, 0x21, 0xA3, 0xCE, 0x00,
    0xE8, 0x67, 0x00, 0x00, 0x1E, 0xFF, 0x0D,
    0xE8, 0x42, 0x00, 0x00, 0x08, 0xFF, 0x1F,
    0xE8, 0x40, 0x00, 0x00, 0x08, 0xFF, 0x20,
    0xE8, 0x40, 0x00, 0x00, 0x08, 0xFF, 0x20,
    0xE8, 0x40, 0x00, 0x00, 0x08, 0xFF, 0x20,
    0x00, 0x00, 0x00, 0x00, 0x00, 0x00, 0x00,
    0x00, 0x00, 0x00, 0x00, 0x00, 0x00, 0x00,
    0x00, 0x00, 0x00, 0x00, 0x00, 0x00, 0x00,
    0x00, 0x00, 0x00, 0x00, 0x00, 0x00, 0x00,

    /* Unicode: U+00F2 */
    0x00, 0x00, 0x00, 0x00, 0x00, 0x00, 0x00, 0x00,
    0x00, 0x00, 0x00, 0x00, 0x00, 0x00, 0x00, 0x00,
    0x00, 0x0E, 0x78, 0x2C, 0x00, 0x00, 0x00, 0x00,
    0x00, 0x00, 0x31, 0xC9, 0x3A, 0x00, 0x00, 0x00,
    0x00, 0x00, 0x00, 0x00, 0x00, 0x00, 0x00, 0x00,
    0x00, 0x22, 0xB5, 0xF4, 0xE6, 0x82, 0x04, 0x00,
    0x0B, 0xE0, 0x97, 0x21, 0x39, 0xD6, 0x89, 0x00,
    0x5A, 0xDC, 0x02, 0x00, 0x00, 0x3E, 0xF2, 0x03,
    0x79, 0xB2, 0x00, 0x00, 0x00, 0x13, 0xFF, 0x14,
    0x59, 0xDC, 0x03, 0x00, 0x00, 0x40, 0xF1, 0x03,
    0x0B, 0xDF, 0xA1, 0x21, 0x39, 0xE1, 0x87, 0x00,
    0x00, 0x21, 0xB5, 0xF4, 0xE6, 0x82, 0x03, 0x00,
    0x00, 0x00, 0x00, 0x00, 0x00, 0x00, 0x00, 0x00,
    0x00, 0x00, 0x00, 0x00, 0x00, 0x00, 0x00, 0x00,
    0x00, 0x00, 0x00, 0x00, 0x00, 0x00, 0x00, 0x00,
    0x00, 0x00, 0x00, 0x00, 0x00, 0x00, 0x00, 0x00,

    /* Unicode: U+00F3 */
    0x00, 0x00, 0x00, 0x00, 0x00, 0x00, 0x00, 0x00,
    0x00, 0x00, 0x00, 0x00, 0x00, 0x00, 0x00, 0x00,
    0x00, 0x00, 0x00, 0x00, 0x5E, 0x55, 0x00, 0x00,
    0x00, 0x00, 0x01, 0x8C, 0x9E, 0x0A, 0x00, 0x00,
    0x00, 0x00, 0x00, 0x00, 0x00, 0x00, 0x00, 0x00,
    0x00, 0x22, 0xB5, 0xF4, 0xE6, 0x82, 0x04, 0x00,
    0x0B, 0xE0, 0x97, 0x21, 0x39, 0xD6, 0x89, 0x00,
    0x5A, 0xDC, 0x02, 0x00, 0x00, 0x3E, 0xF2, 0x03,
    0x79, 0xB2, 0x00, 0x00, 0x00, 0x13, 0xFF, 0x14,
    0x59, 0xDC, 0x03, 0x00, 0x00, 0x40, 0xF1, 0x03,
    0x0B, 0xDF, 0xA1, 0x21, 0x39, 0xE1, 0x87, 0x00,
    0x00, 0x21, 0xB5, 0xF4, 0xE6, 0x82, 0x03, 0x00,
    0x00, 0x00, 0x00, 0x00, 0x00, 0x00, 0x00, 0x00,
    0x00, 0x00, 0x00, 0x00, 0x00, 0x00, 0x00, 0x00,
    0x00, 0x00, 0x00, 0x00, 0x00, 0x00, 0x00, 0x00,
    0x00, 0x00, 0x00, 0x00, 0x00, 0x00, 0x00, 0x00,

    /* Unicode: U+00F4 */
    0x00, 0x00, 0x00, 0x00, 0x00, 0x00, 0x00, 0x00,
    0x00, 0x00, 0x00, 0x00, 0x00, 0x00, 0x00, 0x00,
    0x00, 0x00, 0x09, 0x78, 0x4F, 0x00, 0x00, 0x00,
    0x00, 0x0E, 0xB8, 0x63, 0xA9, 0x6D, 0x00, 0x00,
    0x00, 0x00, 0x00, 0x00, 0x00, 0x00, 0x00, 0x00,
    0x00, 0x22, 0xB5, 0xF4, 0xE6, 0x82, 0x04, 0x00,
    0x0B, 0xE0, 0x97, 0x21, 0x39, 0xD6, 0x89, 0x00,
    0x5A, 0xDC, 0x02, 0x00, 0x00, 0x3E, 0xF2, 0x03,
    0x79, 0xB2, 0x00, 0x00, 0x00, 0x13, 0xFF, 0x14,
    0x59, 0xDC, 0x03, 0x00, 0x00, 0x40, 0xF1, 0x03,
    0x0B, 0xDF, 0xA1, 0x21, 0x39, 0xE1, 0x87, 0x00,
    0x00, 0x21, 0xB5, 0xF4, 0xE6, 0x82, 0x03, 0x00,
    0x00, 0x00, 0x00, 0x00, 0x00, 0x00, 0x00, 0x00,
    0x00, 0x00, 0x00, 0x00, 0x00, 0x00, 0x00, 0x00,
    0x00, 0x00, 0x00, 0x00, 0x00, 0x00, 0x00, 0x00,
    0x00, 0x00, 0x00, 0x00, 0x00, 0x00, 0x00, 0x00,

    /* Unicode: U+00F5 */
    0x00, 0x00, 0x00, 0x00, 0x00, 0x00, 0x00, 0x00,
    0x00, 0x00, 0x00, 0x00, 0x00, 0x00, 0x00, 0x00,
    0x00, 0x00, 0xB2, 0xB4, 0x16, 0xAC, 0x00, 0x00,
    0x00, 0x21, 0xA0, 0x60, 0xFA, 0x72, 0x00, 0x00,
    0x00, 0x06, 0x0E, 0x00, 0x0D, 0x00, 0x00, 0x00,
    0x00, 0x22, 0xB5, 0xF4, 0xE6, 0x82, 0x04, 0x00,
    0x0B, 0xE0, 0x97, 0x21, 0x39, 0xD6, 0x89, 0x00,
    0x5A, 0xDC, 0x02, 0x00, 0x00, 0x3E, 0xF2, 0x03,
    0x79, 0xB2, 0x00, 0x00, 0x00, 0x13, 0xFF, 0x14,
    0x59, 0xDC, 0x03, 0x00, 0x00, 0x40, 0xF1, 0x03,
    0x0B, 0xDF, 0xA1, 0x21, 0x39, 0xE1, 0x87, 0x00,
    0x00, 0x21, 0xB5, 0xF4, 0xE6, 0x82, 0x03, 0x00,
    0x00, 0x00, 0x00, 0x00, 0x00, 0x00, 0x00, 0x00,
    0x00, 0x00, 0x00, 0x00, 0x00, 0x00, 0x00, 0x00,
    0x00, 0x00, 0x00, 0x00, 0x00, 0x00, 0x00, 0x00,
    0x00, 0x00, 0x00, 0x00, 0x00, 0x00, 0x00, 0x00,

    /* Unicode: U+00F6 */
    0x00, 0x00, 0x00, 0x00, 0x00, 0x00, 0x00, 0x00,
    0x00, 0x00, 0x00, 0x00, 0x00, 0x00, 0x00, 0x00,
    0x00, 0x00, 0x00, 0x00, 0x00, 0x00, 0x00, 0x00,
    0x00, 0x00, 0xBA, 0x29, 0x85, 0x5E, 0x00, 0x00,
    0x00, 0x00, 0x0C, 0x00, 0x08, 0x03, 0x00, 0x00,
    0x00, 0x22, 0xB5, 0xF4, 0xE6, 0x82, 0x04, 0x00,
    0x0B, 0xE0, 0x97, 0x21, 0x39, 0xD6, 0x89, 0x00,
    0x5A, 0xDC, 0x02, 0x00, 0x00, 0x3E, 0xF2, 0x03,
    0x79, 0xB2, 0x00, 0x00, 0x00, 0x13, 0xFF, 0x14,
    0x59, 0xDC, 0x03, 0x00, 0x00, 0x40, 0xF1, 0x03,
    0x0B, 0xDF, 0xA1, 0x21, 0x39, 0xE1, 0x87, 0x00,
    0x00, 0x21, 0xB5, 0xF4, 0xE6, 0x82, 0x03, 0x00,
    0x00, 0x00, 0x00, 0x00, 0x00, 0x00, 0x00, 0x00,
    0x00, 0x00, 0x00, 0x00, 0x00, 0x00, 0x00, 0x00,
    0x00, 0x00, 0x00, 0x00, 0x00, 0x00, 0x00, 0x00,
    0x00, 0x00, 0x00, 0x00, 0x00, 0x00, 0x00, 0x00,

    /* Unicode: U+00F7 */
    0x00, 0x00, 0x00, 0x00, 0x00, 0x00, 0x00,
    0x00, 0x00, 0x00, 0x00, 0x00, 0x00, 0x00,
    0x00, 0x00, 0x00, 0x00, 0x00, 0x00, 0x00,
    0x00, 0x00, 0x00, 0x00, 0x00, 0x00, 0x00,
    0x00, 0x00, 0x12, 0xDE, 0x10, 0x00, 0x00,
    0x00, 0x00, 0x00, 0x0C, 0x00, 0x00, 0x00,
    0x31, 0xF4, 0xF4, 0xF4, 0xF4, 0xF4, 0x2D,
    0x06, 0x20, 0x20, 0x20, 0x20, 0x20, 0x06,
    0x00, 0x00, 0x00, 0x00, 0x00, 0x00, 0x00,
    0x00, 0x00, 0x12, 0xDE, 0x10, 0x00, 0x00,
    0x00, 0x00, 0x00, 0x0C, 0x00, 0x00, 0x00,
    0x00, 0x00, 0x00, 0x00, 0x00, 0x00, 0x00,
    0x00, 0x00, 0x00, 0x00, 0x00, 0x00, 0x00,
    0x00, 0x00, 0x00, 0x00, 0x00, 0x00, 0x00,
    0x00, 0x00, 0x00, 0x00, 0x00, 0x00, 0x00,
    0x00, 0x00, 0x00, 0x00, 0x00, 0x00, 0x00,

    /* Unicode: U+00F8 */
    0x00, 0x00, 0x00, 0x00, 0x00, 0x00, 0x00, 0x00,
    0x00, 0x00, 0x00, 0x00, 0x00, 0x00, 0x00, 0x00,
    0x00, 0x00, 0x00, 0x00, 0x00, 0x00, 0x00, 0x00,
    0x00, 0x00, 0x00, 0x00, 0x00, 0x00, 0x00, 0x00,
    0x00, 0x00, 0x00, 0x00, 0x00, 0x08, 0x51, 0x00,
    0x00, 0x22, 0xB5, 0xF4, 0xE6, 0xFF, 0x38, 0x00,
    0x0B, 0xE0, 0x97, 0x21, 0x62, 0xFF, 0x89, 0x00,
    0x5A, 0xDC, 0x02, 0x01, 0xA6, 0x4C, 0xF2, 0x03,
    0x79, 0xB2, 0x00, 0x62, 0x53, 0x13, 0xFF, 0x14,
    0x59, 0xDC, 0x18, 0xA1, 0x00, 0x40, 0xF1, 0x03,
    0x0B, 0xDF, 0xFF, 0x41, 0x39, 0xE1, 0x87, 0x00,
    0x00, 0x63, 0xFF, 0xF4, 0xE6, 0x82, 0x03, 0x00,
    0x07, 0xAB, 0x04, 0x00, 0x00, 0x00, 0x00, 0x00,
    0x00, 0x00, 0x00, 0x00, 0x00, 0x00, 0x00, 0x00,
    0x00, 0x00, 0x00, 0x00, 0x00, 0x00, 0x00, 0x00,
    0x00, 0x00, 0x00, 0x00, 0x00, 0x00, 0x00, 0x00,

    /* Unicode: U+00F9 */
    0x00, 0x00, 0x00, 0x00, 0x00, 0x00, 0x00,
    0x00, 0x00, 0x00, 0x00, 0x00, 0x00, 0x00,
    0x02, 0x68, 0x48, 0x00, 0x00, 0x00, 0x00,
    0x00, 0x18, 0xB9, 0x64, 0x00, 0x00, 0x00,
    0x00, 0x00, 0x00, 0x00, 0x00, 0x00, 0x00,
    0xF8, 0x30, 0x00, 0x00, 0x20, 0xFF, 0x04,
    0xF8, 0x30, 0x00, 0x00, 0x20, 0xFF, 0x04,
    0xF8, 0x30, 0x00, 0x00, 0x20, 0xFF, 0x04,
    0xF8, 0x30, 0x00, 0x00, 0x22, 0xFF, 0x04,
    0xE6, 0x46, 0x00, 0x00, 0x47, 0xFF, 0x04,
    0xA4, 0xC1, 0x28, 0x34, 0xCF, 0xFF, 0x04,
    0x16, 0xB0, 0xF2, 0xE0, 0x60, 0xFF, 0x04,
    0x00, 0x00, 0x00, 0x00, 0x00, 0x00, 0x00,
    0x00, 0x00, 0x00, 0x00, 0x00, 0x00, 0x00,
    0x00, 0x00, 0x00, 0x00, 0x00, 0x00, 0x00,
    0x00, 0x00, 0x00, 0x00, 0x00, 0x00, 0x00,

    /* Unicode: U+00FA */
    0x00, 0x00, 0x00, 0x00, 0x00, 0x00, 0x00,
    0x00, 0x00, 0x00, 0x00, 0x00, 0x00, 0x00,
    0x00, 0x00, 0x00, 0x42, 0x6C, 0x04, 0x00,
    0x00, 0x00, 0x5A, 0xBE, 0x1C, 0x00, 0x00,
    0x00, 0x00, 0x00, 0x00, 0x00, 0x00, 0x00,
    0xF8, 0x30, 0x00, 0x00, 0x20, 0xFF, 0x04,
    0xF8, 0x30, 0x00, 0x00, 0x20, 0xFF, 0x04,
    0xF8, 0x30, 0x00, 0x00, 0x20, 0xFF, 0x04,
    0xF8, 0x30, 0x00, 0x00, 0x22, 0xFF, 0x04,
    0xE6, 0x46, 0x00, 0x00, 0x47, 0xFF, 0x04,
    0xA4, 0xC1, 0x28, 0x34, 0xCF, 0xFF, 0x04,
    0x16, 0xB0, 0xF2, 0xE0, 0x60, 0xFF, 0x04,
    0x00, 0x00, 0x00, 0x00, 0x00, 0x00, 0x00,
    0x00, 0x00, 0x00, 0x00, 0x00, 0x00, 0x00,
    0x00, 0x00, 0x00, 0x00, 0x00, 0x00, 0x00,
    0x00, 0x00, 0x00, 0x00, 0x00, 0x00, 0x00,

    /* Unicode: U+00FB */
    0x00, 0x00, 0x00, 0x00, 0x00, 0x00, 0x00,
    0x00, 0x00, 0x00, 0x00, 0x00, 0x00, 0x00,
    0x00, 0x00, 0x65, 0x6A, 0x01, 0x00, 0x00,
    0x01, 0x95, 0x89, 0x7D, 0x9E, 0x03, 0x00,
    0x00, 0x00, 0x00, 0x00, 0x00, 0x00, 0x00,
    0xF8, 0x30, 0x00, 0x00, 0x20, 0xFF, 0x04,
    0xF8, 0x30, 0x00, 0x00, 0x20, 0xFF, 0x04,
    0xF8, 0x30, 0x00, 0x00, 0x20, 0xFF, 0x04,
    0xF8, 0x30, 0x00, 0x00, 0x22, 0xFF, 0x04,
    0xE6, 0x46, 0x00, 0x00, 0x47, 0xFF, 0x04,
    0xA4, 0xC1, 0x28, 0x34, 0xCF, 0xFF, 0x04,
    0x16, 0xB0, 0xF2, 0xE0, 0x60, 0xFF, 0x04,
    0x00, 0x00, 0x00, 0x00, 0x00, 0x00, 0x00,
    0x00, 0x00, 0x00, 0x00, 0x00, 0x00, 0x00,
    0x00, 0x00, 0x00, 0x00, 0x00, 0x00, 0x00,
    0x00, 0x00, 0x00, 0x00, 0x00, 0x00, 0x00,

    /* Unicode: U+00FC */
    0x00, 0x00, 0x00, 0x00, 0x00, 0x00, 0x00,
    0x00, 0x00, 0x00, 0x00, 0x00, 0x00, 0x00,
    0x00, 0x00, 0x00, 0x00, 0x00, 0x00, 0x00,
    0x00, 0x89, 0x5A, 0x51, 0x92, 0x00, 0x00,
    0x00, 0x08, 0x03, 0x02, 0x09, 0x00, 0x00,
    0xF8, 0x30, 0x00, 0x00, 0x20, 0xFF, 0x04,
    0xF8, 0x30, 0x00, 0x00, 0x20, 0xFF, 0x04,
    0xF8, 0x30, 0x00, 0x00, 0x20, 0xFF, 0x04,
    0xF8, 0x30, 0x00, 0x00, 0x22, 0xFF, 0x04,
    0xE6, 0x46, 0x00, 0x00, 0x47, 0xFF, 0x04,
    0xA4, 0xC1, 0x28, 0x34, 0xCF, 0xFF, 0x04,
    0x16, 0xB0, 0xF2, 0xE0, 0x60, 0xFF, 0x04,
    0x00, 0x00, 0x00, 0x00, 0x00, 0x00, 0x00,
    0x00, 0x00, 0x00, 0x00, 0x00, 0x00, 0x00,
    0x00, 0x00, 0x00, 0x00, 0x00, 0x00, 0x00,
    0x00, 0x00, 0x00, 0x00, 0x00, 0x00, 0x00,

    /* Unicode: U+00FD */
    0x00, 0x00, 0x00, 0x00, 0x00, 0x00, 0x00, 0x00,
    0x00, 0x00, 0x00, 0x00, 0x00, 0x00, 0x00, 0x00,
    0x00, 0x00, 0x00, 0x00, 0x2C, 0x78, 0x0E, 0x00,
    0x00, 0x00, 0x00, 0x3A, 0xC9, 0x30, 0x00, 0x00,
    0x00, 0x00, 0x00, 0x00, 0x00, 0x00, 0x00, 0x00,
    0x00, 0xD6, 0x5B, 0x00, 0x00, 0x00, 0x98, 0x86,
    0x00, 0x75, 0xBC, 0x00, 0x00, 0x08, 0xEE, 0x24,
    0x00, 0x17, 0xF9, 0x1E, 0x00, 0x58, 0xC0, 0x00,
    0x00, 0x00, 0xB0, 0x7D, 0x00, 0xB7, 0x5E, 0x00,
    0x00, 0x00, 0x4D, 0xDC, 0x1B, 0xEE, 0x0A, 0x00,
    0x00, 0x00, 0x03, 0xE6, 0xB3, 0x98, 0x00, 0x00,
    0x00, 0x00, 0x00, 0x88, 0xFF, 0x36, 0x00, 0x00,
    0x00, 0x00, 0x00, 0x55, 0xD3, 0x00, 0x00, 0x00,
    0x01, 0x55, 0x25, 0xC9, 0x66, 0x00, 0x00, 0x00,
    0x16, 0xCC, 0xF5, 0x9E, 0x03, 0x00, 0x00, 0x00,
    0x00, 0x00, 0x00, 0x00, 0x00, 0x00, 0x00, 0x00,

    /* Unicode: U+00FE */
    0x00, 0x00, 0x00, 0x00, 0x00, 0x00, 0x00,
    0x00, 0x00, 0x00, 0x00, 0x00, 0x00, 0x00,
    0xE8, 0x40, 0x00, 0x00, 0x00, 0x00, 0x00,
    0xE8, 0x40, 0x00, 0x00, 0x00, 0x00, 0x00,
    0xE8, 0x40, 0x00, 0x00, 0x00, 0x00, 0x00,
    0xE8, 0x7A, 0xD1, 0xF8, 0xCE, 0x44, 0x00,
    0xE8, 0xF4, 0x52, 0x1C, 0x73, 0xF7, 0x28,
    0xE8, 0x70, 0x00, 0x00, 0x00, 0xAF, 0x8B,
    0xE8, 0x42, 0x00, 0x00, 0x00, 0x83, 0xA9,
    0xE8, 0x6D, 0x00, 0x00, 0x00, 0xB0, 0x8A,
    0xE8, 0xF2, 0x4E, 0x1C, 0x7C, 0xF8, 0x28,
    0xE8, 0x6C, 0xCE, 0xF8, 0xCF, 0x44, 0x00,
    0xE8, 0x40, 0x00, 0x00, 0x00, 0x00, 0x00,
    0xE8, 0x40, 0x00, 0x00, 0x00, 0x00, 0x00,
    0xE8, 0x40, 0x00, 0x00, 0x00, 0x00, 0x00,
    0x00, 0x00, 0x00, 0x00, 0x00, 0x00, 0x00,

    /* Unicode: U+00FF */
    0x00, 0x00, 0x00, 0x00, 0x00, 0x00, 0x00, 0x00,
    0x00, 0x00, 0x00, 0x00, 0x00, 0x00, 0x00, 0x00,
    0x00, 0x00, 0x00, 0x00, 0x00, 0x00, 0x00, 0x00,
    0x00, 0x00, 0x60, 0x83, 0x2B, 0xB8, 0x00, 0x00,
    0x00, 0x00, 0x04, 0x08, 0x00, 0x0C, 0x00, 0x00,
    0x00, 0xD6, 0x5B, 0x00, 0x00, 0x00, 0x98, 0x86,
    0x00, 0x75, 0xBC, 0x00, 0x00, 0x08, 0xEE, 0x24,
    0x00, 0x17, 0xF9, 0x1E, 0x00, 0x58, 0xC0, 0x00,
    0x00, 0x00, 0xB0, 0x7D, 0x00, 0xB7, 0x5E, 0x00,
    0x00, 0x00, 0x4D, 0xDC, 0x1B, 0xEE, 0x0A, 0x00,
    0x00, 0x00, 0x03, 0xE6, 0xB3, 0x98, 0x00, 0x00,
    0x00, 0x00, 0x00, 0x88, 0xFF, 0x36, 0x00, 0x00,
    0x00, 0x00, 0x00, 0x55, 0xD3, 0x00, 0x00, 0x00,
    0x01, 0x55, 0x25, 0xC9, 0x66, 0x00, 0x00, 0x00,
    0x16, 0xCC, 0xF5, 0x9E, 0x03, 0x00, 0x00, 0x00,
    0x00, 0x00, 0x00, 0x00, 0x00, 0x00, 0x00, 0x00,

};

static const ls_font_glyph_dsc_t montserrat_12_glyph_dsc[] = {

    {.w_px = 3,   .offset = 0},    /*Unicode: U+0020 ( )*/
    {.w_px = 3,   .offset = 48},    /*Unicode: U+0021 (!)*/
    {.w_px = 4,   .offset = 96},    /*Unicode: U+0022 (")*/
    {.w_px = 9,   .offset = 160},    /*Unicode: U+0023 (#)*/
    {.w_px = 7,   .offset = 304},    /*Unicode: U+0024 ($)*/
    {.w_px = 10,   .offset = 416},    /*Unicode: U+0025 (%)*/
    {.w_px = 9,   .offset = 576},    /*Unicode: U+0026 (&)*/
    {.w_px = 2,   .offset = 720},    /*Unicode: U+0027 (')*/
    {.w_px = 3,   .offset = 752},    /*Unicode: U+0028 (()*/
    {.w_px = 3,   .offset = 800},    /*Unicode: U+0029 ())*/
    {.w_px = 5,   .offset = 848},    /*Unicode: U+002A (*)*/
    {.w_px = 7,   .offset = 928},    /*Unicode: U+002B (+)*/
    {.w_px = 3,   .offset = 1040},    /*Unicode: U+002C (,)*/
    {.w_px = 4,   .offset = 1088},    /*Unicode: U+002D (-)*/
    {.w_px = 3,   .offset = 1152},    /*Unicode: U+002E (.)*/
    {.w_px = 6,   .offset = 1200},    /*Unicode: U+002F (/)*/
    {.w_px = 8,   .offset = 1296},    /*Unicode: U+0030 (0)*/
    {.w_px = 4,   .offset = 1424},    /*Unicode: U+0031 (1)*/
    {.w_px = 7,   .offset = 1488},    /*Unicode: U+0032 (2)*/
    {.w_px = 7,   .offset = 1600},    /*Unicode: U+0033 (3)*/
    {.w_px = 8,   .offset = 1712},    /*Unicode: U+0034 (4)*/
    {.w_px = 7,   .offset = 1840},    /*Unicode: U+0035 (5)*/
    {.w_px = 8,   .offset = 1952},    /*Unicode: U+0036 (6)*/
    {.w_px = 7,   .offset = 2080},    /*Unicode: U+0037 (7)*/
    {.w_px = 8,   .offset = 2192},    /*Unicode: U+0038 (8)*/
    {.w_px = 7,   .offset = 2320},    /*Unicode: U+0039 (9)*/
    {.w_px = 3,   .offset = 2432},    /*Unicode: U+003A (:)*/
    {.w_px = 3,   .offset = 2480},    /*Unicode: U+003B (;)*/
    {.w_px = 7,   .offset = 2528},    /*Unicode: U+003C (<)*/
    {.w_px = 7,   .offset = 2640},    /*Unicode: U+003D (=)*/
    {.w_px = 7,   .offset = 2752},    /*Unicode: U+003E (>)*/
    {.w_px = 7,   .offset = 2864},    /*Unicode: U+003F (?)*/
    {.w_px = 12,   .offset = 2976},    /*Unicode: U+0040 (@)*/
    {.w_px = 10,   .offset = 3168},    /*Unicode: U+0041 (A)*/
    {.w_px = 8,   .offset = 3328},    /*Unicode: U+0042 (B)*/
    {.w_px = 9,   .offset = 3456},    /*Unicode: U+0043 (C)*/
    {.w_px = 9,   .offset = 3600},    /*Unicode: U+0044 (D)*/
    {.w_px = 7,   .offset = 3744},    /*Unicode: U+0045 (E)*/
    {.w_px = 7,   .offset = 3856},    /*Unicode: U+0046 (F)*/
    {.w_px = 9,   .offset = 3968},    /*Unicode: U+0047 (G)*/
    {.w_px = 8,   .offset = 4112},    /*Unicode: U+0048 (H)*/
    {.w_px = 2,   .offset = 4240},    /*Unicode: U+0049 (I)*/
    {.w_px = 6,   .offset = 4272},    /*Unicode: U+004A (J)*/
    {.w_px = 8,   .offset = 4368},    /*Unicode: U+004B (K)*/
    {.w_px = 7,   .offset = 4496},    /*Unicode: U+004C (L)*/
    {.w_px = 10,   .offset = 4608},    /*Unicode: U+004D (M)*/
    {.w_px = 8,   .offset = 4768},    /*Unicode: U+004E (N)*/
    {.w_px = 10,   .offset = 4896},    /*Unicode: U+004F (O)*/
    {.w_px = 8,   .offset = 5056},    /*Unicode: U+0050 (P)*/
    {.w_px = 10,   .offset = 5184},    /*Unicode: U+0051 (Q)*/
    {.w_px = 8,   .offset = 5344},    /*Unicode: U+0052 (R)*/
    {.w_px = 7,   .offset = 5472},    /*Unicode: U+0053 (S)*/
    {.w_px = 7,   .offset = 5584},    /*Unicode: U+0054 (T)*/
    {.w_px = 8,   .offset = 5696},    /*Unicode: U+0055 (U)*/
    {.w_px = 10,   .offset = 5824},    /*Unicode: U+0056 (V)*/
    {.w_px = 14,   .offset = 5984},    /*Unicode: U+0057 (W)*/
    {.w_px = 8,   .offset = 6208},    /*Unicode: U+0058 (X)*/
    {.w_px = 9,   .offset = 6336},    /*Unicode: U+0059 (Y)*/
    {.w_px = 8,   .offset = 6480},    /*Unicode: U+005A (Z)*/
    {.w_px = 3,   .offset = 6608},    /*Unicode: U+005B ([)*/
    {.w_px = 6,   .offset = 6656},    /*Unicode: U+005C (\)*/
    {.w_px = 3,   .offset = 6752},    /*Unicode: U+005D (])*/
    {.w_px = 7,   .offset = 6800},    /*Unicode: U+005E (^)*/
    {.w_px = 6,   .offset = 6912},    /*Unicode: U+005F (_)*/
    {.w_px = 4,   .offset = 7008},    /*Unicode: U+0060 (`)*/
    {.w_px = 7,   .offset = 7072},    /*Unicode: U+0061 (a)*/
    {.w_px = 7,   .offset = 7184},    /*Unicode: U+0062 (b)*/
    {.w_px = 7,   .offset = 7296},    /*Unicode: U+0063 (c)*/
    {.w_px = 8,   .offset = 7408},    /*Unicode: U+0064 (d)*/
    {.w_px = 7,   .offset = 7536},    /*Unicode: U+0065 (e)*/
    {.w_px = 5,   .offset = 7648},    /*Unicode: U+0066 (f)*/
    {.w_px = 8,   .offset = 7728},    /*Unicode: U+0067 (g)*/
    {.w_px = 7,   .offset = 7856},    /*Unicode: U+0068 (h)*/
    {.w_px = 3,   .offset = 7968},    /*Unicode: U+0069 (i)*/
    {.w_px = 5,   .offset = 8016},    /*Unicode: U+006A (j)*/
    {.w_px = 7,   .offset = 8096},    /*Unicode: U+006B (k)*/
    {.w_px = 2,   .offset = 8208},    /*Unicode: U+006C (l)*/
    {.w_px = 11,   .offset = 8240},    /*Unicode: U+006D (m)*/
    {.w_px = 7,   .offset = 8416},    /*Unicode: U+006E (n)*/
    {.w_px = 8,   .offset = 8528},    /*Unicode: U+006F (o)*/
    {.w_px = 7,   .offset = 8656},    /*Unicode: U+0070 (p)*/
    {.w_px = 8,   .offset = 8768},    /*Unicode: U+0071 (q)*/
    {.w_px = 4,   .offset = 8896},    /*Unicode: U+0072 (r)*/
    {.w_px = 6,   .offset = 8960},    /*Unicode: U+0073 (s)*/
    {.w_px = 5,   .offset = 9056},    /*Unicode: U+0074 (t)*/
    {.w_px = 7,   .offset = 9136},    /*Unicode: U+0075 (u)*/
    {.w_px = 8,   .offset = 9248},    /*Unicode: U+0076 (v)*/
    {.w_px = 11,   .offset = 9376},    /*Unicode: U+0077 (w)*/
    {.w_px = 7,   .offset = 9552},    /*Unicode: U+0078 (x)*/
    {.w_px = 8,   .offset = 9664},    /*Unicode: U+0079 (y)*/
    {.w_px = 6,   .offset = 9792},    /*Unicode: U+007A (z)*/
    {.w_px = 4,   .offset = 9888},    /*Unicode: U+007B ({)*/
    {.w_px = 2,   .offset = 9952},    /*Unicode: U+007C (|)*/
    {.w_px = 4,   .offset = 9984},    /*Unicode: U+007D (})*/
    {.w_px = 7,   .offset = 10048},    /*Unicode: U+007E (~)*/
    {.w_px = 7,   .offset = 10160},    /*Unicode: U+007F (?)*/
    {.w_px = 7,   .offset = 10272},    /*Unicode: U+0080 (?)*/
    {.w_px = 7,   .offset = 10384},    /*Unicode: U+0081 (?)*/
    {.w_px = 7,   .offset = 10496},    /*Unicode: U+0082 (?)*/
    {.w_px = 7,   .offset = 10608},    /*Unicode: U+0083 (?)*/
    {.w_px = 7,   .offset = 10720},    /*Unicode: U+0084 (?)*/
    {.w_px = 7,   .offset = 10832},    /*Unicode: U+0085 (?)*/
    {.w_px = 7,   .offset = 10944},    /*Unicode: U+0086 (?)*/
    {.w_px = 7,   .offset = 11056},    /*Unicode: U+0087 (?)*/
    {.w_px = 7,   .offset = 11168},    /*Unicode: U+0088 (?)*/
    {.w_px = 7,   .offset = 11280},    /*Unicode: U+0089 (?)*/
    {.w_px = 7,   .offset = 11392},    /*Unicode: U+008A (?)*/
    {.w_px = 7,   .offset = 11504},    /*Unicode: U+008B (?)*/
    {.w_px = 7,   .offset = 11616},    /*Unicode: U+008C (?)*/
    {.w_px = 7,   .offset = 11728},    /*Unicode: U+008D (?)*/
    {.w_px = 7,   .offset = 11840},    /*Unicode: U+008E (?)*/
    {.w_px = 7,   .offset = 11952},    /*Unicode: U+008F (?)*/
    {.w_px = 7,   .offset = 12064},    /*Unicode: U+0090 (?)*/
    {.w_px = 7,   .offset = 12176},    /*Unicode: U+0091 (?)*/
    {.w_px = 7,   .offset = 12288},    /*Unicode: U+0092 (?)*/
    {.w_px = 7,   .offset = 12400},    /*Unicode: U+0093 (?)*/
    {.w_px = 7,   .offset = 12512},    /*Unicode: U+0094 (?)*/
    {.w_px = 7,   .offset = 12624},    /*Unicode: U+0095 (?)*/
    {.w_px = 7,   .offset = 12736},    /*Unicode: U+0096 (?)*/
    {.w_px = 7,   .offset = 12848},    /*Unicode: U+0097 (?)*/
    {.w_px = 7,   .offset = 12960},    /*Unicode: U+0098 (?)*/
    {.w_px = 7,   .offset = 13072},    /*Unicode: U+0099 (?)*/
    {.w_px = 7,   .offset = 13184},    /*Unicode: U+009A (?)*/
    {.w_px = 7,   .offset = 13296},    /*Unicode: U+009B (?)*/
    {.w_px = 7,   .offset = 13408},    /*Unicode: U+009C (?)*/
    {.w_px = 7,   .offset = 13520},    /*Unicode: U+009D (?)*/
    {.w_px = 7,   .offset = 13632},    /*Unicode: U+009E (?)*/
    {.w_px = 7,   .offset = 13744},    /*Unicode: U+009F (?)*/
    {.w_px = 3,   .offset = 13856},    /*Unicode: U+00A0 (?)*/
    {.w_px = 3,   .offset = 13904},    /*Unicode: U+00A1 (?)*/
    {.w_px = 7,   .offset = 13952},    /*Unicode: U+00A2 (?)*/
    {.w_px = 8,   .offset = 14064},    /*Unicode: U+00A3 (?)*/
    {.w_px = 9,   .offset = 14192},    /*Unicode: U+00A4 (?)*/
    {.w_px = 10,   .offset = 14336},    /*Unicode: U+00A5 (?)*/
    {.w_px = 2,   .offset = 14496},    /*Unicode: U+00A6 (?)*/
    {.w_px = 6,   .offset = 14528},    /*Unicode: U+00A7 (?)*/
    {.w_px = 5,   .offset = 14624},    /*Unicode: U+00A8 (?)*/
    {.w_px = 10,   .offset = 14704},    /*Unicode: U+00A9 (?)*/
    {.w_px = 5,   .offset = 14864},    /*Unicode: U+00AA (?)*/
    {.w_px = 6,   .offset = 14944},    /*Unicode: U+00AB (?)*/
    {.w_px = 7,   .offset = 15040},    /*Unicode: U+00AC (?)*/
    {.w_px = 4,   .offset = 15152},    /*Unicode: U+00AD (?)*/
    {.w_px = 10,   .offset = 15216},    /*Unicode: U+00AE (?)*/
    {.w_px = 5,   .offset = 15376},    /*Unicode: U+00AF (?)*/
    {.w_px = 5,   .offset = 15456},    /*Unicode: U+00B0 (?)*/
    {.w_px = 7,   .offset = 15536},    /*Unicode: U+00B1 (?)*/
    {.w_px = 5,   .offset = 15648},    /*Unicode: U+00B2 (?)*/
    {.w_px = 5,   .offset = 15728},    /*Unicode: U+00B3 (?)*/
    {.w_px = 4,   .offset = 15808},    /*Unicode: U+00B4 (?)*/
    {.w_px = 7,   .offset = 15872},    /*Unicode: U+00B5 (?)*/
    {.w_px = 7,   .offset = 15984},    /*Unicode: U+00B6 (?)*/
    {.w_px = 3,   .offset = 16096},    /*Unicode: U+00B7 (?)*/
    {.w_px = 3,   .offset = 16144},    /*Unicode: U+00B8 (?)*/
    {.w_px = 5,   .offset = 16192},    /*Unicode: U+00B9 (?)*/
    {.w_px = 5,   .offset = 16272},    /*Unicode: U+00BA (?)*/
    {.w_px = 6,   .offset = 16352},    /*Unicode: U+00BB (?)*/
    {.w_px = 13,   .offset = 16448},    /*Unicode: U+00BC (?)*/
    {.w_px = 12,   .offset = 16656},    /*Unicode: U+00BD (?)*/
    {.w_px = 13,   .offset = 16848},    /*Unicode: U+00BE (?)*/
    {.w_px = 7,   .offset = 17056},    /*Unicode: U+00BF (?)*/
    {.w_px = 10,   .offset = 17168},    /*Unicode: U+00C0 (?)*/
    {.w_px = 10,   .offset = 17328},    /*Unicode: U+00C1 (?)*/
    {.w_px = 10,   .offset = 17488},    /*Unicode: U+00C2 (?)*/
    {.w_px = 10,   .offset = 17648},    /*Unicode: U+00C3 (?)*/
    {.w_px = 10,   .offset = 17808},    /*Unicode: U+00C4 (?)*/
    {.w_px = 10,   .offset = 17968},    /*Unicode: U+00C5 (?)*/
    {.w_px = 13,   .offset = 18128},    /*Unicode: U+00C6 (?)*/
    {.w_px = 9,   .offset = 18336},    /*Unicode: U+00C7 (?)*/
    {.w_px = 7,   .offset = 18480},    /*Unicode: U+00C8 (?)*/
    {.w_px = 7,   .offset = 18592},    /*Unicode: U+00C9 (?)*/
    {.w_px = 7,   .offset = 18704},    /*Unicode: U+00CA (?)*/
    {.w_px = 7,   .offset = 18816},    /*Unicode: U+00CB (?)*/
    {.w_px = 4,   .offset = 18928},    /*Unicode: U+00CC (?)*/
    {.w_px = 5,   .offset = 18992},    /*Unicode: U+00CD (?)*/
    {.w_px = 5,   .offset = 19072},    /*Unicode: U+00CE (?)*/
    {.w_px = 4,   .offset = 19152},    /*Unicode: U+00CF (?)*/
    {.w_px = 10,   .offset = 19216},    /*Unicode: U+00D0 (?)*/
    {.w_px = 8,   .offset = 19376},    /*Unicode: U+00D1 (?)*/
    {.w_px = 10,   .offset = 19504},    /*Unicode: U+00D2 (?)*/
    {.w_px = 10,   .offset = 19664},    /*Unicode: U+00D3 (?)*/
    {.w_px = 10,   .offset = 19824},    /*Unicode: U+00D4 (?)*/
    {.w_px = 10,   .offset = 19984},    /*Unicode: U+00D5 (?)*/
    {.w_px = 10,   .offset = 20144},    /*Unicode: U+00D6 (?)*/
    {.w_px = 5,   .offset = 20304},    /*Unicode: U+00D7 (?)*/
    {.w_px = 10,   .offset = 20384},    /*Unicode: U+00D8 (?)*/
    {.w_px = 8,   .offset = 20544},    /*Unicode: U+00D9 (?)*/
    {.w_px = 8,   .offset = 20672},    /*Unicode: U+00DA (?)*/
    {.w_px = 8,   .offset = 20800},    /*Unicode: U+00DB (?)*/
    {.w_px = 8,   .offset = 20928},    /*Unicode: U+00DC (?)*/
    {.w_px = 9,   .offset = 21056},    /*Unicode: U+00DD (?)*/
    {.w_px = 8,   .offset = 21200},    /*Unicode: U+00DE (?)*/
    {.w_px = 7,   .offset = 21328},    /*Unicode: U+00DF (?)*/
    {.w_px = 7,   .offset = 21440},    /*Unicode: U+00E0 (?)*/
    {.w_px = 7,   .offset = 21552},    /*Unicode: U+00E1 (?)*/
    {.w_px = 7,   .offset = 21664},    /*Unicode: U+00E2 (?)*/
    {.w_px = 7,   .offset = 21776},    /*Unicode: U+00E3 (?)*/
    {.w_px = 7,   .offset = 21888},    /*Unicode: U+00E4 (?)*/
    {.w_px = 7,   .offset = 22000},    /*Unicode: U+00E5 (?)*/
    {.w_px = 12,   .offset = 22112},    /*Unicode: U+00E6 (?)*/
    {.w_px = 7,   .offset = 22304},    /*Unicode: U+00E7 (?)*/
    {.w_px = 7,   .offset = 22416},    /*Unicode: U+00E8 (?)*/
    {.w_px = 7,   .offset = 22528},    /*Unicode: U+00E9 (?)*/
    {.w_px = 7,   .offset = 22640},    /*Unicode: U+00EA (?)*/
    {.w_px = 7,   .offset = 22752},    /*Unicode: U+00EB (?)*/
    {.w_px = 4,   .offset = 22864},    /*Unicode: U+00EC (?)*/
    {.w_px = 4,   .offset = 22928},    /*Unicode: U+00ED (?)*/
    {.w_px = 5,   .offset = 22992},    /*Unicode: U+00EE (?)*/
    {.w_px = 4,   .offset = 23072},    /*Unicode: U+00EF (?)*/
    {.w_px = 8,   .offset = 23136},    /*Unicode: U+00F0 (?)*/
    {.w_px = 7,   .offset = 23264},    /*Unicode: U+00F1 (?)*/
    {.w_px = 8,   .offset = 23376},    /*Unicode: U+00F2 (?)*/
    {.w_px = 8,   .offset = 23504},    /*Unicode: U+00F3 (?)*/
    {.w_px = 8,   .offset = 23632},    /*Unicode: U+00F4 (?)*/
    {.w_px = 8,   .offset = 23760},    /*Unicode: U+00F5 (?)*/
    {.w_px = 8,   .offset = 23888},    /*Unicode: U+00F6 (?)*/
    {.w_px = 7,   .offset = 24016},    /*Unicode: U+00F7 (?)*/
    {.w_px = 8,   .offset = 24128},    /*Unicode: U+00F8 (?)*/
    {.w_px = 7,   .offset = 24256},    /*Unicode: U+00F9 (?)*/
    {.w_px = 7,   .offset = 24368},    /*Unicode: U+00FA (?)*/
    {.w_px = 7,   .offset = 24480},    /*Unicode: U+00FB (?)*/
    {.w_px = 7,   .offset = 24592},    /*Unicode: U+00FC (?)*/
    {.w_px = 8,   .offset = 24704},    /*Unicode: U+00FD (?)*/
    {.w_px = 7,   .offset = 24832},    /*Unicode: U+00FE (?)*/
    {.w_px = 8,   .offset = 24944},    /*Unicode: U+00FF (?)*/
};

ls_font_t montserrat_12 = {
    .glyph_id_first = 32,
    .glyph_id_last  = 255,
    .h_px           = 16,
    .base_line      = 12,
    .glyph_bitmap   = montserrat_12_glyph_bitmap,
    .glyph_dsc      = montserrat_12_glyph_dsc,
    .glyph_cnt      = 224,
};
