#include "ls_font.h"

static const unsigned char montserrat_18_glyph_bitmap[] = {
    /* Unicode: U+0020 */
    0x00, 0x00, 0x00, 0x00, 0x00,
    0x00, 0x00, 0x00, 0x00, 0x00,
    0x00, 0x00, 0x00, 0x00, 0x00,
    0x00, 0x00, 0x00, 0x00, 0x00,
    0x00, 0x00, 0x00, 0x00, 0x00,
    0x00, 0x00, 0x00, 0x00, 0x00,
    0x00, 0x00, 0x00, 0x00, 0x00,
    0x00, 0x00, 0x00, 0x00, 0x00,
    0x00, 0x00, 0x00, 0x00, 0x00,
    0x00, 0x00, 0x00, 0x00, 0x00,
    0x00, 0x00, 0x00, 0x00, 0x00,
    0x00, 0x00, 0x00, 0x00, 0x00,
    0x00, 0x00, 0x00, 0x00, 0x00,
    0x00, 0x00, 0x00, 0x00, 0x00,
    0x00, 0x00, 0x00, 0x00, 0x00,
    0x00, 0x00, 0x00, 0x00, 0x00,
    0x00, 0x00, 0x00, 0x00, 0x00,
    0x00, 0x00, 0x00, 0x00, 0x00,
    0x00, 0x00, 0x00, 0x00, 0x00,
    0x00, 0x00, 0x00, 0x00, 0x00,
    0x00, 0x00, 0x00, 0x00, 0x00,
    0x00, 0x00, 0x00, 0x00, 0x00,
    0x00, 0x00, 0x00, 0x00, 0x00,

    /* Unicode: U+0021 */
    0x00, 0x00, 0x00,
    0x00, 0x00, 0x00,
    0x00, 0x00, 0x00,
    0x00, 0x00, 0x00,
    0x00, 0x00, 0x00,
    0x94, 0xFF, 0x6A,
    0x8A, 0xFF, 0x61,
    0x81, 0xFF, 0x57,
    0x78, 0xFF, 0x4D,
    0x6E, 0xFF, 0x43,
    0x65, 0xFF, 0x3A,
    0x5C, 0xFF, 0x30,
    0x52, 0xFF, 0x26,
    0x49, 0xFF, 0x1C,
    0x00, 0x00, 0x00,
    0x02, 0x1C, 0x00,
    0x99, 0xFF, 0x6B,
    0x7C, 0xF4, 0x54,
    0x00, 0x00, 0x00,
    0x00, 0x00, 0x00,
    0x00, 0x00, 0x00,
    0x00, 0x00, 0x00,
    0x00, 0x00, 0x00,

    /* Unicode: U+0022 */
    0x00, 0x00, 0x00, 0x00, 0x00,
    0x00, 0x00, 0x00, 0x00, 0x00,
    0x00, 0x00, 0x00, 0x00, 0x00,
    0x00, 0x00, 0x00, 0x00, 0x00,
    0x00, 0x00, 0x00, 0x00, 0x00,
    0xDA, 0xA0, 0x00, 0x96, 0xE4,
    0xD5, 0x9A, 0x00, 0x91, 0xDE,
    0xD0, 0x93, 0x00, 0x8C, 0xD7,
    0xCB, 0x8D, 0x00, 0x87, 0xD1,
    0xC6, 0x87, 0x00, 0x82, 0xCB,
    0x00, 0x00, 0x00, 0x00, 0x00,
    0x00, 0x00, 0x00, 0x00, 0x00,
    0x00, 0x00, 0x00, 0x00, 0x00,
    0x00, 0x00, 0x00, 0x00, 0x00,
    0x00, 0x00, 0x00, 0x00, 0x00,
    0x00, 0x00, 0x00, 0x00, 0x00,
    0x00, 0x00, 0x00, 0x00, 0x00,
    0x00, 0x00, 0x00, 0x00, 0x00,
    0x00, 0x00, 0x00, 0x00, 0x00,
    0x00, 0x00, 0x00, 0x00, 0x00,
    0x00, 0x00, 0x00, 0x00, 0x00,
    0x00, 0x00, 0x00, 0x00, 0x00,
    0x00, 0x00, 0x00, 0x00, 0x00,

    /* Unicode: U+0023 */
    0x00, 0x00, 0x00, 0x00, 0x00, 0x00, 0x00, 0x00, 0x00, 0x00, 0x00, 0x00, 0x00,
    0x00, 0x00, 0x00, 0x00, 0x00, 0x00, 0x00, 0x00, 0x00, 0x00, 0x00, 0x00, 0x00,
    0x00, 0x00, 0x00, 0x00, 0x00, 0x00, 0x00, 0x00, 0x00, 0x00, 0x00, 0x00, 0x00,
    0x00, 0x00, 0x00, 0x00, 0x00, 0x00, 0x00, 0x00, 0x00, 0x00, 0x00, 0x00, 0x00,
    0x00, 0x00, 0x00, 0x00, 0x00, 0x00, 0x00, 0x00, 0x00, 0x00, 0x00, 0x00, 0x00,
    0x00, 0x00, 0x00, 0x00, 0xED, 0x5A, 0x00, 0x00, 0x45, 0xFD, 0x05, 0x00, 0x00,
    0x00, 0x00, 0x00, 0x0E, 0xFF, 0x37, 0x00, 0x00, 0x66, 0xE1, 0x00, 0x00, 0x00,
    0x00, 0x00, 0x00, 0x2F, 0xFF, 0x15, 0x00, 0x00, 0x87, 0xC0, 0x00, 0x00, 0x00,
    0x00, 0xF0, 0xFF, 0xFF, 0xFF, 0xFF, 0xFF, 0xFF, 0xFF, 0xFF, 0xFF, 0xFF, 0x2C,
    0x00, 0x87, 0x90, 0xC2, 0xEC, 0x90, 0x90, 0x90, 0xE7, 0xC6, 0x90, 0x90, 0x18,
    0x00, 0x00, 0x00, 0x8C, 0xBC, 0x00, 0x00, 0x00, 0xDF, 0x66, 0x00, 0x00, 0x00,
    0x00, 0x00, 0x00, 0xAE, 0x9A, 0x00, 0x00, 0x03, 0xFB, 0x46, 0x00, 0x00, 0x00,
    0x00, 0x00, 0x00, 0xCF, 0x78, 0x00, 0x00, 0x20, 0xFF, 0x27, 0x00, 0x00, 0x00,
    0x84, 0xFF, 0xFF, 0xFF, 0xFF, 0xFF, 0xFF, 0xFF, 0xFF, 0xFF, 0xFF, 0x98, 0x00,
    0x4A, 0x90, 0x96, 0xFF, 0xA9, 0x90, 0x90, 0xB9, 0xF4, 0x90, 0x90, 0x55, 0x00,
    0x00, 0x00, 0x23, 0xFF, 0x24, 0x00, 0x00, 0x75, 0xD0, 0x00, 0x00, 0x00, 0x00,
    0x00, 0x00, 0x40, 0xFF, 0x08, 0x00, 0x00, 0x93, 0xB3, 0x00, 0x00, 0x00, 0x00,
    0x00, 0x00, 0x5D, 0xEA, 0x00, 0x00, 0x00, 0xB1, 0x96, 0x00, 0x00, 0x00, 0x00,
    0x00, 0x00, 0x00, 0x00, 0x00, 0x00, 0x00, 0x00, 0x00, 0x00, 0x00, 0x00, 0x00,
    0x00, 0x00, 0x00, 0x00, 0x00, 0x00, 0x00, 0x00, 0x00, 0x00, 0x00, 0x00, 0x00,
    0x00, 0x00, 0x00, 0x00, 0x00, 0x00, 0x00, 0x00, 0x00, 0x00, 0x00, 0x00, 0x00,
    0x00, 0x00, 0x00, 0x00, 0x00, 0x00, 0x00, 0x00, 0x00, 0x00, 0x00, 0x00, 0x00,
    0x00, 0x00, 0x00, 0x00, 0x00, 0x00, 0x00, 0x00, 0x00, 0x00, 0x00, 0x00, 0x00,

    /* Unicode: U+0024 */
    0x00, 0x00, 0x00, 0x00, 0x00, 0x00, 0x00, 0x00, 0x00, 0x00, 0x00,
    0x00, 0x00, 0x00, 0x00, 0x00, 0x00, 0x00, 0x00, 0x00, 0x00, 0x00,
    0x00, 0x00, 0x00, 0x00, 0x00, 0x72, 0x22, 0x00, 0x00, 0x00, 0x00,
    0x00, 0x00, 0x00, 0x00, 0x00, 0xE4, 0x44, 0x00, 0x00, 0x00, 0x00,
    0x00, 0x00, 0x00, 0x00, 0x00, 0xE4, 0x44, 0x00, 0x00, 0x00, 0x00,
    0x00, 0x00, 0x1F, 0x9F, 0xDD, 0xFF, 0xFA, 0xDE, 0x9A, 0x2A, 0x00,
    0x00, 0x35, 0xF4, 0xFB, 0xB1, 0xF3, 0xB3, 0xBF, 0xFD, 0xC1, 0x00,
    0x00, 0xBE, 0xFD, 0x3B, 0x00, 0xE4, 0x44, 0x00, 0x26, 0x3F, 0x00,
    0x00, 0xED, 0xDC, 0x00, 0x00, 0xE4, 0x44, 0x00, 0x00, 0x00, 0x00,
    0x00, 0xD2, 0xFB, 0x37, 0x00, 0xE4, 0x44, 0x00, 0x00, 0x00, 0x00,
    0x00, 0x58, 0xFE, 0xFC, 0xAD, 0xF1, 0x4F, 0x00, 0x00, 0x00, 0x00,
    0x00, 0x00, 0x4B, 0xC9, 0xFF, 0xFF, 0xFE, 0xCB, 0x68, 0x04, 0x00,
    0x00, 0x00, 0x00, 0x00, 0x1C, 0xEB, 0xC2, 0xF2, 0xFF, 0xB6, 0x01,
    0x00, 0x00, 0x00, 0x00, 0x00, 0xE4, 0x44, 0x13, 0xC3, 0xFF, 0x45,
    0x00, 0x00, 0x00, 0x00, 0x00, 0xE4, 0x44, 0x00, 0x62, 0xFF, 0x68,
    0x00, 0xAB, 0x3A, 0x00, 0x00, 0xE4, 0x44, 0x04, 0xB2, 0xFF, 0x3E,
    0x19, 0xE9, 0xFF, 0xD1, 0x9E, 0xF3, 0xB8, 0xDC, 0xFF, 0xAD, 0x00,
    0x00, 0x13, 0x7E, 0xCC, 0xF3, 0xFF, 0xF9, 0xCB, 0x69, 0x02, 0x00,
    0x00, 0x00, 0x00, 0x00, 0x00, 0xE4, 0x45, 0x00, 0x00, 0x00, 0x00,
    0x00, 0x00, 0x00, 0x00, 0x00, 0xE0, 0x42, 0x00, 0x00, 0x00, 0x00,
    0x00, 0x00, 0x00, 0x00, 0x00, 0x00, 0x00, 0x00, 0x00, 0x00, 0x00,
    0x00, 0x00, 0x00, 0x00, 0x00, 0x00, 0x00, 0x00, 0x00, 0x00, 0x00,
    0x00, 0x00, 0x00, 0x00, 0x00, 0x00, 0x00, 0x00, 0x00, 0x00, 0x00,

    /* Unicode: U+0025 */
    0x00, 0x00, 0x00, 0x00, 0x00, 0x00, 0x00, 0x00, 0x00, 0x00, 0x00, 0x00, 0x00, 0x00, 0x00,
    0x00, 0x00, 0x00, 0x00, 0x00, 0x00, 0x00, 0x00, 0x00, 0x00, 0x00, 0x00, 0x00, 0x00, 0x00,
    0x00, 0x00, 0x00, 0x00, 0x00, 0x00, 0x00, 0x00, 0x00, 0x00, 0x00, 0x00, 0x00, 0x00, 0x00,
    0x00, 0x00, 0x00, 0x00, 0x00, 0x00, 0x00, 0x00, 0x00, 0x00, 0x00, 0x00, 0x00, 0x00, 0x00,
    0x00, 0x00, 0x00, 0x00, 0x00, 0x00, 0x00, 0x00, 0x00, 0x00, 0x00, 0x00, 0x00, 0x00, 0x00,
    0x00, 0x1C, 0xB8, 0xF1, 0xCB, 0x35, 0x00, 0x00, 0x00, 0x00, 0x28, 0xF6, 0x40, 0x00, 0x00,
    0x00, 0xCB, 0xE9, 0x9E, 0xD7, 0xEC, 0x0E, 0x00, 0x00, 0x02, 0xC7, 0x95, 0x00, 0x00, 0x00,
    0x2D, 0xFE, 0x2B, 0x00, 0x0B, 0xE8, 0x5C, 0x00, 0x00, 0x74, 0xE0, 0x0C, 0x00, 0x00, 0x00,
    0x4B, 0xE3, 0x00, 0x00, 0x00, 0xAF, 0x7A, 0x00, 0x26, 0xF6, 0x44, 0x00, 0x00, 0x00, 0x00,
    0x32, 0xEF, 0x01, 0x00, 0x00, 0xBD, 0x62, 0x02, 0xC4, 0x9A, 0x00, 0x00, 0x00, 0x00, 0x00,
    0x04, 0xD9, 0x74, 0x04, 0x46, 0xF1, 0x18, 0x71, 0xE2, 0x0E, 0x00, 0x00, 0x00, 0x00, 0x00,
    0x00, 0x31, 0xD9, 0xFD, 0xEB, 0x4F, 0x24, 0xF5, 0x48, 0x1C, 0xB1, 0xE6, 0xBF, 0x2D, 0x00,
    0x00, 0x00, 0x00, 0x12, 0x01, 0x01, 0xC1, 0x9E, 0x01, 0xCF, 0x92, 0x2D, 0x75, 0xEA, 0x0D,
    0x00, 0x00, 0x00, 0x00, 0x00, 0x6D, 0xE5, 0x10, 0x32, 0xED, 0x03, 0x00, 0x00, 0xCA, 0x5C,
    0x00, 0x00, 0x00, 0x00, 0x22, 0xF4, 0x4C, 0x00, 0x4F, 0xD9, 0x00, 0x00, 0x00, 0xB2, 0x7A,
    0x00, 0x00, 0x00, 0x01, 0xBE, 0xA2, 0x00, 0x00, 0x35, 0xFA, 0x1F, 0x00, 0x0D, 0xE9, 0x5F,
    0x00, 0x00, 0x00, 0x6A, 0xE7, 0x12, 0x00, 0x00, 0x03, 0xD4, 0xE4, 0x9C, 0xD8, 0xEE, 0x11,
    0x00, 0x00, 0x1F, 0xF3, 0x50, 0x00, 0x00, 0x00, 0x00, 0x23, 0xBD, 0xF3, 0xCD, 0x39, 0x00,
    0x00, 0x00, 0x00, 0x00, 0x00, 0x00, 0x00, 0x00, 0x00, 0x00, 0x00, 0x00, 0x00, 0x00, 0x00,
    0x00, 0x00, 0x00, 0x00, 0x00, 0x00, 0x00, 0x00, 0x00, 0x00, 0x00, 0x00, 0x00, 0x00, 0x00,
    0x00, 0x00, 0x00, 0x00, 0x00, 0x00, 0x00, 0x00, 0x00, 0x00, 0x00, 0x00, 0x00, 0x00, 0x00,
    0x00, 0x00, 0x00, 0x00, 0x00, 0x00, 0x00, 0x00, 0x00, 0x00, 0x00, 0x00, 0x00, 0x00, 0x00,
    0x00, 0x00, 0x00, 0x00, 0x00, 0x00, 0x00, 0x00, 0x00, 0x00, 0x00, 0x00, 0x00, 0x00, 0x00,

    /* Unicode: U+0026 */
    0x00, 0x00, 0x00, 0x00, 0x00, 0x00, 0x00, 0x00, 0x00, 0x00, 0x00, 0x00, 0x00,
    0x00, 0x00, 0x00, 0x00, 0x00, 0x00, 0x00, 0x00, 0x00, 0x00, 0x00, 0x00, 0x00,
    0x00, 0x00, 0x00, 0x00, 0x00, 0x00, 0x00, 0x00, 0x00, 0x00, 0x00, 0x00, 0x00,
    0x00, 0x00, 0x00, 0x00, 0x00, 0x00, 0x00, 0x00, 0x00, 0x00, 0x00, 0x00, 0x00,
    0x00, 0x00, 0x00, 0x00, 0x00, 0x00, 0x00, 0x00, 0x00, 0x00, 0x00, 0x00, 0x00,
    0x00, 0x00, 0x00, 0x4A, 0xC9, 0xF3, 0xE4, 0x91, 0x09, 0x00, 0x00, 0x00, 0x00,
    0x00, 0x00, 0x38, 0xFC, 0xE6, 0x9B, 0xB8, 0xFF, 0x8F, 0x00, 0x00, 0x00, 0x00,
    0x00, 0x00, 0x8D, 0xFF, 0x20, 0x00, 0x00, 0xB1, 0xD5, 0x00, 0x00, 0x00, 0x00,
    0x00, 0x00, 0x91, 0xFD, 0x0C, 0x00, 0x00, 0xBB, 0xBF, 0x00, 0x00, 0x00, 0x00,
    0x00, 0x00, 0x3A, 0xFF, 0x94, 0x0A, 0x96, 0xFB, 0x43, 0x00, 0x00, 0x00, 0x00,
    0x00, 0x00, 0x00, 0x89, 0xFF, 0xEB, 0xE8, 0x48, 0x00, 0x00, 0x00, 0x00, 0x00,
    0x00, 0x00, 0x27, 0xC4, 0xFB, 0xFF, 0x93, 0x00, 0x00, 0x00, 0x00, 0x00, 0x00,
    0x00, 0x3A, 0xF1, 0xBD, 0x20, 0x87, 0xFF, 0x95, 0x01, 0x10, 0xE3, 0x46, 0x00,
    0x02, 0xDD, 0xCF, 0x05, 0x00, 0x00, 0x7C, 0xFF, 0xA2, 0x67, 0xFF, 0x28, 0x00,
    0x22, 0xFF, 0x8D, 0x00, 0x00, 0x00, 0x00, 0x6F, 0xFE, 0xFC, 0xBA, 0x00, 0x00,
    0x11, 0xFC, 0xD9, 0x13, 0x00, 0x00, 0x00, 0x1C, 0xDC, 0xFF, 0xB9, 0x07, 0x00,
    0x00, 0x86, 0xFF, 0xF1, 0xA9, 0x95, 0xB5, 0xF8, 0xED, 0x86, 0xFD, 0xB6, 0x01,
    0x00, 0x00, 0x5A, 0xC1, 0xF0, 0xF8, 0xDB, 0x8F, 0x19, 0x00, 0x60, 0x81, 0x00,
    0x00, 0x00, 0x00, 0x00, 0x00, 0x00, 0x00, 0x00, 0x00, 0x00, 0x00, 0x00, 0x00,
    0x00, 0x00, 0x00, 0x00, 0x00, 0x00, 0x00, 0x00, 0x00, 0x00, 0x00, 0x00, 0x00,
    0x00, 0x00, 0x00, 0x00, 0x00, 0x00, 0x00, 0x00, 0x00, 0x00, 0x00, 0x00, 0x00,
    0x00, 0x00, 0x00, 0x00, 0x00, 0x00, 0x00, 0x00, 0x00, 0x00, 0x00, 0x00, 0x00,
    0x00, 0x00, 0x00, 0x00, 0x00, 0x00, 0x00, 0x00, 0x00, 0x00, 0x00, 0x00, 0x00,

    /* Unicode: U+0027 */
    0x00, 0x00,
    0x00, 0x00,
    0x00, 0x00,
    0x00, 0x00,
    0x00, 0x00,
    0xDA, 0xA0,
    0xD5, 0x9A,
    0xD0, 0x93,
    0xCB, 0x8D,
    0xC6, 0x87,
    0x00, 0x00,
    0x00, 0x00,
    0x00, 0x00,
    0x00, 0x00,
    0x00, 0x00,
    0x00, 0x00,
    0x00, 0x00,
    0x00, 0x00,
    0x00, 0x00,
    0x00, 0x00,
    0x00, 0x00,
    0x00, 0x00,
    0x00, 0x00,

    /* Unicode: U+0028 */
    0x00, 0x00, 0x00, 0x00, 0x00,
    0x00, 0x00, 0x00, 0x00, 0x00,
    0x00, 0x00, 0x00, 0x00, 0x00,
    0x00, 0x00, 0x00, 0x00, 0x00,
    0x00, 0x00, 0x63, 0xFF, 0x41,
    0x00, 0x03, 0xDB, 0xCE, 0x00,
    0x00, 0x40, 0xFF, 0x6B, 0x00,
    0x00, 0x90, 0xFF, 0x1F, 0x00,
    0x00, 0xD0, 0xDD, 0x00, 0x00,
    0x04, 0xF9, 0xB2, 0x00, 0x00,
    0x26, 0xFF, 0x8C, 0x00, 0x00,
    0x37, 0xFF, 0x7A, 0x00, 0x00,
    0x45, 0xFF, 0x6E, 0x00, 0x00,
    0x45, 0xFF, 0x6D, 0x00, 0x00,
    0x37, 0xFF, 0x7A, 0x00, 0x00,
    0x25, 0xFF, 0x8B, 0x00, 0x00,
    0x04, 0xF8, 0xB2, 0x00, 0x00,
    0x00, 0xD0, 0xDC, 0x00, 0x00,
    0x00, 0x8F, 0xFF, 0x1F, 0x00,
    0x00, 0x3F, 0xFF, 0x6B, 0x00,
    0x00, 0x02, 0xDA, 0xCD, 0x00,
    0x00, 0x00, 0x62, 0xFF, 0x42,
    0x00, 0x00, 0x00, 0x00, 0x00,

    /* Unicode: U+0029 */
    0x00, 0x00, 0x00, 0x00, 0x00,
    0x00, 0x00, 0x00, 0x00, 0x00,
    0x00, 0x00, 0x00, 0x00, 0x00,
    0x00, 0x00, 0x00, 0x00, 0x00,
    0x32, 0xFF, 0x76, 0x00, 0x00,
    0x00, 0xBE, 0xE9, 0x0A, 0x00,
    0x00, 0x5A, 0xFF, 0x54, 0x00,
    0x00, 0x11, 0xFB, 0xA4, 0x00,
    0x00, 0x00, 0xC9, 0xE4, 0x00,
    0x00, 0x00, 0x9D, 0xFF, 0x11,
    0x00, 0x00, 0x75, 0xFF, 0x39,
    0x00, 0x00, 0x64, 0xFF, 0x4A,
    0x00, 0x00, 0x57, 0xFF, 0x58,
    0x00, 0x00, 0x57, 0xFF, 0x58,
    0x00, 0x00, 0x64, 0xFF, 0x4A,
    0x00, 0x00, 0x75, 0xFF, 0x39,
    0x00, 0x00, 0x9D, 0xFF, 0x11,
    0x00, 0x00, 0xC9, 0xE3, 0x00,
    0x00, 0x10, 0xFB, 0xA4, 0x00,
    0x00, 0x5A, 0xFF, 0x54, 0x00,
    0x00, 0xBE, 0xE9, 0x09, 0x00,
    0x31, 0xFF, 0x76, 0x00, 0x00,
    0x00, 0x00, 0x00, 0x00, 0x00,

    /* Unicode: U+002A */
    0x00, 0x00, 0x00, 0x00, 0x00, 0x00, 0x00,
    0x00, 0x00, 0x00, 0x00, 0x00, 0x00, 0x00,
    0x00, 0x00, 0x00, 0x00, 0x00, 0x00, 0x00,
    0x00, 0x00, 0x00, 0x00, 0x00, 0x00, 0x00,
    0x00, 0x00, 0x00, 0xF0, 0x22, 0x00, 0x00,
    0x3C, 0x6A, 0x02, 0xEE, 0x21, 0x4B, 0x5E,
    0x47, 0xE3, 0xCB, 0xF5, 0xC1, 0xF3, 0x6C,
    0x00, 0x13, 0xDA, 0xFF, 0xF4, 0x31, 0x00,
    0x43, 0xE0, 0xCC, 0xF5, 0xC1, 0xF1, 0x67,
    0x3D, 0x6B, 0x02, 0xEE, 0x21, 0x4B, 0x5F,
    0x00, 0x00, 0x00, 0xEF, 0x23, 0x00, 0x00,
    0x00, 0x00, 0x00, 0x00, 0x00, 0x00, 0x00,
    0x00, 0x00, 0x00, 0x00, 0x00, 0x00, 0x00,
    0x00, 0x00, 0x00, 0x00, 0x00, 0x00, 0x00,
    0x00, 0x00, 0x00, 0x00, 0x00, 0x00, 0x00,
    0x00, 0x00, 0x00, 0x00, 0x00, 0x00, 0x00,
    0x00, 0x00, 0x00, 0x00, 0x00, 0x00, 0x00,
    0x00, 0x00, 0x00, 0x00, 0x00, 0x00, 0x00,
    0x00, 0x00, 0x00, 0x00, 0x00, 0x00, 0x00,
    0x00, 0x00, 0x00, 0x00, 0x00, 0x00, 0x00,
    0x00, 0x00, 0x00, 0x00, 0x00, 0x00, 0x00,
    0x00, 0x00, 0x00, 0x00, 0x00, 0x00, 0x00,
    0x00, 0x00, 0x00, 0x00, 0x00, 0x00, 0x00,

    /* Unicode: U+002B */
    0x00, 0x00, 0x00, 0x00, 0x00, 0x00, 0x00, 0x00, 0x00,
    0x00, 0x00, 0x00, 0x00, 0x00, 0x00, 0x00, 0x00, 0x00,
    0x00, 0x00, 0x00, 0x00, 0x00, 0x00, 0x00, 0x00, 0x00,
    0x00, 0x00, 0x00, 0x00, 0x00, 0x00, 0x00, 0x00, 0x00,
    0x00, 0x00, 0x00, 0x00, 0x00, 0x00, 0x00, 0x00, 0x00,
    0x00, 0x00, 0x00, 0x00, 0x00, 0x00, 0x00, 0x00, 0x00,
    0x00, 0x00, 0x00, 0x00, 0x00, 0x00, 0x00, 0x00, 0x00,
    0x00, 0x00, 0x00, 0x00, 0x00, 0x00, 0x00, 0x00, 0x00,
    0x00, 0x00, 0x00, 0x84, 0xFF, 0x00, 0x00, 0x00, 0x00,
    0x00, 0x00, 0x00, 0x84, 0xFF, 0x00, 0x00, 0x00, 0x00,
    0x00, 0x00, 0x00, 0x84, 0xFF, 0x00, 0x00, 0x00, 0x00,
    0xCC, 0xFF, 0xFF, 0xFF, 0xFF, 0xFF, 0xFF, 0xFF, 0x44,
    0x72, 0x90, 0x90, 0xC9, 0xFF, 0x90, 0x90, 0x90, 0x26,
    0x00, 0x00, 0x00, 0x84, 0xFF, 0x00, 0x00, 0x00, 0x00,
    0x00, 0x00, 0x00, 0x84, 0xFF, 0x00, 0x00, 0x00, 0x00,
    0x00, 0x00, 0x00, 0x84, 0xFF, 0x00, 0x00, 0x00, 0x00,
    0x00, 0x00, 0x00, 0x00, 0x00, 0x00, 0x00, 0x00, 0x00,
    0x00, 0x00, 0x00, 0x00, 0x00, 0x00, 0x00, 0x00, 0x00,
    0x00, 0x00, 0x00, 0x00, 0x00, 0x00, 0x00, 0x00, 0x00,
    0x00, 0x00, 0x00, 0x00, 0x00, 0x00, 0x00, 0x00, 0x00,
    0x00, 0x00, 0x00, 0x00, 0x00, 0x00, 0x00, 0x00, 0x00,
    0x00, 0x00, 0x00, 0x00, 0x00, 0x00, 0x00, 0x00, 0x00,
    0x00, 0x00, 0x00, 0x00, 0x00, 0x00, 0x00, 0x00, 0x00,

    /* Unicode: U+002C */
    0x00, 0x00, 0x00, 0x00,
    0x00, 0x00, 0x00, 0x00,
    0x00, 0x00, 0x00, 0x00,
    0x00, 0x00, 0x00, 0x00,
    0x00, 0x00, 0x00, 0x00,
    0x00, 0x00, 0x00, 0x00,
    0x00, 0x00, 0x00, 0x00,
    0x00, 0x00, 0x00, 0x00,
    0x00, 0x00, 0x00, 0x00,
    0x00, 0x00, 0x00, 0x00,
    0x00, 0x00, 0x00, 0x00,
    0x00, 0x00, 0x00, 0x00,
    0x00, 0x00, 0x00, 0x00,
    0x00, 0x00, 0x00, 0x00,
    0x00, 0x00, 0x00, 0x00,
    0x00, 0x00, 0x00, 0x00,
    0x05, 0xCB, 0xDA, 0x0F,
    0x10, 0xFD, 0xFF, 0x2F,
    0x00, 0x85, 0xEC, 0x03,
    0x00, 0xAA, 0x99, 0x00,
    0x01, 0xEA, 0x43, 0x00,
    0x00, 0x00, 0x00, 0x00,
    0x00, 0x00, 0x00, 0x00,

    /* Unicode: U+002D */
    0x00, 0x00, 0x00, 0x00, 0x00,
    0x00, 0x00, 0x00, 0x00, 0x00,
    0x00, 0x00, 0x00, 0x00, 0x00,
    0x00, 0x00, 0x00, 0x00, 0x00,
    0x00, 0x00, 0x00, 0x00, 0x00,
    0x00, 0x00, 0x00, 0x00, 0x00,
    0x00, 0x00, 0x00, 0x00, 0x00,
    0x00, 0x00, 0x00, 0x00, 0x00,
    0x00, 0x00, 0x00, 0x00, 0x00,
    0x00, 0x00, 0x00, 0x00, 0x00,
    0x00, 0x00, 0x00, 0x00, 0x00,
    0x00, 0x00, 0x00, 0x00, 0x00,
    0x8B, 0x90, 0x90, 0x90, 0x7E,
    0xF8, 0xFF, 0xFF, 0xFF, 0xE0,
    0x00, 0x00, 0x00, 0x00, 0x00,
    0x00, 0x00, 0x00, 0x00, 0x00,
    0x00, 0x00, 0x00, 0x00, 0x00,
    0x00, 0x00, 0x00, 0x00, 0x00,
    0x00, 0x00, 0x00, 0x00, 0x00,
    0x00, 0x00, 0x00, 0x00, 0x00,
    0x00, 0x00, 0x00, 0x00, 0x00,
    0x00, 0x00, 0x00, 0x00, 0x00,
    0x00, 0x00, 0x00, 0x00, 0x00,

    /* Unicode: U+002E */
    0x00, 0x00, 0x00, 0x00,
    0x00, 0x00, 0x00, 0x00,
    0x00, 0x00, 0x00, 0x00,
    0x00, 0x00, 0x00, 0x00,
    0x00, 0x00, 0x00, 0x00,
    0x00, 0x00, 0x00, 0x00,
    0x00, 0x00, 0x00, 0x00,
    0x00, 0x00, 0x00, 0x00,
    0x00, 0x00, 0x00, 0x00,
    0x00, 0x00, 0x00, 0x00,
    0x00, 0x00, 0x00, 0x00,
    0x00, 0x00, 0x00, 0x00,
    0x00, 0x00, 0x00, 0x00,
    0x00, 0x00, 0x00, 0x00,
    0x00, 0x00, 0x00, 0x00,
    0x01, 0x9D, 0xAD, 0x05,
    0x21, 0xFF, 0xFF, 0x31,
    0x04, 0xC5, 0xD1, 0x09,
    0x00, 0x00, 0x00, 0x00,
    0x00, 0x00, 0x00, 0x00,
    0x00, 0x00, 0x00, 0x00,
    0x00, 0x00, 0x00, 0x00,
    0x00, 0x00, 0x00, 0x00,

    /* Unicode: U+002F */
    0x00, 0x00, 0x00, 0x00, 0x00, 0x00, 0x00, 0x00,
    0x00, 0x00, 0x00, 0x00, 0x00, 0x00, 0x00, 0x00,
    0x00, 0x00, 0x00, 0x00, 0x00, 0x00, 0x53, 0x75,
    0x00, 0x00, 0x00, 0x00, 0x00, 0x01, 0xE5, 0xA8,
    0x00, 0x00, 0x00, 0x00, 0x00, 0x3E, 0xFF, 0x51,
    0x00, 0x00, 0x00, 0x00, 0x00, 0x95, 0xF2, 0x08,
    0x00, 0x00, 0x00, 0x00, 0x03, 0xE8, 0xA4, 0x00,
    0x00, 0x00, 0x00, 0x00, 0x42, 0xFF, 0x4D, 0x00,
    0x00, 0x00, 0x00, 0x00, 0x99, 0xF0, 0x06, 0x00,
    0x00, 0x00, 0x00, 0x04, 0xEB, 0x9F, 0x00, 0x00,
    0x00, 0x00, 0x00, 0x47, 0xFF, 0x48, 0x00, 0x00,
    0x00, 0x00, 0x00, 0x9E, 0xEC, 0x04, 0x00, 0x00,
    0x00, 0x00, 0x06, 0xEE, 0x9A, 0x00, 0x00, 0x00,
    0x00, 0x00, 0x4C, 0xFF, 0x44, 0x00, 0x00, 0x00,
    0x00, 0x00, 0xA2, 0xEA, 0x03, 0x00, 0x00, 0x00,
    0x00, 0x07, 0xF1, 0x96, 0x00, 0x00, 0x00, 0x00,
    0x00, 0x50, 0xFF, 0x3F, 0x00, 0x00, 0x00, 0x00,
    0x00, 0xA7, 0xE6, 0x02, 0x00, 0x00, 0x00, 0x00,
    0x09, 0xF4, 0x91, 0x00, 0x00, 0x00, 0x00, 0x00,
    0x55, 0xFF, 0x3B, 0x00, 0x00, 0x00, 0x00, 0x00,
    0x00, 0x00, 0x00, 0x00, 0x00, 0x00, 0x00, 0x00,
    0x00, 0x00, 0x00, 0x00, 0x00, 0x00, 0x00, 0x00,
    0x00, 0x00, 0x00, 0x00, 0x00, 0x00, 0x00, 0x00,

    /* Unicode: U+0030 */
    0x00, 0x00, 0x00, 0x00, 0x00, 0x00, 0x00, 0x00, 0x00, 0x00, 0x00, 0x00,
    0x00, 0x00, 0x00, 0x00, 0x00, 0x00, 0x00, 0x00, 0x00, 0x00, 0x00, 0x00,
    0x00, 0x00, 0x00, 0x00, 0x00, 0x00, 0x00, 0x00, 0x00, 0x00, 0x00, 0x00,
    0x00, 0x00, 0x00, 0x00, 0x00, 0x00, 0x00, 0x00, 0x00, 0x00, 0x00, 0x00,
    0x00, 0x00, 0x00, 0x00, 0x00, 0x00, 0x00, 0x00, 0x00, 0x00, 0x00, 0x00,
    0x00, 0x00, 0x00, 0x43, 0xBA, 0xED, 0xEE, 0xBB, 0x43, 0x00, 0x00, 0x00,
    0x00, 0x00, 0x6B, 0xFE, 0xEC, 0xA1, 0xA0, 0xEA, 0xFE, 0x6C, 0x00, 0x00,
    0x00, 0x2C, 0xFB, 0xCF, 0x12, 0x00, 0x00, 0x12, 0xCF, 0xFB, 0x2C, 0x00,
    0x00, 0x9F, 0xFF, 0x35, 0x00, 0x00, 0x00, 0x00, 0x36, 0xFF, 0x9E, 0x00,
    0x00, 0xEB, 0xDF, 0x00, 0x00, 0x00, 0x00, 0x00, 0x00, 0xE0, 0xEB, 0x00,
    0x0D, 0xFF, 0xB6, 0x00, 0x00, 0x00, 0x00, 0x00, 0x00, 0xB7, 0xFF, 0x0C,
    0x1E, 0xFF, 0xAB, 0x00, 0x00, 0x00, 0x00, 0x00, 0x00, 0xAB, 0xFF, 0x1E,
    0x0D, 0xFF, 0xB6, 0x00, 0x00, 0x00, 0x00, 0x00, 0x00, 0xB7, 0xFF, 0x0C,
    0x00, 0xEB, 0xDF, 0x00, 0x00, 0x00, 0x00, 0x00, 0x00, 0xDF, 0xEB, 0x00,
    0x00, 0x9F, 0xFF, 0x35, 0x00, 0x00, 0x00, 0x00, 0x36, 0xFF, 0x9E, 0x00,
    0x00, 0x2C, 0xFB, 0xCF, 0x12, 0x00, 0x00, 0x12, 0xCE, 0xFB, 0x2C, 0x00,
    0x00, 0x00, 0x6D, 0xFE, 0xEB, 0xA0, 0x9F, 0xEA, 0xFE, 0x6D, 0x00, 0x00,
    0x00, 0x00, 0x00, 0x46, 0xBC, 0xEE, 0xEF, 0xBD, 0x46, 0x00, 0x00, 0x00,
    0x00, 0x00, 0x00, 0x00, 0x00, 0x00, 0x00, 0x00, 0x00, 0x00, 0x00, 0x00,
    0x00, 0x00, 0x00, 0x00, 0x00, 0x00, 0x00, 0x00, 0x00, 0x00, 0x00, 0x00,
    0x00, 0x00, 0x00, 0x00, 0x00, 0x00, 0x00, 0x00, 0x00, 0x00, 0x00, 0x00,
    0x00, 0x00, 0x00, 0x00, 0x00, 0x00, 0x00, 0x00, 0x00, 0x00, 0x00, 0x00,
    0x00, 0x00, 0x00, 0x00, 0x00, 0x00, 0x00, 0x00, 0x00, 0x00, 0x00, 0x00,

    /* Unicode: U+0031 */
    0x00, 0x00, 0x00, 0x00, 0x00,
    0x00, 0x00, 0x00, 0x00, 0x00,
    0x00, 0x00, 0x00, 0x00, 0x00,
    0x00, 0x00, 0x00, 0x00, 0x00,
    0x00, 0x00, 0x00, 0x00, 0x00,
    0xDC, 0xFF, 0xFF, 0xFF, 0xC4,
    0x7B, 0x90, 0x91, 0xFF, 0xC4,
    0x00, 0x00, 0x04, 0xFF, 0xC4,
    0x00, 0x00, 0x04, 0xFF, 0xC4,
    0x00, 0x00, 0x04, 0xFF, 0xC4,
    0x00, 0x00, 0x04, 0xFF, 0xC4,
    0x00, 0x00, 0x04, 0xFF, 0xC4,
    0x00, 0x00, 0x04, 0xFF, 0xC4,
    0x00, 0x00, 0x04, 0xFF, 0xC4,
    0x00, 0x00, 0x04, 0xFF, 0xC4,
    0x00, 0x00, 0x04, 0xFF, 0xC4,
    0x00, 0x00, 0x04, 0xFF, 0xC4,
    0x00, 0x00, 0x04, 0xFF, 0xC4,
    0x00, 0x00, 0x00, 0x00, 0x00,
    0x00, 0x00, 0x00, 0x00, 0x00,
    0x00, 0x00, 0x00, 0x00, 0x00,
    0x00, 0x00, 0x00, 0x00, 0x00,
    0x00, 0x00, 0x00, 0x00, 0x00,

    /* Unicode: U+0032 */
    0x00, 0x00, 0x00, 0x00, 0x00, 0x00, 0x00, 0x00, 0x00, 0x00,
    0x00, 0x00, 0x00, 0x00, 0x00, 0x00, 0x00, 0x00, 0x00, 0x00,
    0x00, 0x00, 0x00, 0x00, 0x00, 0x00, 0x00, 0x00, 0x00, 0x00,
    0x00, 0x00, 0x00, 0x00, 0x00, 0x00, 0x00, 0x00, 0x00, 0x00,
    0x00, 0x00, 0x00, 0x00, 0x00, 0x00, 0x00, 0x00, 0x00, 0x00,
    0x00, 0x1D, 0x8F, 0xD9, 0xF6, 0xE9, 0xC0, 0x4D, 0x00, 0x00,
    0x4A, 0xF5, 0xFB, 0xBB, 0x97, 0xAA, 0xF3, 0xFF, 0x7B, 0x00,
    0x39, 0xCA, 0x2A, 0x00, 0x00, 0x00, 0x1E, 0xEE, 0xF7, 0x0B,
    0x00, 0x00, 0x00, 0x00, 0x00, 0x00, 0x00, 0xAD, 0xFF, 0x29,
    0x00, 0x00, 0x00, 0x00, 0x00, 0x00, 0x00, 0xC3, 0xFE, 0x13,
    0x00, 0x00, 0x00, 0x00, 0x00, 0x00, 0x3B, 0xFE, 0xBC, 0x00,
    0x00, 0x00, 0x00, 0x00, 0x00, 0x22, 0xE7, 0xF2, 0x29, 0x00,
    0x00, 0x00, 0x00, 0x00, 0x23, 0xE2, 0xF7, 0x43, 0x00, 0x00,
    0x00, 0x00, 0x00, 0x23, 0xE3, 0xF6, 0x46, 0x00, 0x00, 0x00,
    0x00, 0x00, 0x24, 0xE3, 0xF6, 0x43, 0x00, 0x00, 0x00, 0x00,
    0x00, 0x25, 0xE4, 0xF5, 0x41, 0x00, 0x00, 0x00, 0x00, 0x00,
    0x1F, 0xE5, 0xFF, 0xC6, 0x90, 0x90, 0x90, 0x90, 0x90, 0x67,
    0x54, 0xFF, 0xFF, 0xFF, 0xFF, 0xFF, 0xFF, 0xFF, 0xFF, 0xB8,
    0x00, 0x00, 0x00, 0x00, 0x00, 0x00, 0x00, 0x00, 0x00, 0x00,
    0x00, 0x00, 0x00, 0x00, 0x00, 0x00, 0x00, 0x00, 0x00, 0x00,
    0x00, 0x00, 0x00, 0x00, 0x00, 0x00, 0x00, 0x00, 0x00, 0x00,
    0x00, 0x00, 0x00, 0x00, 0x00, 0x00, 0x00, 0x00, 0x00, 0x00,
    0x00, 0x00, 0x00, 0x00, 0x00, 0x00, 0x00, 0x00, 0x00, 0x00,

    /* Unicode: U+0033 */
    0x00, 0x00, 0x00, 0x00, 0x00, 0x00, 0x00, 0x00, 0x00, 0x00,
    0x00, 0x00, 0x00, 0x00, 0x00, 0x00, 0x00, 0x00, 0x00, 0x00,
    0x00, 0x00, 0x00, 0x00, 0x00, 0x00, 0x00, 0x00, 0x00, 0x00,
    0x00, 0x00, 0x00, 0x00, 0x00, 0x00, 0x00, 0x00, 0x00, 0x00,
    0x00, 0x00, 0x00, 0x00, 0x00, 0x00, 0x00, 0x00, 0x00, 0x00,
    0x54, 0xFF, 0xFF, 0xFF, 0xFF, 0xFF, 0xFF, 0xFF, 0xFC, 0x00,
    0x2F, 0x90, 0x90, 0x90, 0x90, 0x90, 0xC1, 0xFF, 0xBD, 0x00,
    0x00, 0x00, 0x00, 0x00, 0x00, 0x19, 0xE7, 0xE2, 0x15, 0x00,
    0x00, 0x00, 0x00, 0x00, 0x05, 0xC5, 0xF8, 0x35, 0x00, 0x00,
    0x00, 0x00, 0x00, 0x00, 0x96, 0xFF, 0x64, 0x00, 0x00, 0x00,
    0x00, 0x00, 0x00, 0x4E, 0xFF, 0xED, 0x6A, 0x1F, 0x00, 0x00,
    0x00, 0x00, 0x00, 0x60, 0xDE, 0xF5, 0xFF, 0xF6, 0x5F, 0x00,
    0x00, 0x00, 0x00, 0x00, 0x00, 0x00, 0x44, 0xEC, 0xF7, 0x21,
    0x00, 0x00, 0x00, 0x00, 0x00, 0x00, 0x00, 0x73, 0xFF, 0x62,
    0x00, 0x00, 0x00, 0x00, 0x00, 0x00, 0x00, 0x64, 0xFF, 0x6C,
    0x56, 0x87, 0x0B, 0x00, 0x00, 0x00, 0x0D, 0xCD, 0xFF, 0x2E,
    0xAA, 0xFF, 0xF1, 0xB2, 0x96, 0xA8, 0xEC, 0xFF, 0x90, 0x00,
    0x04, 0x5B, 0xB3, 0xE6, 0xFA, 0xEE, 0xC0, 0x5A, 0x00, 0x00,
    0x00, 0x00, 0x00, 0x00, 0x00, 0x00, 0x00, 0x00, 0x00, 0x00,
    0x00, 0x00, 0x00, 0x00, 0x00, 0x00, 0x00, 0x00, 0x00, 0x00,
    0x00, 0x00, 0x00, 0x00, 0x00, 0x00, 0x00, 0x00, 0x00, 0x00,
    0x00, 0x00, 0x00, 0x00, 0x00, 0x00, 0x00, 0x00, 0x00, 0x00,
    0x00, 0x00, 0x00, 0x00, 0x00, 0x00, 0x00, 0x00, 0x00, 0x00,

    /* Unicode: U+0034 */
    0x00, 0x00, 0x00, 0x00, 0x00, 0x00, 0x00, 0x00, 0x00, 0x00, 0x00, 0x00,
    0x00, 0x00, 0x00, 0x00, 0x00, 0x00, 0x00, 0x00, 0x00, 0x00, 0x00, 0x00,
    0x00, 0x00, 0x00, 0x00, 0x00, 0x00, 0x00, 0x00, 0x00, 0x00, 0x00, 0x00,
    0x00, 0x00, 0x00, 0x00, 0x00, 0x00, 0x00, 0x00, 0x00, 0x00, 0x00, 0x00,
    0x00, 0x00, 0x00, 0x00, 0x00, 0x00, 0x00, 0x00, 0x00, 0x00, 0x00, 0x00,
    0x00, 0x00, 0x00, 0x00, 0x00, 0x00, 0x45, 0xFD, 0xAF, 0x00, 0x00, 0x00,
    0x00, 0x00, 0x00, 0x00, 0x00, 0x1E, 0xEB, 0xDB, 0x0F, 0x00, 0x00, 0x00,
    0x00, 0x00, 0x00, 0x00, 0x06, 0xC9, 0xF6, 0x2E, 0x00, 0x00, 0x00, 0x00,
    0x00, 0x00, 0x00, 0x00, 0x97, 0xFF, 0x5E, 0x00, 0x00, 0x00, 0x00, 0x00,
    0x00, 0x00, 0x00, 0x5D, 0xFF, 0x98, 0x00, 0x00, 0x00, 0x00, 0x00, 0x00,
    0x00, 0x00, 0x2E, 0xF6, 0xCB, 0x07, 0x00, 0x34, 0xC4, 0x55, 0x00, 0x00,
    0x00, 0x0F, 0xDB, 0xED, 0x1F, 0x00, 0x00, 0x44, 0xFF, 0x70, 0x00, 0x00,
    0x01, 0xB0, 0xFE, 0x48, 0x00, 0x00, 0x00, 0x44, 0xFF, 0x70, 0x00, 0x00,
    0x47, 0xFF, 0xFF, 0xFF, 0xFF, 0xFF, 0xFF, 0xFF, 0xFF, 0xFF, 0xFF, 0xD4,
    0x30, 0x9C, 0x9C, 0x9C, 0x9C, 0x9C, 0x9C, 0xBB, 0xFF, 0xC7, 0x9C, 0x81,
    0x00, 0x00, 0x00, 0x00, 0x00, 0x00, 0x00, 0x50, 0xFF, 0x70, 0x00, 0x00,
    0x00, 0x00, 0x00, 0x00, 0x00, 0x00, 0x00, 0x50, 0xFF, 0x70, 0x00, 0x00,
    0x00, 0x00, 0x00, 0x00, 0x00, 0x00, 0x00, 0x50, 0xFF, 0x70, 0x00, 0x00,
    0x00, 0x00, 0x00, 0x00, 0x00, 0x00, 0x00, 0x00, 0x00, 0x00, 0x00, 0x00,
    0x00, 0x00, 0x00, 0x00, 0x00, 0x00, 0x00, 0x00, 0x00, 0x00, 0x00, 0x00,
    0x00, 0x00, 0x00, 0x00, 0x00, 0x00, 0x00, 0x00, 0x00, 0x00, 0x00, 0x00,
    0x00, 0x00, 0x00, 0x00, 0x00, 0x00, 0x00, 0x00, 0x00, 0x00, 0x00, 0x00,
    0x00, 0x00, 0x00, 0x00, 0x00, 0x00, 0x00, 0x00, 0x00, 0x00, 0x00, 0x00,

    /* Unicode: U+0035 */
    0x00, 0x00, 0x00, 0x00, 0x00, 0x00, 0x00, 0x00, 0x00, 0x00,
    0x00, 0x00, 0x00, 0x00, 0x00, 0x00, 0x00, 0x00, 0x00, 0x00,
    0x00, 0x00, 0x00, 0x00, 0x00, 0x00, 0x00, 0x00, 0x00, 0x00,
    0x00, 0x00, 0x00, 0x00, 0x00, 0x00, 0x00, 0x00, 0x00, 0x00,
    0x00, 0x00, 0x00, 0x00, 0x00, 0x00, 0x00, 0x00, 0x00, 0x00,
    0x00, 0x2A, 0xFF, 0xFF, 0xFF, 0xFF, 0xFF, 0xFF, 0xFF, 0x00,
    0x00, 0x44, 0xFF, 0xBA, 0x90, 0x90, 0x90, 0x90, 0x90, 0x00,
    0x00, 0x5E, 0xFF, 0x4F, 0x00, 0x00, 0x00, 0x00, 0x00, 0x00,
    0x00, 0x78, 0xFF, 0x36, 0x00, 0x00, 0x00, 0x00, 0x00, 0x00,
    0x00, 0x92, 0xFF, 0x1C, 0x00, 0x00, 0x00, 0x00, 0x00, 0x00,
    0x00, 0xAD, 0xFF, 0xFF, 0xFD, 0xF0, 0xC8, 0x76, 0x08, 0x00,
    0x00, 0x6C, 0x90, 0x90, 0x94, 0xAA, 0xE8, 0xFF, 0xC9, 0x08,
    0x00, 0x00, 0x00, 0x00, 0x00, 0x00, 0x07, 0xB1, 0xFF, 0x6D,
    0x00, 0x00, 0x00, 0x00, 0x00, 0x00, 0x00, 0x34, 0xFF, 0xA9,
    0x00, 0x00, 0x00, 0x00, 0x00, 0x00, 0x00, 0x2F, 0xFF, 0xA2,
    0x26, 0xAF, 0x1E, 0x00, 0x00, 0x00, 0x04, 0xA7, 0xFF, 0x61,
    0x72, 0xFF, 0xFB, 0xC0, 0x99, 0xA3, 0xDF, 0xFF, 0xC0, 0x05,
    0x00, 0x40, 0xA2, 0xDD, 0xF8, 0xF3, 0xCF, 0x75, 0x06, 0x00,
    0x00, 0x00, 0x00, 0x00, 0x00, 0x00, 0x00, 0x00, 0x00, 0x00,
    0x00, 0x00, 0x00, 0x00, 0x00, 0x00, 0x00, 0x00, 0x00, 0x00,
    0x00, 0x00, 0x00, 0x00, 0x00, 0x00, 0x00, 0x00, 0x00, 0x00,
    0x00, 0x00, 0x00, 0x00, 0x00, 0x00, 0x00, 0x00, 0x00, 0x00,
    0x00, 0x00, 0x00, 0x00, 0x00, 0x00, 0x00, 0x00, 0x00, 0x00,

    /* Unicode: U+0036 */
    0x00, 0x00, 0x00, 0x00, 0x00, 0x00, 0x00, 0x00, 0x00, 0x00, 0x00,
    0x00, 0x00, 0x00, 0x00, 0x00, 0x00, 0x00, 0x00, 0x00, 0x00, 0x00,
    0x00, 0x00, 0x00, 0x00, 0x00, 0x00, 0x00, 0x00, 0x00, 0x00, 0x00,
    0x00, 0x00, 0x00, 0x00, 0x00, 0x00, 0x00, 0x00, 0x00, 0x00, 0x00,
    0x00, 0x00, 0x00, 0x00, 0x00, 0x00, 0x00, 0x00, 0x00, 0x00, 0x00,
    0x00, 0x00, 0x00, 0x1C, 0x89, 0xD7, 0xF5, 0xEB, 0xC5, 0x63, 0x00,
    0x00, 0x00, 0x41, 0xED, 0xFE, 0xC2, 0x98, 0xA3, 0xD7, 0x97, 0x00,
    0x00, 0x18, 0xEC, 0xE9, 0x39, 0x00, 0x00, 0x00, 0x00, 0x09, 0x00,
    0x00, 0x8B, 0xFF, 0x4C, 0x00, 0x00, 0x00, 0x00, 0x00, 0x00, 0x00,
    0x00, 0xE0, 0xE4, 0x00, 0x00, 0x00, 0x00, 0x00, 0x00, 0x00, 0x00,
    0x08, 0xFF, 0xB6, 0x22, 0xA5, 0xE9, 0xF8, 0xD7, 0x7C, 0x07, 0x00,
    0x1D, 0xFF, 0xCA, 0xEC, 0xE3, 0x9E, 0xA2, 0xE1, 0xFF, 0xBD, 0x03,
    0x17, 0xFF, 0xFF, 0xB1, 0x08, 0x00, 0x00, 0x06, 0xB1, 0xFF, 0x56,
    0x03, 0xF5, 0xFF, 0x2F, 0x00, 0x00, 0x00, 0x00, 0x38, 0xFF, 0x91,
    0x00, 0xBA, 0xFF, 0x2D, 0x00, 0x00, 0x00, 0x00, 0x39, 0xFF, 0x8C,
    0x00, 0x4E, 0xFF, 0xB0, 0x07, 0x00, 0x00, 0x06, 0xB2, 0xFF, 0x48,
    0x00, 0x00, 0x97, 0xFF, 0xE2, 0x9E, 0x9F, 0xDF, 0xFF, 0xA8, 0x00,
    0x00, 0x00, 0x00, 0x5B, 0xC3, 0xF2, 0xF6, 0xCF, 0x6C, 0x02, 0x00,
    0x00, 0x00, 0x00, 0x00, 0x00, 0x00, 0x00, 0x00, 0x00, 0x00, 0x00,
    0x00, 0x00, 0x00, 0x00, 0x00, 0x00, 0x00, 0x00, 0x00, 0x00, 0x00,
    0x00, 0x00, 0x00, 0x00, 0x00, 0x00, 0x00, 0x00, 0x00, 0x00, 0x00,
    0x00, 0x00, 0x00, 0x00, 0x00, 0x00, 0x00, 0x00, 0x00, 0x00, 0x00,
    0x00, 0x00, 0x00, 0x00, 0x00, 0x00, 0x00, 0x00, 0x00, 0x00, 0x00,

    /* Unicode: U+0037 */
    0x00, 0x00, 0x00, 0x00, 0x00, 0x00, 0x00, 0x00, 0x00, 0x00, 0x00,
    0x00, 0x00, 0x00, 0x00, 0x00, 0x00, 0x00, 0x00, 0x00, 0x00, 0x00,
    0x00, 0x00, 0x00, 0x00, 0x00, 0x00, 0x00, 0x00, 0x00, 0x00, 0x00,
    0x00, 0x00, 0x00, 0x00, 0x00, 0x00, 0x00, 0x00, 0x00, 0x00, 0x00,
    0x00, 0x00, 0x00, 0x00, 0x00, 0x00, 0x00, 0x00, 0x00, 0x00, 0x00,
    0x74, 0xFF, 0xFF, 0xFF, 0xFF, 0xFF, 0xFF, 0xFF, 0xFF, 0xFF, 0x0C,
    0x74, 0xFF, 0xAD, 0x90, 0x90, 0x90, 0x90, 0x97, 0xFF, 0xE6, 0x03,
    0x74, 0xFF, 0x44, 0x00, 0x00, 0x00, 0x00, 0x61, 0xFF, 0x7D, 0x00,
    0x67, 0xE4, 0x3C, 0x00, 0x00, 0x00, 0x00, 0xD0, 0xF8, 0x16, 0x00,
    0x00, 0x00, 0x00, 0x00, 0x00, 0x00, 0x40, 0xFF, 0xA0, 0x00, 0x00,
    0x00, 0x00, 0x00, 0x00, 0x00, 0x00, 0xB0, 0xFF, 0x32, 0x00, 0x00,
    0x00, 0x00, 0x00, 0x00, 0x00, 0x21, 0xFD, 0xC3, 0x00, 0x00, 0x00,
    0x00, 0x00, 0x00, 0x00, 0x00, 0x8F, 0xFF, 0x54, 0x00, 0x00, 0x00,
    0x00, 0x00, 0x00, 0x00, 0x0C, 0xF1, 0xE2, 0x03, 0x00, 0x00, 0x00,
    0x00, 0x00, 0x00, 0x00, 0x6E, 0xFF, 0x77, 0x00, 0x00, 0x00, 0x00,
    0x00, 0x00, 0x00, 0x01, 0xDB, 0xF6, 0x12, 0x00, 0x00, 0x00, 0x00,
    0x00, 0x00, 0x00, 0x4D, 0xFF, 0x99, 0x00, 0x00, 0x00, 0x00, 0x00,
    0x00, 0x00, 0x00, 0xBC, 0xFF, 0x2B, 0x00, 0x00, 0x00, 0x00, 0x00,
    0x00, 0x00, 0x00, 0x00, 0x00, 0x00, 0x00, 0x00, 0x00, 0x00, 0x00,
    0x00, 0x00, 0x00, 0x00, 0x00, 0x00, 0x00, 0x00, 0x00, 0x00, 0x00,
    0x00, 0x00, 0x00, 0x00, 0x00, 0x00, 0x00, 0x00, 0x00, 0x00, 0x00,
    0x00, 0x00, 0x00, 0x00, 0x00, 0x00, 0x00, 0x00, 0x00, 0x00, 0x00,
    0x00, 0x00, 0x00, 0x00, 0x00, 0x00, 0x00, 0x00, 0x00, 0x00, 0x00,

    /* Unicode: U+0038 */
    0x00, 0x00, 0x00, 0x00, 0x00, 0x00, 0x00, 0x00, 0x00, 0x00, 0x00,
    0x00, 0x00, 0x00, 0x00, 0x00, 0x00, 0x00, 0x00, 0x00, 0x00, 0x00,
    0x00, 0x00, 0x00, 0x00, 0x00, 0x00, 0x00, 0x00, 0x00, 0x00, 0x00,
    0x00, 0x00, 0x00, 0x00, 0x00, 0x00, 0x00, 0x00, 0x00, 0x00, 0x00,
    0x00, 0x00, 0x00, 0x00, 0x00, 0x00, 0x00, 0x00, 0x00, 0x00, 0x00,
    0x00, 0x00, 0x1D, 0x96, 0xDE, 0xF8, 0xF0, 0xC4, 0x65, 0x03, 0x00,
    0x00, 0x23, 0xEA, 0xFF, 0xC8, 0x9A, 0xA5, 0xEA, 0xFF, 0xA2, 0x00,
    0x00, 0x98, 0xFF, 0x6F, 0x00, 0x00, 0x00, 0x0A, 0xC9, 0xFF, 0x2B,
    0x00, 0xBB, 0xFF, 0x16, 0x00, 0x00, 0x00, 0x00, 0x77, 0xFF, 0x4E,
    0x00, 0x8D, 0xFF, 0x69, 0x00, 0x00, 0x00, 0x08, 0xC5, 0xFD, 0x21,
    0x00, 0x13, 0xCD, 0xFF, 0xC4, 0x99, 0xA4, 0xE7, 0xFD, 0x74, 0x00,
    0x00, 0x0A, 0x97, 0xFF, 0xFF, 0xFF, 0xFF, 0xFF, 0xE6, 0x4C, 0x00,
    0x00, 0xAD, 0xFF, 0xA0, 0x2D, 0x09, 0x15, 0x52, 0xDE, 0xFD, 0x44,
    0x18, 0xFF, 0xC7, 0x00, 0x00, 0x00, 0x00, 0x00, 0x31, 0xFF, 0xAE,
    0x28, 0xFF, 0xAB, 0x00, 0x00, 0x00, 0x00, 0x00, 0x14, 0xFF, 0xC0,
    0x06, 0xEB, 0xF3, 0x34, 0x00, 0x00, 0x00, 0x02, 0x92, 0xFF, 0x89,
    0x00, 0x57, 0xFD, 0xFD, 0xBC, 0x99, 0xA4, 0xDF, 0xFF, 0xD8, 0x14,
    0x00, 0x00, 0x33, 0xA5, 0xE2, 0xF9, 0xF2, 0xCD, 0x7D, 0x0D, 0x00,
    0x00, 0x00, 0x00, 0x00, 0x00, 0x00, 0x00, 0x00, 0x00, 0x00, 0x00,
    0x00, 0x00, 0x00, 0x00, 0x00, 0x00, 0x00, 0x00, 0x00, 0x00, 0x00,
    0x00, 0x00, 0x00, 0x00, 0x00, 0x00, 0x00, 0x00, 0x00, 0x00, 0x00,
    0x00, 0x00, 0x00, 0x00, 0x00, 0x00, 0x00, 0x00, 0x00, 0x00, 0x00,
    0x00, 0x00, 0x00, 0x00, 0x00, 0x00, 0x00, 0x00, 0x00, 0x00, 0x00,

    /* Unicode: U+0039 */
    0x00, 0x00, 0x00, 0x00, 0x00, 0x00, 0x00, 0x00, 0x00, 0x00, 0x00,
    0x00, 0x00, 0x00, 0x00, 0x00, 0x00, 0x00, 0x00, 0x00, 0x00, 0x00,
    0x00, 0x00, 0x00, 0x00, 0x00, 0x00, 0x00, 0x00, 0x00, 0x00, 0x00,
    0x00, 0x00, 0x00, 0x00, 0x00, 0x00, 0x00, 0x00, 0x00, 0x00, 0x00,
    0x00, 0x00, 0x00, 0x00, 0x00, 0x00, 0x00, 0x00, 0x00, 0x00, 0x00,
    0x00, 0x01, 0x63, 0xC9, 0xF4, 0xF3, 0xC9, 0x67, 0x02, 0x00, 0x00,
    0x00, 0x9E, 0xFF, 0xE4, 0xA2, 0x9B, 0xD7, 0xFF, 0xAA, 0x01, 0x00,
    0x39, 0xFF, 0xBD, 0x07, 0x00, 0x00, 0x01, 0x87, 0xFF, 0x64, 0x00,
    0x73, 0xFF, 0x51, 0x00, 0x00, 0x00, 0x00, 0x08, 0xFE, 0xD1, 0x00,
    0x6A, 0xFF, 0x6D, 0x00, 0x00, 0x00, 0x00, 0x28, 0xFF, 0xFF, 0x11,
    0x1C, 0xF9, 0xF0, 0x5B, 0x13, 0x09, 0x46, 0xD8, 0xFC, 0xFF, 0x2E,
    0x00, 0x54, 0xF2, 0xFF, 0xFF, 0xFF, 0xFF, 0xBF, 0x9F, 0xFF, 0x35,
    0x00, 0x00, 0x15, 0x64, 0x87, 0x7F, 0x45, 0x01, 0xA7, 0xFF, 0x1F,
    0x00, 0x00, 0x00, 0x00, 0x00, 0x00, 0x00, 0x00, 0xDB, 0xF2, 0x05,
    0x00, 0x00, 0x00, 0x00, 0x00, 0x00, 0x00, 0x47, 0xFF, 0xA3, 0x00,
    0x00, 0x09, 0x04, 0x00, 0x00, 0x00, 0x32, 0xE6, 0xF6, 0x26, 0x00,
    0x00, 0x7C, 0xE3, 0xA6, 0x96, 0xBD, 0xFC, 0xF6, 0x55, 0x00, 0x00,
    0x00, 0x5B, 0xC4, 0xEB, 0xF7, 0xDC, 0x98, 0x29, 0x00, 0x00, 0x00,
    0x00, 0x00, 0x00, 0x00, 0x00, 0x00, 0x00, 0x00, 0x00, 0x00, 0x00,
    0x00, 0x00, 0x00, 0x00, 0x00, 0x00, 0x00, 0x00, 0x00, 0x00, 0x00,
    0x00, 0x00, 0x00, 0x00, 0x00, 0x00, 0x00, 0x00, 0x00, 0x00, 0x00,
    0x00, 0x00, 0x00, 0x00, 0x00, 0x00, 0x00, 0x00, 0x00, 0x00, 0x00,
    0x00, 0x00, 0x00, 0x00, 0x00, 0x00, 0x00, 0x00, 0x00, 0x00, 0x00,

    /* Unicode: U+003A */
    0x00, 0x00, 0x00, 0x00,
    0x00, 0x00, 0x00, 0x00,
    0x00, 0x00, 0x00, 0x00,
    0x00, 0x00, 0x00, 0x00,
    0x00, 0x00, 0x00, 0x00,
    0x00, 0x00, 0x00, 0x00,
    0x00, 0x00, 0x00, 0x00,
    0x00, 0x00, 0x00, 0x00,
    0x01, 0x9D, 0xAD, 0x05,
    0x21, 0xFF, 0xFF, 0x31,
    0x04, 0xC5, 0xD1, 0x09,
    0x00, 0x00, 0x00, 0x00,
    0x00, 0x00, 0x00, 0x00,
    0x00, 0x00, 0x00, 0x00,
    0x00, 0x00, 0x00, 0x00,
    0x01, 0x9D, 0xAD, 0x05,
    0x21, 0xFF, 0xFF, 0x31,
    0x04, 0xC5, 0xD1, 0x09,
    0x00, 0x00, 0x00, 0x00,
    0x00, 0x00, 0x00, 0x00,
    0x00, 0x00, 0x00, 0x00,
    0x00, 0x00, 0x00, 0x00,
    0x00, 0x00, 0x00, 0x00,

    /* Unicode: U+003B */
    0x00, 0x00, 0x00, 0x00,
    0x00, 0x00, 0x00, 0x00,
    0x00, 0x00, 0x00, 0x00,
    0x00, 0x00, 0x00, 0x00,
    0x00, 0x00, 0x00, 0x00,
    0x00, 0x00, 0x00, 0x00,
    0x00, 0x00, 0x00, 0x00,
    0x00, 0x00, 0x00, 0x00,
    0x01, 0x9D, 0xAD, 0x05,
    0x21, 0xFF, 0xFF, 0x31,
    0x04, 0xC5, 0xD1, 0x09,
    0x00, 0x00, 0x00, 0x00,
    0x00, 0x00, 0x00, 0x00,
    0x00, 0x00, 0x00, 0x00,
    0x00, 0x00, 0x00, 0x00,
    0x00, 0x00, 0x00, 0x00,
    0x05, 0xCB, 0xDA, 0x0F,
    0x10, 0xFD, 0xFF, 0x2F,
    0x00, 0x85, 0xEC, 0x03,
    0x00, 0xAA, 0x99, 0x00,
    0x01, 0xEA, 0x43, 0x00,
    0x00, 0x00, 0x00, 0x00,
    0x00, 0x00, 0x00, 0x00,

    /* Unicode: U+003C */
    0x00, 0x00, 0x00, 0x00, 0x00, 0x00, 0x00, 0x00, 0x00,
    0x00, 0x00, 0x00, 0x00, 0x00, 0x00, 0x00, 0x00, 0x00,
    0x00, 0x00, 0x00, 0x00, 0x00, 0x00, 0x00, 0x00, 0x00,
    0x00, 0x00, 0x00, 0x00, 0x00, 0x00, 0x00, 0x00, 0x00,
    0x00, 0x00, 0x00, 0x00, 0x00, 0x00, 0x00, 0x00, 0x00,
    0x00, 0x00, 0x00, 0x00, 0x00, 0x00, 0x00, 0x00, 0x00,
    0x00, 0x00, 0x00, 0x00, 0x00, 0x00, 0x00, 0x00, 0x00,
    0x00, 0x00, 0x00, 0x00, 0x00, 0x00, 0x00, 0x08, 0x0E,
    0x00, 0x00, 0x00, 0x00, 0x00, 0x2C, 0x90, 0xEE, 0x44,
    0x00, 0x00, 0x0B, 0x61, 0xC6, 0xFF, 0xE6, 0x88, 0x13,
    0x2F, 0x96, 0xF1, 0xFB, 0xB0, 0x4E, 0x04, 0x00, 0x00,
    0xCC, 0xFE, 0x8A, 0x17, 0x00, 0x00, 0x00, 0x00, 0x00,
    0x7F, 0xF1, 0xF9, 0xAA, 0x47, 0x02, 0x00, 0x00, 0x00,
    0x00, 0x0A, 0x61, 0xC6, 0xFF, 0xE2, 0x82, 0x21, 0x00,
    0x00, 0x00, 0x00, 0x00, 0x2B, 0x90, 0xED, 0xFE, 0x3B,
    0x00, 0x00, 0x00, 0x00, 0x00, 0x00, 0x07, 0x5B, 0x29,
    0x00, 0x00, 0x00, 0x00, 0x00, 0x00, 0x00, 0x00, 0x00,
    0x00, 0x00, 0x00, 0x00, 0x00, 0x00, 0x00, 0x00, 0x00,
    0x00, 0x00, 0x00, 0x00, 0x00, 0x00, 0x00, 0x00, 0x00,
    0x00, 0x00, 0x00, 0x00, 0x00, 0x00, 0x00, 0x00, 0x00,
    0x00, 0x00, 0x00, 0x00, 0x00, 0x00, 0x00, 0x00, 0x00,
    0x00, 0x00, 0x00, 0x00, 0x00, 0x00, 0x00, 0x00, 0x00,
    0x00, 0x00, 0x00, 0x00, 0x00, 0x00, 0x00, 0x00, 0x00,

    /* Unicode: U+003D */
    0x00, 0x00, 0x00, 0x00, 0x00, 0x00, 0x00, 0x00, 0x00,
    0x00, 0x00, 0x00, 0x00, 0x00, 0x00, 0x00, 0x00, 0x00,
    0x00, 0x00, 0x00, 0x00, 0x00, 0x00, 0x00, 0x00, 0x00,
    0x00, 0x00, 0x00, 0x00, 0x00, 0x00, 0x00, 0x00, 0x00,
    0x00, 0x00, 0x00, 0x00, 0x00, 0x00, 0x00, 0x00, 0x00,
    0x00, 0x00, 0x00, 0x00, 0x00, 0x00, 0x00, 0x00, 0x00,
    0x00, 0x00, 0x00, 0x00, 0x00, 0x00, 0x00, 0x00, 0x00,
    0x00, 0x00, 0x00, 0x00, 0x00, 0x00, 0x00, 0x00, 0x00,
    0xCC, 0xFF, 0xFF, 0xFF, 0xFF, 0xFF, 0xFF, 0xFF, 0x44,
    0x72, 0x90, 0x90, 0x90, 0x90, 0x90, 0x90, 0x90, 0x26,
    0x00, 0x00, 0x00, 0x00, 0x00, 0x00, 0x00, 0x00, 0x00,
    0x00, 0x00, 0x00, 0x00, 0x00, 0x00, 0x00, 0x00, 0x00,
    0x72, 0x90, 0x90, 0x90, 0x90, 0x90, 0x90, 0x90, 0x26,
    0xCC, 0xFF, 0xFF, 0xFF, 0xFF, 0xFF, 0xFF, 0xFF, 0x44,
    0x00, 0x00, 0x00, 0x00, 0x00, 0x00, 0x00, 0x00, 0x00,
    0x00, 0x00, 0x00, 0x00, 0x00, 0x00, 0x00, 0x00, 0x00,
    0x00, 0x00, 0x00, 0x00, 0x00, 0x00, 0x00, 0x00, 0x00,
    0x00, 0x00, 0x00, 0x00, 0x00, 0x00, 0x00, 0x00, 0x00,
    0x00, 0x00, 0x00, 0x00, 0x00, 0x00, 0x00, 0x00, 0x00,
    0x00, 0x00, 0x00, 0x00, 0x00, 0x00, 0x00, 0x00, 0x00,
    0x00, 0x00, 0x00, 0x00, 0x00, 0x00, 0x00, 0x00, 0x00,
    0x00, 0x00, 0x00, 0x00, 0x00, 0x00, 0x00, 0x00, 0x00,
    0x00, 0x00, 0x00, 0x00, 0x00, 0x00, 0x00, 0x00, 0x00,

    /* Unicode: U+003E */
    0x00, 0x00, 0x00, 0x00, 0x00, 0x00, 0x00, 0x00, 0x00,
    0x00, 0x00, 0x00, 0x00, 0x00, 0x00, 0x00, 0x00, 0x00,
    0x00, 0x00, 0x00, 0x00, 0x00, 0x00, 0x00, 0x00, 0x00,
    0x00, 0x00, 0x00, 0x00, 0x00, 0x00, 0x00, 0x00, 0x00,
    0x00, 0x00, 0x00, 0x00, 0x00, 0x00, 0x00, 0x00, 0x00,
    0x00, 0x00, 0x00, 0x00, 0x00, 0x00, 0x00, 0x00, 0x00,
    0x00, 0x00, 0x00, 0x00, 0x00, 0x00, 0x00, 0x00, 0x00,
    0x16, 0x00, 0x00, 0x00, 0x00, 0x00, 0x00, 0x00, 0x00,
    0xCB, 0xC0, 0x5B, 0x08, 0x00, 0x00, 0x00, 0x00, 0x00,
    0x4F, 0xBC, 0xFE, 0xED, 0x90, 0x2B, 0x00, 0x00, 0x00,
    0x00, 0x00, 0x20, 0x81, 0xE1, 0xFF, 0xC6, 0x61, 0x08,
    0x00, 0x00, 0x00, 0x00, 0x02, 0x48, 0xDB, 0xFF, 0x44,
    0x00, 0x00, 0x00, 0x1C, 0x7B, 0xDD, 0xFF, 0xC6, 0x23,
    0x05, 0x53, 0xB6, 0xFC, 0xED, 0x90, 0x2B, 0x00, 0x00,
    0xC2, 0xFF, 0xC0, 0x5A, 0x07, 0x00, 0x00, 0x00, 0x00,
    0x66, 0x25, 0x00, 0x00, 0x00, 0x00, 0x00, 0x00, 0x00,
    0x00, 0x00, 0x00, 0x00, 0x00, 0x00, 0x00, 0x00, 0x00,
    0x00, 0x00, 0x00, 0x00, 0x00, 0x00, 0x00, 0x00, 0x00,
    0x00, 0x00, 0x00, 0x00, 0x00, 0x00, 0x00, 0x00, 0x00,
    0x00, 0x00, 0x00, 0x00, 0x00, 0x00, 0x00, 0x00, 0x00,
    0x00, 0x00, 0x00, 0x00, 0x00, 0x00, 0x00, 0x00, 0x00,
    0x00, 0x00, 0x00, 0x00, 0x00, 0x00, 0x00, 0x00, 0x00,
    0x00, 0x00, 0x00, 0x00, 0x00, 0x00, 0x00, 0x00, 0x00,

    /* Unicode: U+003F */
    0x00, 0x00, 0x00, 0x00, 0x00, 0x00, 0x00, 0x00, 0x00, 0x00,
    0x00, 0x00, 0x00, 0x00, 0x00, 0x00, 0x00, 0x00, 0x00, 0x00,
    0x00, 0x00, 0x00, 0x00, 0x00, 0x00, 0x00, 0x00, 0x00, 0x00,
    0x00, 0x00, 0x00, 0x00, 0x00, 0x00, 0x00, 0x00, 0x00, 0x00,
    0x00, 0x00, 0x00, 0x00, 0x00, 0x00, 0x00, 0x00, 0x00, 0x00,
    0x00, 0x20, 0x94, 0xDB, 0xF7, 0xEA, 0xC2, 0x55, 0x00, 0x00,
    0x4A, 0xF6, 0xFB, 0xBB, 0x97, 0xAC, 0xF7, 0xFF, 0x81, 0x00,
    0x55, 0xD1, 0x2A, 0x00, 0x00, 0x00, 0x2B, 0xF6, 0xF4, 0x04,
    0x00, 0x00, 0x00, 0x00, 0x00, 0x00, 0x00, 0xC8, 0xFF, 0x0C,
    0x00, 0x00, 0x00, 0x00, 0x00, 0x00, 0x11, 0xEE, 0xD7, 0x00,
    0x00, 0x00, 0x00, 0x00, 0x00, 0x0C, 0xC1, 0xFE, 0x4E, 0x00,
    0x00, 0x00, 0x00, 0x00, 0x09, 0xC3, 0xFD, 0x61, 0x00, 0x00,
    0x00, 0x00, 0x00, 0x00, 0x82, 0xFF, 0x73, 0x00, 0x00, 0x00,
    0x00, 0x00, 0x00, 0x00, 0xCD, 0xF6, 0x04, 0x00, 0x00, 0x00,
    0x00, 0x00, 0x00, 0x00, 0x00, 0x00, 0x00, 0x00, 0x00, 0x00,
    0x00, 0x00, 0x00, 0x00, 0x0E, 0x0F, 0x00, 0x00, 0x00, 0x00,
    0x00, 0x00, 0x00, 0x0D, 0xED, 0xF0, 0x12, 0x00, 0x00, 0x00,
    0x00, 0x00, 0x00, 0x08, 0xD3, 0xD8, 0x0C, 0x00, 0x00, 0x00,
    0x00, 0x00, 0x00, 0x00, 0x00, 0x00, 0x00, 0x00, 0x00, 0x00,
    0x00, 0x00, 0x00, 0x00, 0x00, 0x00, 0x00, 0x00, 0x00, 0x00,
    0x00, 0x00, 0x00, 0x00, 0x00, 0x00, 0x00, 0x00, 0x00, 0x00,
    0x00, 0x00, 0x00, 0x00, 0x00, 0x00, 0x00, 0x00, 0x00, 0x00,
    0x00, 0x00, 0x00, 0x00, 0x00, 0x00, 0x00, 0x00, 0x00, 0x00,

    /* Unicode: U+0040 */
    0x00, 0x00, 0x00, 0x00, 0x00, 0x00, 0x00, 0x00, 0x00, 0x00, 0x00, 0x00, 0x00, 0x00, 0x00, 0x00, 0x00, 0x00,
    0x00, 0x00, 0x00, 0x00, 0x00, 0x00, 0x00, 0x00, 0x00, 0x00, 0x00, 0x00, 0x00, 0x00, 0x00, 0x00, 0x00, 0x00,
    0x00, 0x00, 0x00, 0x00, 0x00, 0x00, 0x00, 0x00, 0x00, 0x00, 0x00, 0x00, 0x00, 0x00, 0x00, 0x00, 0x00, 0x00,
    0x00, 0x00, 0x00, 0x00, 0x00, 0x00, 0x00, 0x00, 0x00, 0x00, 0x00, 0x00, 0x00, 0x00, 0x00, 0x00, 0x00, 0x00,
    0x00, 0x00, 0x00, 0x00, 0x00, 0x00, 0x00, 0x00, 0x00, 0x00, 0x00, 0x00, 0x00, 0x00, 0x00, 0x00, 0x00, 0x00,
    0x00, 0x00, 0x00, 0x00, 0x00, 0x2D, 0x90, 0xD0, 0xF2, 0xFB, 0xEC, 0xC3, 0x7B, 0x19, 0x00, 0x00, 0x00, 0x00,
    0x00, 0x00, 0x00, 0x07, 0x93, 0xFE, 0xFD, 0xC8, 0xA9, 0x97, 0xAF, 0xD6, 0xFF, 0xF6, 0x69, 0x00, 0x00, 0x00,
    0x00, 0x00, 0x0A, 0xCA, 0xFD, 0x8B, 0x1D, 0x00, 0x00, 0x00, 0x00, 0x00, 0x2E, 0xAB, 0xFF, 0x96, 0x00, 0x00,
    0x00, 0x00, 0xA1, 0xF7, 0x42, 0x00, 0x35, 0xB6, 0xEF, 0xF0, 0xB0, 0x26, 0xBC, 0xD4, 0x69, 0xFF, 0x62, 0x00,
    0x00, 0x44, 0xFF, 0x61, 0x00, 0x44, 0xF8, 0xF7, 0xB3, 0x9B, 0xDB, 0xED, 0xD8, 0xD4, 0x00, 0x8F, 0xEE, 0x0D,
    0x00, 0xAC, 0xD4, 0x00, 0x03, 0xE1, 0xEE, 0x2E, 0x00, 0x00, 0x04, 0xA4, 0xFF, 0xD4, 0x00, 0x12, 0xF6, 0x5F,
    0x00, 0xEF, 0x74, 0x00, 0x41, 0xFF, 0x78, 0x00, 0x00, 0x00, 0x00, 0x0D, 0xF5, 0xD4, 0x00, 0x00, 0xAF, 0x9B,
    0x15, 0xFF, 0x49, 0x00, 0x67, 0xFF, 0x3D, 0x00, 0x00, 0x00, 0x00, 0x00, 0xC3, 0xD4, 0x00, 0x00, 0x8D, 0xB8,
    0x20, 0xFF, 0x33, 0x00, 0x67, 0xFF, 0x38, 0x00, 0x00, 0x00, 0x00, 0x00, 0xBF, 0xD4, 0x00, 0x00, 0x80, 0xB9,
    0x13, 0xFF, 0x4A, 0x00, 0x3F, 0xFF, 0x6B, 0x00, 0x00, 0x00, 0x00, 0x06, 0xEE, 0xD4, 0x00, 0x00, 0x98, 0xA1,
    0x00, 0xEC, 0x74, 0x00, 0x02, 0xDE, 0xE3, 0x18, 0x00, 0x00, 0x00, 0x85, 0xFF, 0xDF, 0x00, 0x04, 0xDE, 0x69,
    0x00, 0xA7, 0xD3, 0x00, 0x00, 0x40, 0xF7, 0xE9, 0x8B, 0x72, 0xB7, 0xF6, 0xAF, 0xFF, 0x8C, 0xB2, 0xEA, 0x0F,
    0x00, 0x40, 0xFF, 0x5F, 0x00, 0x00, 0x35, 0xB6, 0xF0, 0xF2, 0xB7, 0x31, 0x11, 0xBC, 0xF7, 0xCF, 0x36, 0x00,
    0x00, 0x00, 0x9E, 0xF5, 0x3E, 0x00, 0x00, 0x00, 0x00, 0x00, 0x00, 0x00, 0x00, 0x00, 0x00, 0x00, 0x00, 0x00,
    0x00, 0x00, 0x0A, 0xCA, 0xFC, 0x84, 0x18, 0x00, 0x00, 0x00, 0x00, 0x03, 0x33, 0x00, 0x00, 0x00, 0x00, 0x00,
    0x00, 0x00, 0x00, 0x07, 0x98, 0xFF, 0xFC, 0xC5, 0xA5, 0x98, 0xB2, 0xE7, 0xF9, 0x0B, 0x00, 0x00, 0x00, 0x00,
    0x00, 0x00, 0x00, 0x00, 0x00, 0x32, 0x94, 0xD3, 0xF5, 0xFB, 0xE1, 0xA0, 0x32, 0x00, 0x00, 0x00, 0x00, 0x00,
    0x00, 0x00, 0x00, 0x00, 0x00, 0x00, 0x00, 0x00, 0x00, 0x00, 0x00, 0x00, 0x00, 0x00, 0x00, 0x00, 0x00, 0x00,

    /* Unicode: U+0041 */
    0x00, 0x00, 0x00, 0x00, 0x00, 0x00, 0x00, 0x00, 0x00, 0x00, 0x00, 0x00, 0x00, 0x00, 0x00,
    0x00, 0x00, 0x00, 0x00, 0x00, 0x00, 0x00, 0x00, 0x00, 0x00, 0x00, 0x00, 0x00, 0x00, 0x00,
    0x00, 0x00, 0x00, 0x00, 0x00, 0x00, 0x00, 0x00, 0x00, 0x00, 0x00, 0x00, 0x00, 0x00, 0x00,
    0x00, 0x00, 0x00, 0x00, 0x00, 0x00, 0x00, 0x00, 0x00, 0x00, 0x00, 0x00, 0x00, 0x00, 0x00,
    0x00, 0x00, 0x00, 0x00, 0x00, 0x00, 0x00, 0x00, 0x00, 0x00, 0x00, 0x00, 0x00, 0x00, 0x00,
    0x00, 0x00, 0x00, 0x00, 0x00, 0x00, 0x89, 0xFF, 0xAF, 0x00, 0x00, 0x00, 0x00, 0x00, 0x00,
    0x00, 0x00, 0x00, 0x00, 0x00, 0x0A, 0xEE, 0xFE, 0xFD, 0x23, 0x00, 0x00, 0x00, 0x00, 0x00,
    0x00, 0x00, 0x00, 0x00, 0x00, 0x69, 0xFF, 0x76, 0xFF, 0x91, 0x00, 0x00, 0x00, 0x00, 0x00,
    0x00, 0x00, 0x00, 0x00, 0x01, 0xD7, 0xD8, 0x01, 0xB9, 0xF2, 0x0E, 0x00, 0x00, 0x00, 0x00,
    0x00, 0x00, 0x00, 0x00, 0x4A, 0xFF, 0x68, 0x00, 0x47, 0xFF, 0x72, 0x00, 0x00, 0x00, 0x00,
    0x00, 0x00, 0x00, 0x00, 0xBA, 0xED, 0x0A, 0x00, 0x00, 0xD4, 0xDF, 0x03, 0x00, 0x00, 0x00,
    0x00, 0x00, 0x00, 0x2B, 0xFF, 0x85, 0x00, 0x00, 0x00, 0x63, 0xFF, 0x53, 0x00, 0x00, 0x00,
    0x00, 0x00, 0x00, 0x9B, 0xFA, 0x1A, 0x00, 0x00, 0x00, 0x07, 0xE9, 0xC4, 0x00, 0x00, 0x00,
    0x00, 0x00, 0x13, 0xF6, 0xFF, 0xFF, 0xFF, 0xFF, 0xFF, 0xFF, 0xFF, 0xFF, 0x35, 0x00, 0x00,
    0x00, 0x00, 0x7B, 0xFF, 0x8F, 0x80, 0x80, 0x80, 0x80, 0x80, 0x81, 0xFB, 0xA5, 0x00, 0x00,
    0x00, 0x05, 0xE5, 0xD3, 0x00, 0x00, 0x00, 0x00, 0x00, 0x00, 0x00, 0xB0, 0xFA, 0x1B, 0x00,
    0x00, 0x5C, 0xFF, 0x6E, 0x00, 0x00, 0x00, 0x00, 0x00, 0x00, 0x00, 0x4B, 0xFF, 0x86, 0x00,
    0x00, 0xCB, 0xF8, 0x12, 0x00, 0x00, 0x00, 0x00, 0x00, 0x00, 0x00, 0x03, 0xE3, 0xED, 0x0A,
    0x00, 0x00, 0x00, 0x00, 0x00, 0x00, 0x00, 0x00, 0x00, 0x00, 0x00, 0x00, 0x00, 0x00, 0x00,
    0x00, 0x00, 0x00, 0x00, 0x00, 0x00, 0x00, 0x00, 0x00, 0x00, 0x00, 0x00, 0x00, 0x00, 0x00,
    0x00, 0x00, 0x00, 0x00, 0x00, 0x00, 0x00, 0x00, 0x00, 0x00, 0x00, 0x00, 0x00, 0x00, 0x00,
    0x00, 0x00, 0x00, 0x00, 0x00, 0x00, 0x00, 0x00, 0x00, 0x00, 0x00, 0x00, 0x00, 0x00, 0x00,
    0x00, 0x00, 0x00, 0x00, 0x00, 0x00, 0x00, 0x00, 0x00, 0x00, 0x00, 0x00, 0x00, 0x00, 0x00,

    /* Unicode: U+0042 */
    0x00, 0x00, 0x00, 0x00, 0x00, 0x00, 0x00, 0x00, 0x00, 0x00, 0x00, 0x00,
    0x00, 0x00, 0x00, 0x00, 0x00, 0x00, 0x00, 0x00, 0x00, 0x00, 0x00, 0x00,
    0x00, 0x00, 0x00, 0x00, 0x00, 0x00, 0x00, 0x00, 0x00, 0x00, 0x00, 0x00,
    0x00, 0x00, 0x00, 0x00, 0x00, 0x00, 0x00, 0x00, 0x00, 0x00, 0x00, 0x00,
    0x00, 0x00, 0x00, 0x00, 0x00, 0x00, 0x00, 0x00, 0x00, 0x00, 0x00, 0x00,
    0x1C, 0xFF, 0xFF, 0xFF, 0xFF, 0xFF, 0xFC, 0xE3, 0xB9, 0x4B, 0x00, 0x00,
    0x1C, 0xFF, 0xDD, 0x90, 0x90, 0x90, 0x95, 0xB3, 0xF9, 0xFF, 0x78, 0x00,
    0x1C, 0xFF, 0xB0, 0x00, 0x00, 0x00, 0x00, 0x00, 0x29, 0xF5, 0xF1, 0x01,
    0x1C, 0xFF, 0xB0, 0x00, 0x00, 0x00, 0x00, 0x00, 0x00, 0xCA, 0xFE, 0x07,
    0x1C, 0xFF, 0xB0, 0x00, 0x00, 0x00, 0x00, 0x00, 0x27, 0xF5, 0xCC, 0x00,
    0x1C, 0xFF, 0xDD, 0x90, 0x90, 0x90, 0x94, 0xB2, 0xF7, 0xE7, 0x30, 0x00,
    0x1C, 0xFF, 0xFF, 0xFF, 0xFF, 0xFF, 0xFF, 0xFF, 0xFF, 0xDE, 0x4F, 0x00,
    0x1C, 0xFF, 0xB0, 0x00, 0x00, 0x00, 0x00, 0x12, 0x49, 0xDB, 0xFC, 0x36,
    0x1C, 0xFF, 0xB0, 0x00, 0x00, 0x00, 0x00, 0x00, 0x00, 0x43, 0xFF, 0x97,
    0x1C, 0xFF, 0xB0, 0x00, 0x00, 0x00, 0x00, 0x00, 0x00, 0x28, 0xFF, 0xB0,
    0x1C, 0xFF, 0xB0, 0x00, 0x00, 0x00, 0x00, 0x00, 0x00, 0x8C, 0xFF, 0x8A,
    0x1C, 0xFF, 0xDD, 0x90, 0x90, 0x90, 0x90, 0xA0, 0xD5, 0xFF, 0xE7, 0x1B,
    0x1C, 0xFF, 0xFF, 0xFF, 0xFF, 0xFF, 0xFF, 0xF8, 0xDA, 0x93, 0x1A, 0x00,
    0x00, 0x00, 0x00, 0x00, 0x00, 0x00, 0x00, 0x00, 0x00, 0x00, 0x00, 0x00,
    0x00, 0x00, 0x00, 0x00, 0x00, 0x00, 0x00, 0x00, 0x00, 0x00, 0x00, 0x00,
    0x00, 0x00, 0x00, 0x00, 0x00, 0x00, 0x00, 0x00, 0x00, 0x00, 0x00, 0x00,
    0x00, 0x00, 0x00, 0x00, 0x00, 0x00, 0x00, 0x00, 0x00, 0x00, 0x00, 0x00,
    0x00, 0x00, 0x00, 0x00, 0x00, 0x00, 0x00, 0x00, 0x00, 0x00, 0x00, 0x00,

    /* Unicode: U+0043 */
    0x00, 0x00, 0x00, 0x00, 0x00, 0x00, 0x00, 0x00, 0x00, 0x00, 0x00, 0x00, 0x00,
    0x00, 0x00, 0x00, 0x00, 0x00, 0x00, 0x00, 0x00, 0x00, 0x00, 0x00, 0x00, 0x00,
    0x00, 0x00, 0x00, 0x00, 0x00, 0x00, 0x00, 0x00, 0x00, 0x00, 0x00, 0x00, 0x00,
    0x00, 0x00, 0x00, 0x00, 0x00, 0x00, 0x00, 0x00, 0x00, 0x00, 0x00, 0x00, 0x00,
    0x00, 0x00, 0x00, 0x00, 0x00, 0x00, 0x00, 0x00, 0x00, 0x00, 0x00, 0x00, 0x00,
    0x00, 0x00, 0x00, 0x00, 0x4C, 0xAE, 0xE0, 0xF8, 0xE9, 0xB4, 0x53, 0x00, 0x00,
    0x00, 0x00, 0x11, 0xB1, 0xFF, 0xF6, 0xB4, 0x97, 0xAB, 0xEE, 0xFF, 0xB2, 0x09,
    0x00, 0x03, 0xBD, 0xFF, 0xA2, 0x10, 0x00, 0x00, 0x00, 0x0B, 0x99, 0xCB, 0x11,
    0x00, 0x69, 0xFF, 0xA9, 0x00, 0x00, 0x00, 0x00, 0x00, 0x00, 0x00, 0x09, 0x00,
    0x00, 0xD1, 0xFB, 0x1A, 0x00, 0x00, 0x00, 0x00, 0x00, 0x00, 0x00, 0x00, 0x00,
    0x06, 0xFE, 0xC7, 0x00, 0x00, 0x00, 0x00, 0x00, 0x00, 0x00, 0x00, 0x00, 0x00,
    0x1C, 0xFF, 0xAF, 0x00, 0x00, 0x00, 0x00, 0x00, 0x00, 0x00, 0x00, 0x00, 0x00,
    0x06, 0xFE, 0xC7, 0x00, 0x00, 0x00, 0x00, 0x00, 0x00, 0x00, 0x00, 0x00, 0x00,
    0x00, 0xD2, 0xFB, 0x19, 0x00, 0x00, 0x00, 0x00, 0x00, 0x00, 0x00, 0x00, 0x00,
    0x00, 0x6B, 0xFF, 0xA6, 0x00, 0x00, 0x00, 0x00, 0x00, 0x00, 0x00, 0x02, 0x00,
    0x00, 0x04, 0xBF, 0xFF, 0xA1, 0x10, 0x00, 0x00, 0x00, 0x08, 0x89, 0xB9, 0x09,
    0x00, 0x00, 0x12, 0xB4, 0xFF, 0xF6, 0xB4, 0x97, 0xA9, 0xEB, 0xFF, 0xBF, 0x0F,
    0x00, 0x00, 0x00, 0x01, 0x4E, 0xB0, 0xE2, 0xF9, 0xEA, 0xB7, 0x59, 0x01, 0x00,
    0x00, 0x00, 0x00, 0x00, 0x00, 0x00, 0x00, 0x00, 0x00, 0x00, 0x00, 0x00, 0x00,
    0x00, 0x00, 0x00, 0x00, 0x00, 0x00, 0x00, 0x00, 0x00, 0x00, 0x00, 0x00, 0x00,
    0x00, 0x00, 0x00, 0x00, 0x00, 0x00, 0x00, 0x00, 0x00, 0x00, 0x00, 0x00, 0x00,
    0x00, 0x00, 0x00, 0x00, 0x00, 0x00, 0x00, 0x00, 0x00, 0x00, 0x00, 0x00, 0x00,
    0x00, 0x00, 0x00, 0x00, 0x00, 0x00, 0x00, 0x00, 0x00, 0x00, 0x00, 0x00, 0x00,

    /* Unicode: U+0044 */
    0x00, 0x00, 0x00, 0x00, 0x00, 0x00, 0x00, 0x00, 0x00, 0x00, 0x00, 0x00, 0x00,
    0x00, 0x00, 0x00, 0x00, 0x00, 0x00, 0x00, 0x00, 0x00, 0x00, 0x00, 0x00, 0x00,
    0x00, 0x00, 0x00, 0x00, 0x00, 0x00, 0x00, 0x00, 0x00, 0x00, 0x00, 0x00, 0x00,
    0x00, 0x00, 0x00, 0x00, 0x00, 0x00, 0x00, 0x00, 0x00, 0x00, 0x00, 0x00, 0x00,
    0x00, 0x00, 0x00, 0x00, 0x00, 0x00, 0x00, 0x00, 0x00, 0x00, 0x00, 0x00, 0x00,
    0x1C, 0xFF, 0xFF, 0xFF, 0xFF, 0xFF, 0xF6, 0xDB, 0xA3, 0x40, 0x00, 0x00, 0x00,
    0x1C, 0xFF, 0xDD, 0x90, 0x90, 0x90, 0x9B, 0xBF, 0xFC, 0xFF, 0xA2, 0x0A, 0x00,
    0x1C, 0xFF, 0xB0, 0x00, 0x00, 0x00, 0x00, 0x00, 0x1B, 0xB4, 0xFF, 0xA7, 0x00,
    0x1C, 0xFF, 0xB0, 0x00, 0x00, 0x00, 0x00, 0x00, 0x00, 0x03, 0xBF, 0xFF, 0x4A,
    0x1C, 0xFF, 0xB0, 0x00, 0x00, 0x00, 0x00, 0x00, 0x00, 0x00, 0x35, 0xFF, 0xB0,
    0x1C, 0xFF, 0xB0, 0x00, 0x00, 0x00, 0x00, 0x00, 0x00, 0x00, 0x00, 0xEA, 0xE1,
    0x1C, 0xFF, 0xB0, 0x00, 0x00, 0x00, 0x00, 0x00, 0x00, 0x00, 0x00, 0xD3, 0xF8,
    0x1C, 0xFF, 0xB0, 0x00, 0x00, 0x00, 0x00, 0x00, 0x00, 0x00, 0x00, 0xEA, 0xE1,
    0x1C, 0xFF, 0xB0, 0x00, 0x00, 0x00, 0x00, 0x00, 0x00, 0x00, 0x34, 0xFF, 0xB0,
    0x1C, 0xFF, 0xB0, 0x00, 0x00, 0x00, 0x00, 0x00, 0x00, 0x02, 0xBD, 0xFF, 0x4B,
    0x1C, 0xFF, 0xB0, 0x00, 0x00, 0x00, 0x00, 0x00, 0x18, 0xB1, 0xFF, 0xA9, 0x00,
    0x1C, 0xFF, 0xDD, 0x90, 0x90, 0x90, 0x9A, 0xBD, 0xFB, 0xFF, 0xA5, 0x0B, 0x00,
    0x1C, 0xFF, 0xFF, 0xFF, 0xFF, 0xFF, 0xF7, 0xDD, 0xA5, 0x44, 0x00, 0x00, 0x00,
    0x00, 0x00, 0x00, 0x00, 0x00, 0x00, 0x00, 0x00, 0x00, 0x00, 0x00, 0x00, 0x00,
    0x00, 0x00, 0x00, 0x00, 0x00, 0x00, 0x00, 0x00, 0x00, 0x00, 0x00, 0x00, 0x00,
    0x00, 0x00, 0x00, 0x00, 0x00, 0x00, 0x00, 0x00, 0x00, 0x00, 0x00, 0x00, 0x00,
    0x00, 0x00, 0x00, 0x00, 0x00, 0x00, 0x00, 0x00, 0x00, 0x00, 0x00, 0x00, 0x00,
    0x00, 0x00, 0x00, 0x00, 0x00, 0x00, 0x00, 0x00, 0x00, 0x00, 0x00, 0x00, 0x00,

    /* Unicode: U+0045 */
    0x00, 0x00, 0x00, 0x00, 0x00, 0x00, 0x00, 0x00, 0x00, 0x00, 0x00,
    0x00, 0x00, 0x00, 0x00, 0x00, 0x00, 0x00, 0x00, 0x00, 0x00, 0x00,
    0x00, 0x00, 0x00, 0x00, 0x00, 0x00, 0x00, 0x00, 0x00, 0x00, 0x00,
    0x00, 0x00, 0x00, 0x00, 0x00, 0x00, 0x00, 0x00, 0x00, 0x00, 0x00,
    0x00, 0x00, 0x00, 0x00, 0x00, 0x00, 0x00, 0x00, 0x00, 0x00, 0x00,
    0x1C, 0xFF, 0xFF, 0xFF, 0xFF, 0xFF, 0xFF, 0xFF, 0xFF, 0xC8, 0x00,
    0x1C, 0xFF, 0xDD, 0x90, 0x90, 0x90, 0x90, 0x90, 0x90, 0x70, 0x00,
    0x1C, 0xFF, 0xB0, 0x00, 0x00, 0x00, 0x00, 0x00, 0x00, 0x00, 0x00,
    0x1C, 0xFF, 0xB0, 0x00, 0x00, 0x00, 0x00, 0x00, 0x00, 0x00, 0x00,
    0x1C, 0xFF, 0xB0, 0x00, 0x00, 0x00, 0x00, 0x00, 0x00, 0x00, 0x00,
    0x1C, 0xFF, 0xDD, 0x90, 0x90, 0x90, 0x90, 0x90, 0x90, 0x02, 0x00,
    0x1C, 0xFF, 0xFF, 0xFF, 0xFF, 0xFF, 0xFF, 0xFF, 0xFF, 0x04, 0x00,
    0x1C, 0xFF, 0xB0, 0x00, 0x00, 0x00, 0x00, 0x00, 0x00, 0x00, 0x00,
    0x1C, 0xFF, 0xB0, 0x00, 0x00, 0x00, 0x00, 0x00, 0x00, 0x00, 0x00,
    0x1C, 0xFF, 0xB0, 0x00, 0x00, 0x00, 0x00, 0x00, 0x00, 0x00, 0x00,
    0x1C, 0xFF, 0xB0, 0x00, 0x00, 0x00, 0x00, 0x00, 0x00, 0x00, 0x00,
    0x1C, 0xFF, 0xDD, 0x90, 0x90, 0x90, 0x90, 0x90, 0x90, 0x90, 0x04,
    0x1C, 0xFF, 0xFF, 0xFF, 0xFF, 0xFF, 0xFF, 0xFF, 0xFF, 0xFF, 0x08,
    0x00, 0x00, 0x00, 0x00, 0x00, 0x00, 0x00, 0x00, 0x00, 0x00, 0x00,
    0x00, 0x00, 0x00, 0x00, 0x00, 0x00, 0x00, 0x00, 0x00, 0x00, 0x00,
    0x00, 0x00, 0x00, 0x00, 0x00, 0x00, 0x00, 0x00, 0x00, 0x00, 0x00,
    0x00, 0x00, 0x00, 0x00, 0x00, 0x00, 0x00, 0x00, 0x00, 0x00, 0x00,
    0x00, 0x00, 0x00, 0x00, 0x00, 0x00, 0x00, 0x00, 0x00, 0x00, 0x00,

    /* Unicode: U+0046 */
    0x00, 0x00, 0x00, 0x00, 0x00, 0x00, 0x00, 0x00, 0x00, 0x00,
    0x00, 0x00, 0x00, 0x00, 0x00, 0x00, 0x00, 0x00, 0x00, 0x00,
    0x00, 0x00, 0x00, 0x00, 0x00, 0x00, 0x00, 0x00, 0x00, 0x00,
    0x00, 0x00, 0x00, 0x00, 0x00, 0x00, 0x00, 0x00, 0x00, 0x00,
    0x00, 0x00, 0x00, 0x00, 0x00, 0x00, 0x00, 0x00, 0x00, 0x00,
    0x1C, 0xFF, 0xFF, 0xFF, 0xFF, 0xFF, 0xFF, 0xFF, 0xFF, 0xC8,
    0x1C, 0xFF, 0xDD, 0x90, 0x90, 0x90, 0x90, 0x90, 0x90, 0x70,
    0x1C, 0xFF, 0xB0, 0x00, 0x00, 0x00, 0x00, 0x00, 0x00, 0x00,
    0x1C, 0xFF, 0xB0, 0x00, 0x00, 0x00, 0x00, 0x00, 0x00, 0x00,
    0x1C, 0xFF, 0xB0, 0x00, 0x00, 0x00, 0x00, 0x00, 0x00, 0x00,
    0x1C, 0xFF, 0xB0, 0x00, 0x00, 0x00, 0x00, 0x00, 0x00, 0x00,
    0x1C, 0xFF, 0xFF, 0xFF, 0xFF, 0xFF, 0xFF, 0xFF, 0xFF, 0x04,
    0x1C, 0xFF, 0xDD, 0x90, 0x90, 0x90, 0x90, 0x90, 0x90, 0x02,
    0x1C, 0xFF, 0xB0, 0x00, 0x00, 0x00, 0x00, 0x00, 0x00, 0x00,
    0x1C, 0xFF, 0xB0, 0x00, 0x00, 0x00, 0x00, 0x00, 0x00, 0x00,
    0x1C, 0xFF, 0xB0, 0x00, 0x00, 0x00, 0x00, 0x00, 0x00, 0x00,
    0x1C, 0xFF, 0xB0, 0x00, 0x00, 0x00, 0x00, 0x00, 0x00, 0x00,
    0x1C, 0xFF, 0xB0, 0x00, 0x00, 0x00, 0x00, 0x00, 0x00, 0x00,
    0x00, 0x00, 0x00, 0x00, 0x00, 0x00, 0x00, 0x00, 0x00, 0x00,
    0x00, 0x00, 0x00, 0x00, 0x00, 0x00, 0x00, 0x00, 0x00, 0x00,
    0x00, 0x00, 0x00, 0x00, 0x00, 0x00, 0x00, 0x00, 0x00, 0x00,
    0x00, 0x00, 0x00, 0x00, 0x00, 0x00, 0x00, 0x00, 0x00, 0x00,
    0x00, 0x00, 0x00, 0x00, 0x00, 0x00, 0x00, 0x00, 0x00, 0x00,

    /* Unicode: U+0047 */
    0x00, 0x00, 0x00, 0x00, 0x00, 0x00, 0x00, 0x00, 0x00, 0x00, 0x00, 0x00, 0x00,
    0x00, 0x00, 0x00, 0x00, 0x00, 0x00, 0x00, 0x00, 0x00, 0x00, 0x00, 0x00, 0x00,
    0x00, 0x00, 0x00, 0x00, 0x00, 0x00, 0x00, 0x00, 0x00, 0x00, 0x00, 0x00, 0x00,
    0x00, 0x00, 0x00, 0x00, 0x00, 0x00, 0x00, 0x00, 0x00, 0x00, 0x00, 0x00, 0x00,
    0x00, 0x00, 0x00, 0x00, 0x00, 0x00, 0x00, 0x00, 0x00, 0x00, 0x00, 0x00, 0x00,
    0x00, 0x00, 0x00, 0x00, 0x4A, 0xAC, 0xDE, 0xF8, 0xEC, 0xBE, 0x68, 0x05, 0x00,
    0x00, 0x00, 0x11, 0xB0, 0xFF, 0xF8, 0xB7, 0x98, 0xA5, 0xE4, 0xFF, 0xD0, 0x1A,
    0x00, 0x03, 0xBC, 0xFF, 0xA4, 0x13, 0x00, 0x00, 0x00, 0x03, 0x6C, 0xCE, 0x16,
    0x00, 0x67, 0xFF, 0xA8, 0x00, 0x00, 0x00, 0x00, 0x00, 0x00, 0x00, 0x01, 0x00,
    0x00, 0xD0, 0xFB, 0x19, 0x00, 0x00, 0x00, 0x00, 0x00, 0x00, 0x00, 0x00, 0x00,
    0x06, 0xFD, 0xC7, 0x00, 0x00, 0x00, 0x00, 0x00, 0x00, 0x00, 0x00, 0x00, 0x00,
    0x1C, 0xFF, 0xAF, 0x00, 0x00, 0x00, 0x00, 0x00, 0x00, 0x00, 0x37, 0x94, 0x32,
    0x06, 0xFE, 0xC7, 0x00, 0x00, 0x00, 0x00, 0x00, 0x00, 0x00, 0x60, 0xFF, 0x58,
    0x00, 0xD0, 0xFB, 0x19, 0x00, 0x00, 0x00, 0x00, 0x00, 0x00, 0x60, 0xFF, 0x58,
    0x00, 0x67, 0xFF, 0xA8, 0x00, 0x00, 0x00, 0x00, 0x00, 0x00, 0x60, 0xFF, 0x58,
    0x00, 0x03, 0xBB, 0xFF, 0xA5, 0x13, 0x00, 0x00, 0x00, 0x02, 0x85, 0xFF, 0x58,
    0x00, 0x00, 0x10, 0xAF, 0xFF, 0xF8, 0xB6, 0x98, 0xAA, 0xDF, 0xFF, 0xE9, 0x30,
    0x00, 0x00, 0x00, 0x00, 0x4B, 0xAD, 0xE0, 0xF9, 0xED, 0xC1, 0x72, 0x10, 0x00,
    0x00, 0x00, 0x00, 0x00, 0x00, 0x00, 0x00, 0x00, 0x00, 0x00, 0x00, 0x00, 0x00,
    0x00, 0x00, 0x00, 0x00, 0x00, 0x00, 0x00, 0x00, 0x00, 0x00, 0x00, 0x00, 0x00,
    0x00, 0x00, 0x00, 0x00, 0x00, 0x00, 0x00, 0x00, 0x00, 0x00, 0x00, 0x00, 0x00,
    0x00, 0x00, 0x00, 0x00, 0x00, 0x00, 0x00, 0x00, 0x00, 0x00, 0x00, 0x00, 0x00,
    0x00, 0x00, 0x00, 0x00, 0x00, 0x00, 0x00, 0x00, 0x00, 0x00, 0x00, 0x00, 0x00,

    /* Unicode: U+0048 */
    0x00, 0x00, 0x00, 0x00, 0x00, 0x00, 0x00, 0x00, 0x00, 0x00, 0x00, 0x00,
    0x00, 0x00, 0x00, 0x00, 0x00, 0x00, 0x00, 0x00, 0x00, 0x00, 0x00, 0x00,
    0x00, 0x00, 0x00, 0x00, 0x00, 0x00, 0x00, 0x00, 0x00, 0x00, 0x00, 0x00,
    0x00, 0x00, 0x00, 0x00, 0x00, 0x00, 0x00, 0x00, 0x00, 0x00, 0x00, 0x00,
    0x00, 0x00, 0x00, 0x00, 0x00, 0x00, 0x00, 0x00, 0x00, 0x00, 0x00, 0x00,
    0x1C, 0xFF, 0xB0, 0x00, 0x00, 0x00, 0x00, 0x00, 0x00, 0x14, 0xFF, 0xB8,
    0x1C, 0xFF, 0xB0, 0x00, 0x00, 0x00, 0x00, 0x00, 0x00, 0x14, 0xFF, 0xB8,
    0x1C, 0xFF, 0xB0, 0x00, 0x00, 0x00, 0x00, 0x00, 0x00, 0x14, 0xFF, 0xB8,
    0x1C, 0xFF, 0xB0, 0x00, 0x00, 0x00, 0x00, 0x00, 0x00, 0x14, 0xFF, 0xB8,
    0x1C, 0xFF, 0xB0, 0x00, 0x00, 0x00, 0x00, 0x00, 0x00, 0x14, 0xFF, 0xB8,
    0x1C, 0xFF, 0xDD, 0x90, 0x90, 0x90, 0x90, 0x90, 0x90, 0x98, 0xFF, 0xB8,
    0x1C, 0xFF, 0xFF, 0xFF, 0xFF, 0xFF, 0xFF, 0xFF, 0xFF, 0xFF, 0xFF, 0xB8,
    0x1C, 0xFF, 0xB0, 0x00, 0x00, 0x00, 0x00, 0x00, 0x00, 0x14, 0xFF, 0xB8,
    0x1C, 0xFF, 0xB0, 0x00, 0x00, 0x00, 0x00, 0x00, 0x00, 0x14, 0xFF, 0xB8,
    0x1C, 0xFF, 0xB0, 0x00, 0x00, 0x00, 0x00, 0x00, 0x00, 0x14, 0xFF, 0xB8,
    0x1C, 0xFF, 0xB0, 0x00, 0x00, 0x00, 0x00, 0x00, 0x00, 0x14, 0xFF, 0xB8,
    0x1C, 0xFF, 0xB0, 0x00, 0x00, 0x00, 0x00, 0x00, 0x00, 0x14, 0xFF, 0xB8,
    0x1C, 0xFF, 0xB0, 0x00, 0x00, 0x00, 0x00, 0x00, 0x00, 0x14, 0xFF, 0xB8,
    0x00, 0x00, 0x00, 0x00, 0x00, 0x00, 0x00, 0x00, 0x00, 0x00, 0x00, 0x00,
    0x00, 0x00, 0x00, 0x00, 0x00, 0x00, 0x00, 0x00, 0x00, 0x00, 0x00, 0x00,
    0x00, 0x00, 0x00, 0x00, 0x00, 0x00, 0x00, 0x00, 0x00, 0x00, 0x00, 0x00,
    0x00, 0x00, 0x00, 0x00, 0x00, 0x00, 0x00, 0x00, 0x00, 0x00, 0x00, 0x00,
    0x00, 0x00, 0x00, 0x00, 0x00, 0x00, 0x00, 0x00, 0x00, 0x00, 0x00, 0x00,

    /* Unicode: U+0049 */
    0x00, 0x00, 0x00,
    0x00, 0x00, 0x00,
    0x00, 0x00, 0x00,
    0x00, 0x00, 0x00,
    0x00, 0x00, 0x00,
    0x1C, 0xFF, 0xB0,
    0x1C, 0xFF, 0xB0,
    0x1C, 0xFF, 0xB0,
    0x1C, 0xFF, 0xB0,
    0x1C, 0xFF, 0xB0,
    0x1C, 0xFF, 0xB0,
    0x1C, 0xFF, 0xB0,
    0x1C, 0xFF, 0xB0,
    0x1C, 0xFF, 0xB0,
    0x1C, 0xFF, 0xB0,
    0x1C, 0xFF, 0xB0,
    0x1C, 0xFF, 0xB0,
    0x1C, 0xFF, 0xB0,
    0x00, 0x00, 0x00,
    0x00, 0x00, 0x00,
    0x00, 0x00, 0x00,
    0x00, 0x00, 0x00,
    0x00, 0x00, 0x00,

    /* Unicode: U+004A */
    0x00, 0x00, 0x00, 0x00, 0x00, 0x00, 0x00, 0x00, 0x00,
    0x00, 0x00, 0x00, 0x00, 0x00, 0x00, 0x00, 0x00, 0x00,
    0x00, 0x00, 0x00, 0x00, 0x00, 0x00, 0x00, 0x00, 0x00,
    0x00, 0x00, 0x00, 0x00, 0x00, 0x00, 0x00, 0x00, 0x00,
    0x00, 0x00, 0x00, 0x00, 0x00, 0x00, 0x00, 0x00, 0x00,
    0x00, 0x00, 0xE4, 0xFF, 0xFF, 0xFF, 0xFF, 0xFF, 0x74,
    0x00, 0x00, 0x80, 0x90, 0x90, 0x90, 0xB4, 0xFF, 0x74,
    0x00, 0x00, 0x00, 0x00, 0x00, 0x00, 0x54, 0xFF, 0x74,
    0x00, 0x00, 0x00, 0x00, 0x00, 0x00, 0x54, 0xFF, 0x74,
    0x00, 0x00, 0x00, 0x00, 0x00, 0x00, 0x54, 0xFF, 0x74,
    0x00, 0x00, 0x00, 0x00, 0x00, 0x00, 0x54, 0xFF, 0x74,
    0x00, 0x00, 0x00, 0x00, 0x00, 0x00, 0x54, 0xFF, 0x74,
    0x00, 0x00, 0x00, 0x00, 0x00, 0x00, 0x54, 0xFF, 0x74,
    0x00, 0x00, 0x00, 0x00, 0x00, 0x00, 0x54, 0xFF, 0x73,
    0x00, 0x01, 0x00, 0x00, 0x00, 0x00, 0x69, 0xFF, 0x65,
    0x00, 0x9A, 0x66, 0x00, 0x00, 0x02, 0xBE, 0xFF, 0x34,
    0x07, 0xCD, 0xFF, 0xC4, 0x99, 0xCE, 0xFF, 0xC0, 0x00,
    0x00, 0x0B, 0x86, 0xDE, 0xFA, 0xE6, 0x96, 0x0F, 0x00,
    0x00, 0x00, 0x00, 0x00, 0x00, 0x00, 0x00, 0x00, 0x00,
    0x00, 0x00, 0x00, 0x00, 0x00, 0x00, 0x00, 0x00, 0x00,
    0x00, 0x00, 0x00, 0x00, 0x00, 0x00, 0x00, 0x00, 0x00,
    0x00, 0x00, 0x00, 0x00, 0x00, 0x00, 0x00, 0x00, 0x00,
    0x00, 0x00, 0x00, 0x00, 0x00, 0x00, 0x00, 0x00, 0x00,

    /* Unicode: U+004B */
    0x00, 0x00, 0x00, 0x00, 0x00, 0x00, 0x00, 0x00, 0x00, 0x00, 0x00, 0x00,
    0x00, 0x00, 0x00, 0x00, 0x00, 0x00, 0x00, 0x00, 0x00, 0x00, 0x00, 0x00,
    0x00, 0x00, 0x00, 0x00, 0x00, 0x00, 0x00, 0x00, 0x00, 0x00, 0x00, 0x00,
    0x00, 0x00, 0x00, 0x00, 0x00, 0x00, 0x00, 0x00, 0x00, 0x00, 0x00, 0x00,
    0x00, 0x00, 0x00, 0x00, 0x00, 0x00, 0x00, 0x00, 0x00, 0x00, 0x00, 0x00,
    0x1C, 0xFF, 0xB0, 0x00, 0x00, 0x00, 0x00, 0x00, 0x16, 0xD9, 0xF0, 0x2E,
    0x1C, 0xFF, 0xB0, 0x00, 0x00, 0x00, 0x00, 0x0F, 0xCF, 0xF7, 0x3E, 0x00,
    0x1C, 0xFF, 0xB0, 0x00, 0x00, 0x00, 0x0A, 0xC3, 0xFC, 0x51, 0x00, 0x00,
    0x1C, 0xFF, 0xB0, 0x00, 0x00, 0x05, 0xB7, 0xFF, 0x65, 0x00, 0x00, 0x00,
    0x1C, 0xFF, 0xB0, 0x00, 0x02, 0xA9, 0xFF, 0x7B, 0x00, 0x00, 0x00, 0x00,
    0x1C, 0xFF, 0xB0, 0x00, 0x9A, 0xFF, 0x94, 0x00, 0x00, 0x00, 0x00, 0x00,
    0x1C, 0xFF, 0xB0, 0x89, 0xFF, 0xFF, 0xAC, 0x01, 0x00, 0x00, 0x00, 0x00,
    0x1C, 0xFF, 0xF3, 0xFF, 0xC6, 0xCF, 0xFF, 0x7C, 0x00, 0x00, 0x00, 0x00,
    0x1C, 0xFF, 0xFF, 0xC7, 0x0E, 0x1C, 0xE5, 0xFE, 0x4C, 0x00, 0x00, 0x00,
    0x1C, 0xFF, 0xD8, 0x0E, 0x00, 0x00, 0x33, 0xF5, 0xF1, 0x27, 0x00, 0x00,
    0x1C, 0xFF, 0xB0, 0x00, 0x00, 0x00, 0x00, 0x51, 0xFE, 0xD8, 0x0F, 0x00,
    0x1C, 0xFF, 0xB0, 0x00, 0x00, 0x00, 0x00, 0x00, 0x76, 0xFF, 0xB3, 0x02,
    0x1C, 0xFF, 0xB0, 0x00, 0x00, 0x00, 0x00, 0x00, 0x00, 0x9C, 0xFF, 0x84,
    0x00, 0x00, 0x00, 0x00, 0x00, 0x00, 0x00, 0x00, 0x00, 0x00, 0x00, 0x00,
    0x00, 0x00, 0x00, 0x00, 0x00, 0x00, 0x00, 0x00, 0x00, 0x00, 0x00, 0x00,
    0x00, 0x00, 0x00, 0x00, 0x00, 0x00, 0x00, 0x00, 0x00, 0x00, 0x00, 0x00,
    0x00, 0x00, 0x00, 0x00, 0x00, 0x00, 0x00, 0x00, 0x00, 0x00, 0x00, 0x00,
    0x00, 0x00, 0x00, 0x00, 0x00, 0x00, 0x00, 0x00, 0x00, 0x00, 0x00, 0x00,

    /* Unicode: U+004C */
    0x00, 0x00, 0x00, 0x00, 0x00, 0x00, 0x00, 0x00, 0x00, 0x00,
    0x00, 0x00, 0x00, 0x00, 0x00, 0x00, 0x00, 0x00, 0x00, 0x00,
    0x00, 0x00, 0x00, 0x00, 0x00, 0x00, 0x00, 0x00, 0x00, 0x00,
    0x00, 0x00, 0x00, 0x00, 0x00, 0x00, 0x00, 0x00, 0x00, 0x00,
    0x00, 0x00, 0x00, 0x00, 0x00, 0x00, 0x00, 0x00, 0x00, 0x00,
    0x1C, 0xFF, 0xB0, 0x00, 0x00, 0x00, 0x00, 0x00, 0x00, 0x00,
    0x1C, 0xFF, 0xB0, 0x00, 0x00, 0x00, 0x00, 0x00, 0x00, 0x00,
    0x1C, 0xFF, 0xB0, 0x00, 0x00, 0x00, 0x00, 0x00, 0x00, 0x00,
    0x1C, 0xFF, 0xB0, 0x00, 0x00, 0x00, 0x00, 0x00, 0x00, 0x00,
    0x1C, 0xFF, 0xB0, 0x00, 0x00, 0x00, 0x00, 0x00, 0x00, 0x00,
    0x1C, 0xFF, 0xB0, 0x00, 0x00, 0x00, 0x00, 0x00, 0x00, 0x00,
    0x1C, 0xFF, 0xB0, 0x00, 0x00, 0x00, 0x00, 0x00, 0x00, 0x00,
    0x1C, 0xFF, 0xB0, 0x00, 0x00, 0x00, 0x00, 0x00, 0x00, 0x00,
    0x1C, 0xFF, 0xB0, 0x00, 0x00, 0x00, 0x00, 0x00, 0x00, 0x00,
    0x1C, 0xFF, 0xB0, 0x00, 0x00, 0x00, 0x00, 0x00, 0x00, 0x00,
    0x1C, 0xFF, 0xB0, 0x00, 0x00, 0x00, 0x00, 0x00, 0x00, 0x00,
    0x1C, 0xFF, 0xE0, 0x9C, 0x9C, 0x9C, 0x9C, 0x9C, 0x9C, 0x50,
    0x1C, 0xFF, 0xFF, 0xFF, 0xFF, 0xFF, 0xFF, 0xFF, 0xFF, 0x84,
    0x00, 0x00, 0x00, 0x00, 0x00, 0x00, 0x00, 0x00, 0x00, 0x00,
    0x00, 0x00, 0x00, 0x00, 0x00, 0x00, 0x00, 0x00, 0x00, 0x00,
    0x00, 0x00, 0x00, 0x00, 0x00, 0x00, 0x00, 0x00, 0x00, 0x00,
    0x00, 0x00, 0x00, 0x00, 0x00, 0x00, 0x00, 0x00, 0x00, 0x00,
    0x00, 0x00, 0x00, 0x00, 0x00, 0x00, 0x00, 0x00, 0x00, 0x00,

    /* Unicode: U+004D */
    0x00, 0x00, 0x00, 0x00, 0x00, 0x00, 0x00, 0x00, 0x00, 0x00, 0x00, 0x00, 0x00, 0x00, 0x00,
    0x00, 0x00, 0x00, 0x00, 0x00, 0x00, 0x00, 0x00, 0x00, 0x00, 0x00, 0x00, 0x00, 0x00, 0x00,
    0x00, 0x00, 0x00, 0x00, 0x00, 0x00, 0x00, 0x00, 0x00, 0x00, 0x00, 0x00, 0x00, 0x00, 0x00,
    0x00, 0x00, 0x00, 0x00, 0x00, 0x00, 0x00, 0x00, 0x00, 0x00, 0x00, 0x00, 0x00, 0x00, 0x00,
    0x00, 0x00, 0x00, 0x00, 0x00, 0x00, 0x00, 0x00, 0x00, 0x00, 0x00, 0x00, 0x00, 0x00, 0x00,
    0x1C, 0xFF, 0xA5, 0x00, 0x00, 0x00, 0x00, 0x00, 0x00, 0x00, 0x00, 0x00, 0x79, 0xFF, 0x47,
    0x1C, 0xFF, 0xFF, 0x39, 0x00, 0x00, 0x00, 0x00, 0x00, 0x00, 0x00, 0x17, 0xF2, 0xFF, 0x48,
    0x1C, 0xFF, 0xFF, 0xCA, 0x01, 0x00, 0x00, 0x00, 0x00, 0x00, 0x00, 0x9B, 0xFF, 0xFF, 0x48,
    0x1C, 0xFF, 0xF7, 0xFF, 0x5F, 0x00, 0x00, 0x00, 0x00, 0x00, 0x2F, 0xFD, 0xF3, 0xFF, 0x48,
    0x1C, 0xFF, 0xA6, 0xDB, 0xE6, 0x0C, 0x00, 0x00, 0x00, 0x00, 0xBD, 0xEF, 0x88, 0xFF, 0x49,
    0x1C, 0xFF, 0xA0, 0x4C, 0xFF, 0x86, 0x00, 0x00, 0x00, 0x4F, 0xFF, 0x70, 0x72, 0xFF, 0x49,
    0x1C, 0xFF, 0xA0, 0x00, 0xB6, 0xF8, 0x21, 0x00, 0x05, 0xDA, 0xD6, 0x04, 0x72, 0xFF, 0x49,
    0x1C, 0xFF, 0xA0, 0x00, 0x26, 0xF9, 0xAD, 0x00, 0x72, 0xFF, 0x47, 0x00, 0x71, 0xFF, 0x4A,
    0x1C, 0xFF, 0xA0, 0x00, 0x00, 0x8A, 0xFF, 0x55, 0xEF, 0xB2, 0x00, 0x00, 0x70, 0xFF, 0x4A,
    0x1C, 0xFF, 0xA0, 0x00, 0x00, 0x0D, 0xE7, 0xFD, 0xF9, 0x24, 0x00, 0x00, 0x6F, 0xFF, 0x4A,
    0x1C, 0xFF, 0xA0, 0x00, 0x00, 0x00, 0x5F, 0xFF, 0x88, 0x00, 0x00, 0x00, 0x6E, 0xFF, 0x4B,
    0x1C, 0xFF, 0xA0, 0x00, 0x00, 0x00, 0x01, 0x65, 0x0D, 0x00, 0x00, 0x00, 0x6D, 0xFF, 0x4B,
    0x1C, 0xFF, 0xA0, 0x00, 0x00, 0x00, 0x00, 0x00, 0x00, 0x00, 0x00, 0x00, 0x6C, 0xFF, 0x4B,
    0x00, 0x00, 0x00, 0x00, 0x00, 0x00, 0x00, 0x00, 0x00, 0x00, 0x00, 0x00, 0x00, 0x00, 0x00,
    0x00, 0x00, 0x00, 0x00, 0x00, 0x00, 0x00, 0x00, 0x00, 0x00, 0x00, 0x00, 0x00, 0x00, 0x00,
    0x00, 0x00, 0x00, 0x00, 0x00, 0x00, 0x00, 0x00, 0x00, 0x00, 0x00, 0x00, 0x00, 0x00, 0x00,
    0x00, 0x00, 0x00, 0x00, 0x00, 0x00, 0x00, 0x00, 0x00, 0x00, 0x00, 0x00, 0x00, 0x00, 0x00,
    0x00, 0x00, 0x00, 0x00, 0x00, 0x00, 0x00, 0x00, 0x00, 0x00, 0x00, 0x00, 0x00, 0x00, 0x00,

    /* Unicode: U+004E */
    0x00, 0x00, 0x00, 0x00, 0x00, 0x00, 0x00, 0x00, 0x00, 0x00, 0x00, 0x00,
    0x00, 0x00, 0x00, 0x00, 0x00, 0x00, 0x00, 0x00, 0x00, 0x00, 0x00, 0x00,
    0x00, 0x00, 0x00, 0x00, 0x00, 0x00, 0x00, 0x00, 0x00, 0x00, 0x00, 0x00,
    0x00, 0x00, 0x00, 0x00, 0x00, 0x00, 0x00, 0x00, 0x00, 0x00, 0x00, 0x00,
    0x00, 0x00, 0x00, 0x00, 0x00, 0x00, 0x00, 0x00, 0x00, 0x00, 0x00, 0x00,
    0x1C, 0xFF, 0xBB, 0x02, 0x00, 0x00, 0x00, 0x00, 0x00, 0x14, 0xFF, 0xB8,
    0x1C, 0xFF, 0xFF, 0x85, 0x00, 0x00, 0x00, 0x00, 0x00, 0x14, 0xFF, 0xB8,
    0x1C, 0xFF, 0xFF, 0xFE, 0x4E, 0x00, 0x00, 0x00, 0x00, 0x14, 0xFF, 0xB8,
    0x1C, 0xFF, 0xE0, 0xFC, 0xEF, 0x23, 0x00, 0x00, 0x00, 0x14, 0xFF, 0xB8,
    0x1C, 0xFF, 0xB0, 0x74, 0xFF, 0xD0, 0x09, 0x00, 0x00, 0x14, 0xFF, 0xB8,
    0x1C, 0xFF, 0xB0, 0x00, 0xA9, 0xFF, 0xA1, 0x00, 0x00, 0x14, 0xFF, 0xB8,
    0x1C, 0xFF, 0xB0, 0x00, 0x0B, 0xD4, 0xFF, 0x68, 0x00, 0x14, 0xFF, 0xB8,
    0x1C, 0xFF, 0xB0, 0x00, 0x00, 0x25, 0xF0, 0xF9, 0x36, 0x14, 0xFF, 0xB8,
    0x1C, 0xFF, 0xB0, 0x00, 0x00, 0x00, 0x4D, 0xFE, 0xE1, 0x27, 0xFF, 0xB8,
    0x1C, 0xFF, 0xB0, 0x00, 0x00, 0x00, 0x00, 0x83, 0xFF, 0xCA, 0xFF, 0xB8,
    0x1C, 0xFF, 0xB0, 0x00, 0x00, 0x00, 0x00, 0x02, 0xB6, 0xFF, 0xFF, 0xB8,
    0x1C, 0xFF, 0xB0, 0x00, 0x00, 0x00, 0x00, 0x00, 0x11, 0xDD, 0xFF, 0xB8,
    0x1C, 0xFF, 0xB0, 0x00, 0x00, 0x00, 0x00, 0x00, 0x00, 0x2F, 0xF5, 0xB8,
    0x00, 0x00, 0x00, 0x00, 0x00, 0x00, 0x00, 0x00, 0x00, 0x00, 0x00, 0x00,
    0x00, 0x00, 0x00, 0x00, 0x00, 0x00, 0x00, 0x00, 0x00, 0x00, 0x00, 0x00,
    0x00, 0x00, 0x00, 0x00, 0x00, 0x00, 0x00, 0x00, 0x00, 0x00, 0x00, 0x00,
    0x00, 0x00, 0x00, 0x00, 0x00, 0x00, 0x00, 0x00, 0x00, 0x00, 0x00, 0x00,
    0x00, 0x00, 0x00, 0x00, 0x00, 0x00, 0x00, 0x00, 0x00, 0x00, 0x00, 0x00,

    /* Unicode: U+004F */
    0x00, 0x00, 0x00, 0x00, 0x00, 0x00, 0x00, 0x00, 0x00, 0x00, 0x00, 0x00, 0x00, 0x00, 0x00,
    0x00, 0x00, 0x00, 0x00, 0x00, 0x00, 0x00, 0x00, 0x00, 0x00, 0x00, 0x00, 0x00, 0x00, 0x00,
    0x00, 0x00, 0x00, 0x00, 0x00, 0x00, 0x00, 0x00, 0x00, 0x00, 0x00, 0x00, 0x00, 0x00, 0x00,
    0x00, 0x00, 0x00, 0x00, 0x00, 0x00, 0x00, 0x00, 0x00, 0x00, 0x00, 0x00, 0x00, 0x00, 0x00,
    0x00, 0x00, 0x00, 0x00, 0x00, 0x00, 0x00, 0x00, 0x00, 0x00, 0x00, 0x00, 0x00, 0x00, 0x00,
    0x00, 0x00, 0x00, 0x00, 0x4A, 0xAD, 0xDF, 0xF8, 0xE4, 0xB8, 0x59, 0x04, 0x00, 0x00, 0x00,
    0x00, 0x00, 0x0F, 0xAE, 0xFF, 0xF6, 0xB3, 0x98, 0xAD, 0xEF, 0xFF, 0xC5, 0x1C, 0x00, 0x00,
    0x00, 0x02, 0xB8, 0xFF, 0xA2, 0x10, 0x00, 0x00, 0x00, 0x09, 0x8B, 0xFF, 0xD3, 0x0A, 0x00,
    0x00, 0x63, 0xFF, 0xA9, 0x00, 0x00, 0x00, 0x00, 0x00, 0x00, 0x00, 0x8D, 0xFF, 0x85, 0x00,
    0x00, 0xCE, 0xFB, 0x1A, 0x00, 0x00, 0x00, 0x00, 0x00, 0x00, 0x00, 0x0A, 0xF0, 0xE9, 0x03,
    0x06, 0xFD, 0xC7, 0x00, 0x00, 0x00, 0x00, 0x00, 0x00, 0x00, 0x00, 0x00, 0xAC, 0xFF, 0x20,
    0x1C, 0xFF, 0xAF, 0x00, 0x00, 0x00, 0x00, 0x00, 0x00, 0x00, 0x00, 0x00, 0x94, 0xFF, 0x38,
    0x06, 0xFD, 0xC7, 0x00, 0x00, 0x00, 0x00, 0x00, 0x00, 0x00, 0x00, 0x00, 0xAC, 0xFF, 0x20,
    0x00, 0xCE, 0xFB, 0x19, 0x00, 0x00, 0x00, 0x00, 0x00, 0x00, 0x00, 0x09, 0xEF, 0xEA, 0x03,
    0x00, 0x65, 0xFF, 0xA6, 0x00, 0x00, 0x00, 0x00, 0x00, 0x00, 0x00, 0x8B, 0xFF, 0x86, 0x00,
    0x00, 0x02, 0xBA, 0xFF, 0xA1, 0x10, 0x00, 0x00, 0x00, 0x09, 0x8A, 0xFF, 0xD4, 0x0B, 0x00,
    0x00, 0x00, 0x10, 0xAF, 0xFF, 0xF6, 0xB3, 0x97, 0xAD, 0xEF, 0xFF, 0xC6, 0x1D, 0x00, 0x00,
    0x00, 0x00, 0x00, 0x00, 0x4B, 0xAD, 0xE0, 0xF8, 0xE5, 0xB9, 0x5A, 0x04, 0x00, 0x00, 0x00,
    0x00, 0x00, 0x00, 0x00, 0x00, 0x00, 0x00, 0x00, 0x00, 0x00, 0x00, 0x00, 0x00, 0x00, 0x00,
    0x00, 0x00, 0x00, 0x00, 0x00, 0x00, 0x00, 0x00, 0x00, 0x00, 0x00, 0x00, 0x00, 0x00, 0x00,
    0x00, 0x00, 0x00, 0x00, 0x00, 0x00, 0x00, 0x00, 0x00, 0x00, 0x00, 0x00, 0x00, 0x00, 0x00,
    0x00, 0x00, 0x00, 0x00, 0x00, 0x00, 0x00, 0x00, 0x00, 0x00, 0x00, 0x00, 0x00, 0x00, 0x00,
    0x00, 0x00, 0x00, 0x00, 0x00, 0x00, 0x00, 0x00, 0x00, 0x00, 0x00, 0x00, 0x00, 0x00, 0x00,

    /* Unicode: U+0050 */
    0x00, 0x00, 0x00, 0x00, 0x00, 0x00, 0x00, 0x00, 0x00, 0x00, 0x00, 0x00,
    0x00, 0x00, 0x00, 0x00, 0x00, 0x00, 0x00, 0x00, 0x00, 0x00, 0x00, 0x00,
    0x00, 0x00, 0x00, 0x00, 0x00, 0x00, 0x00, 0x00, 0x00, 0x00, 0x00, 0x00,
    0x00, 0x00, 0x00, 0x00, 0x00, 0x00, 0x00, 0x00, 0x00, 0x00, 0x00, 0x00,
    0x00, 0x00, 0x00, 0x00, 0x00, 0x00, 0x00, 0x00, 0x00, 0x00, 0x00, 0x00,
    0x1C, 0xFF, 0xFF, 0xFF, 0xFF, 0xFF, 0xF3, 0xCD, 0x7A, 0x0B, 0x00, 0x00,
    0x1C, 0xFF, 0xDD, 0x90, 0x90, 0x91, 0xA9, 0xE0, 0xFF, 0xD6, 0x15, 0x00,
    0x1C, 0xFF, 0xB0, 0x00, 0x00, 0x00, 0x00, 0x05, 0x8F, 0xFF, 0x9E, 0x00,
    0x1C, 0xFF, 0xB0, 0x00, 0x00, 0x00, 0x00, 0x00, 0x03, 0xEB, 0xF1, 0x00,
    0x1C, 0xFF, 0xB0, 0x00, 0x00, 0x00, 0x00, 0x00, 0x00, 0xC8, 0xFF, 0x0A,
    0x1C, 0xFF, 0xB0, 0x00, 0x00, 0x00, 0x00, 0x00, 0x03, 0xEB, 0xF1, 0x00,
    0x1C, 0xFF, 0xB0, 0x00, 0x00, 0x00, 0x00, 0x04, 0x8C, 0xFF, 0x9F, 0x00,
    0x1C, 0xFF, 0xDD, 0x90, 0x90, 0x90, 0xA7, 0xDE, 0xFF, 0xD8, 0x16, 0x00,
    0x1C, 0xFF, 0xFF, 0xFF, 0xFF, 0xFF, 0xF4, 0xCF, 0x7D, 0x0C, 0x00, 0x00,
    0x1C, 0xFF, 0xB0, 0x00, 0x00, 0x00, 0x00, 0x00, 0x00, 0x00, 0x00, 0x00,
    0x1C, 0xFF, 0xB0, 0x00, 0x00, 0x00, 0x00, 0x00, 0x00, 0x00, 0x00, 0x00,
    0x1C, 0xFF, 0xB0, 0x00, 0x00, 0x00, 0x00, 0x00, 0x00, 0x00, 0x00, 0x00,
    0x1C, 0xFF, 0xB0, 0x00, 0x00, 0x00, 0x00, 0x00, 0x00, 0x00, 0x00, 0x00,
    0x00, 0x00, 0x00, 0x00, 0x00, 0x00, 0x00, 0x00, 0x00, 0x00, 0x00, 0x00,
    0x00, 0x00, 0x00, 0x00, 0x00, 0x00, 0x00, 0x00, 0x00, 0x00, 0x00, 0x00,
    0x00, 0x00, 0x00, 0x00, 0x00, 0x00, 0x00, 0x00, 0x00, 0x00, 0x00, 0x00,
    0x00, 0x00, 0x00, 0x00, 0x00, 0x00, 0x00, 0x00, 0x00, 0x00, 0x00, 0x00,
    0x00, 0x00, 0x00, 0x00, 0x00, 0x00, 0x00, 0x00, 0x00, 0x00, 0x00, 0x00,

    /* Unicode: U+0051 */
    0x00, 0x00, 0x00, 0x00, 0x00, 0x00, 0x00, 0x00, 0x00, 0x00, 0x00, 0x00, 0x00, 0x00, 0x00,
    0x00, 0x00, 0x00, 0x00, 0x00, 0x00, 0x00, 0x00, 0x00, 0x00, 0x00, 0x00, 0x00, 0x00, 0x00,
    0x00, 0x00, 0x00, 0x00, 0x00, 0x00, 0x00, 0x00, 0x00, 0x00, 0x00, 0x00, 0x00, 0x00, 0x00,
    0x00, 0x00, 0x00, 0x00, 0x00, 0x00, 0x00, 0x00, 0x00, 0x00, 0x00, 0x00, 0x00, 0x00, 0x00,
    0x00, 0x00, 0x00, 0x00, 0x00, 0x00, 0x00, 0x00, 0x00, 0x00, 0x00, 0x00, 0x00, 0x00, 0x00,
    0x00, 0x00, 0x00, 0x00, 0x47, 0xAB, 0xDF, 0xF8, 0xE3, 0xB7, 0x56, 0x03, 0x00, 0x00, 0x00,
    0x00, 0x00, 0x0E, 0xAA, 0xFF, 0xF6, 0xB3, 0x98, 0xAD, 0xEF, 0xFF, 0xC1, 0x1A, 0x00, 0x00,
    0x00, 0x01, 0xB6, 0xFF, 0xA2, 0x10, 0x00, 0x00, 0x00, 0x0A, 0x8B, 0xFF, 0xD0, 0x09, 0x00,
    0x00, 0x61, 0xFF, 0xA9, 0x00, 0x00, 0x00, 0x00, 0x00, 0x00, 0x00, 0x8D, 0xFF, 0x81, 0x00,
    0x00, 0xCB, 0xFB, 0x1A, 0x00, 0x00, 0x00, 0x00, 0x00, 0x00, 0x00, 0x0A, 0xF0, 0xE6, 0x03,
    0x05, 0xFD, 0xC7, 0x00, 0x00, 0x00, 0x00, 0x00, 0x00, 0x00, 0x00, 0x00, 0xAC, 0xFF, 0x1E,
    0x1C, 0xFF, 0xAF, 0x00, 0x00, 0x00, 0x00, 0x00, 0x00, 0x00, 0x00, 0x00, 0x94, 0xFF, 0x38,
    0x08, 0xFF, 0xC7, 0x00, 0x00, 0x00, 0x00, 0x00, 0x00, 0x00, 0x00, 0x00, 0xAC, 0xFF, 0x26,
    0x00, 0xD6, 0xFB, 0x19, 0x00, 0x00, 0x00, 0x00, 0x00, 0x00, 0x00, 0x09, 0xEF, 0xEC, 0x04,
    0x00, 0x74, 0xFF, 0xA6, 0x00, 0x00, 0x00, 0x00, 0x00, 0x00, 0x00, 0x8B, 0xFF, 0x8F, 0x00,
    0x00, 0x06, 0xCC, 0xFF, 0xA1, 0x10, 0x00, 0x00, 0x00, 0x09, 0x8A, 0xFF, 0xE3, 0x10, 0x00,
    0x00, 0x00, 0x1A, 0xC8, 0xFF, 0xF6, 0xB3, 0x97, 0xAD, 0xEF, 0xFF, 0xDC, 0x25, 0x00, 0x00,
    0x00, 0x00, 0x00, 0x06, 0x64, 0xC4, 0xEC, 0xFF, 0xFF, 0xD9, 0x76, 0x09, 0x00, 0x00, 0x00,
    0x00, 0x00, 0x00, 0x00, 0x00, 0x00, 0x00, 0x61, 0xFD, 0xDE, 0x4D, 0x0F, 0x25, 0x98, 0x61,
    0x00, 0x00, 0x00, 0x00, 0x00, 0x00, 0x00, 0x00, 0x4A, 0xEA, 0xFF, 0xFF, 0xFF, 0xFB, 0x6E,
    0x00, 0x00, 0x00, 0x00, 0x00, 0x00, 0x00, 0x00, 0x00, 0x0C, 0x5E, 0x87, 0x76, 0x24, 0x00,
    0x00, 0x00, 0x00, 0x00, 0x00, 0x00, 0x00, 0x00, 0x00, 0x00, 0x00, 0x00, 0x00, 0x00, 0x00,
    0x00, 0x00, 0x00, 0x00, 0x00, 0x00, 0x00, 0x00, 0x00, 0x00, 0x00, 0x00, 0x00, 0x00, 0x00,

    /* Unicode: U+0052 */
    0x00, 0x00, 0x00, 0x00, 0x00, 0x00, 0x00, 0x00, 0x00, 0x00, 0x00, 0x00,
    0x00, 0x00, 0x00, 0x00, 0x00, 0x00, 0x00, 0x00, 0x00, 0x00, 0x00, 0x00,
    0x00, 0x00, 0x00, 0x00, 0x00, 0x00, 0x00, 0x00, 0x00, 0x00, 0x00, 0x00,
    0x00, 0x00, 0x00, 0x00, 0x00, 0x00, 0x00, 0x00, 0x00, 0x00, 0x00, 0x00,
    0x00, 0x00, 0x00, 0x00, 0x00, 0x00, 0x00, 0x00, 0x00, 0x00, 0x00, 0x00,
    0x1C, 0xFF, 0xFF, 0xFF, 0xFF, 0xFF, 0xF3, 0xCD, 0x7A, 0x0B, 0x00, 0x00,
    0x1C, 0xFF, 0xDD, 0x90, 0x90, 0x91, 0xA9, 0xE0, 0xFF, 0xD5, 0x14, 0x00,
    0x1C, 0xFF, 0xB0, 0x00, 0x00, 0x00, 0x00, 0x05, 0x8F, 0xFF, 0x9D, 0x00,
    0x1C, 0xFF, 0xB0, 0x00, 0x00, 0x00, 0x00, 0x00, 0x03, 0xEA, 0xF0, 0x00,
    0x1C, 0xFF, 0xB0, 0x00, 0x00, 0x00, 0x00, 0x00, 0x00, 0xC7, 0xFF, 0x09,
    0x1C, 0xFF, 0xB0, 0x00, 0x00, 0x00, 0x00, 0x00, 0x03, 0xEB, 0xEE, 0x00,
    0x1C, 0xFF, 0xB0, 0x00, 0x00, 0x00, 0x00, 0x04, 0x8F, 0xFF, 0x9A, 0x00,
    0x1C, 0xFF, 0xDD, 0x90, 0x90, 0x91, 0xA8, 0xDF, 0xFF, 0xD6, 0x15, 0x00,
    0x1C, 0xFF, 0xFF, 0xFF, 0xFF, 0xFF, 0xFB, 0xFF, 0xA0, 0x0B, 0x00, 0x00,
    0x1C, 0xFF, 0xB0, 0x00, 0x00, 0x00, 0x1A, 0xEF, 0xDA, 0x0A, 0x00, 0x00,
    0x1C, 0xFF, 0xB0, 0x00, 0x00, 0x00, 0x00, 0x5E, 0xFF, 0x94, 0x00, 0x00,
    0x1C, 0xFF, 0xB0, 0x00, 0x00, 0x00, 0x00, 0x00, 0xB1, 0xFE, 0x43, 0x00,
    0x1C, 0xFF, 0xB0, 0x00, 0x00, 0x00, 0x00, 0x00, 0x18, 0xED, 0xE1, 0x0E,
    0x00, 0x00, 0x00, 0x00, 0x00, 0x00, 0x00, 0x00, 0x00, 0x00, 0x00, 0x00,
    0x00, 0x00, 0x00, 0x00, 0x00, 0x00, 0x00, 0x00, 0x00, 0x00, 0x00, 0x00,
    0x00, 0x00, 0x00, 0x00, 0x00, 0x00, 0x00, 0x00, 0x00, 0x00, 0x00, 0x00,
    0x00, 0x00, 0x00, 0x00, 0x00, 0x00, 0x00, 0x00, 0x00, 0x00, 0x00, 0x00,
    0x00, 0x00, 0x00, 0x00, 0x00, 0x00, 0x00, 0x00, 0x00, 0x00, 0x00, 0x00,

    /* Unicode: U+0053 */
    0x00, 0x00, 0x00, 0x00, 0x00, 0x00, 0x00, 0x00, 0x00, 0x00, 0x00,
    0x00, 0x00, 0x00, 0x00, 0x00, 0x00, 0x00, 0x00, 0x00, 0x00, 0x00,
    0x00, 0x00, 0x00, 0x00, 0x00, 0x00, 0x00, 0x00, 0x00, 0x00, 0x00,
    0x00, 0x00, 0x00, 0x00, 0x00, 0x00, 0x00, 0x00, 0x00, 0x00, 0x00,
    0x00, 0x00, 0x00, 0x00, 0x00, 0x00, 0x00, 0x00, 0x00, 0x00, 0x00,
    0x00, 0x00, 0x1F, 0x97, 0xDD, 0xF7, 0xF4, 0xD1, 0x8B, 0x1F, 0x00,
    0x00, 0x31, 0xF2, 0xFE, 0xC1, 0x9A, 0x9F, 0xD6, 0xFF, 0xC3, 0x00,
    0x00, 0xBA, 0xFE, 0x47, 0x00, 0x00, 0x00, 0x00, 0x3E, 0x4C, 0x00,
    0x00, 0xEA, 0xDE, 0x00, 0x00, 0x00, 0x00, 0x00, 0x00, 0x00, 0x00,
    0x00, 0xD1, 0xFA, 0x3B, 0x00, 0x00, 0x00, 0x00, 0x00, 0x00, 0x00,
    0x00, 0x55, 0xFD, 0xFD, 0xAD, 0x62, 0x20, 0x00, 0x00, 0x00, 0x00,
    0x00, 0x00, 0x3F, 0xBA, 0xFC, 0xFF, 0xFF, 0xD7, 0x75, 0x07, 0x00,
    0x00, 0x00, 0x00, 0x00, 0x10, 0x52, 0x95, 0xEA, 0xFF, 0xBD, 0x02,
    0x00, 0x00, 0x00, 0x00, 0x00, 0x00, 0x00, 0x0F, 0xBA, 0xFF, 0x48,
    0x00, 0x00, 0x00, 0x00, 0x00, 0x00, 0x00, 0x00, 0x62, 0xFF, 0x66,
    0x01, 0xB4, 0x4C, 0x01, 0x00, 0x00, 0x00, 0x06, 0xBB, 0xFF, 0x35,
    0x17, 0xE1, 0xFF, 0xE3, 0xA9, 0x95, 0xA7, 0xE8, 0xFF, 0x9F, 0x00,
    0x00, 0x0B, 0x6C, 0xBB, 0xEA, 0xFB, 0xED, 0xBF, 0x60, 0x01, 0x00,
    0x00, 0x00, 0x00, 0x00, 0x00, 0x00, 0x00, 0x00, 0x00, 0x00, 0x00,
    0x00, 0x00, 0x00, 0x00, 0x00, 0x00, 0x00, 0x00, 0x00, 0x00, 0x00,
    0x00, 0x00, 0x00, 0x00, 0x00, 0x00, 0x00, 0x00, 0x00, 0x00, 0x00,
    0x00, 0x00, 0x00, 0x00, 0x00, 0x00, 0x00, 0x00, 0x00, 0x00, 0x00,
    0x00, 0x00, 0x00, 0x00, 0x00, 0x00, 0x00, 0x00, 0x00, 0x00, 0x00,

    /* Unicode: U+0054 */
    0x00, 0x00, 0x00, 0x00, 0x00, 0x00, 0x00, 0x00, 0x00, 0x00, 0x00,
    0x00, 0x00, 0x00, 0x00, 0x00, 0x00, 0x00, 0x00, 0x00, 0x00, 0x00,
    0x00, 0x00, 0x00, 0x00, 0x00, 0x00, 0x00, 0x00, 0x00, 0x00, 0x00,
    0x00, 0x00, 0x00, 0x00, 0x00, 0x00, 0x00, 0x00, 0x00, 0x00, 0x00,
    0x00, 0x00, 0x00, 0x00, 0x00, 0x00, 0x00, 0x00, 0x00, 0x00, 0x00,
    0xEC, 0xFF, 0xFF, 0xFF, 0xFF, 0xFF, 0xFF, 0xFF, 0xFF, 0xFF, 0x80,
    0x84, 0x90, 0x90, 0x90, 0xD4, 0xFF, 0xA3, 0x90, 0x90, 0x90, 0x48,
    0x00, 0x00, 0x00, 0x00, 0x9C, 0xFF, 0x2C, 0x00, 0x00, 0x00, 0x00,
    0x00, 0x00, 0x00, 0x00, 0x9C, 0xFF, 0x2C, 0x00, 0x00, 0x00, 0x00,
    0x00, 0x00, 0x00, 0x00, 0x9C, 0xFF, 0x2C, 0x00, 0x00, 0x00, 0x00,
    0x00, 0x00, 0x00, 0x00, 0x9C, 0xFF, 0x2C, 0x00, 0x00, 0x00, 0x00,
    0x00, 0x00, 0x00, 0x00, 0x9C, 0xFF, 0x2C, 0x00, 0x00, 0x00, 0x00,
    0x00, 0x00, 0x00, 0x00, 0x9C, 0xFF, 0x2C, 0x00, 0x00, 0x00, 0x00,
    0x00, 0x00, 0x00, 0x00, 0x9C, 0xFF, 0x2C, 0x00, 0x00, 0x00, 0x00,
    0x00, 0x00, 0x00, 0x00, 0x9C, 0xFF, 0x2C, 0x00, 0x00, 0x00, 0x00,
    0x00, 0x00, 0x00, 0x00, 0x9C, 0xFF, 0x2C, 0x00, 0x00, 0x00, 0x00,
    0x00, 0x00, 0x00, 0x00, 0x9C, 0xFF, 0x2C, 0x00, 0x00, 0x00, 0x00,
    0x00, 0x00, 0x00, 0x00, 0x9C, 0xFF, 0x2C, 0x00, 0x00, 0x00, 0x00,
    0x00, 0x00, 0x00, 0x00, 0x00, 0x00, 0x00, 0x00, 0x00, 0x00, 0x00,
    0x00, 0x00, 0x00, 0x00, 0x00, 0x00, 0x00, 0x00, 0x00, 0x00, 0x00,
    0x00, 0x00, 0x00, 0x00, 0x00, 0x00, 0x00, 0x00, 0x00, 0x00, 0x00,
    0x00, 0x00, 0x00, 0x00, 0x00, 0x00, 0x00, 0x00, 0x00, 0x00, 0x00,
    0x00, 0x00, 0x00, 0x00, 0x00, 0x00, 0x00, 0x00, 0x00, 0x00, 0x00,

    /* Unicode: U+0055 */
    0x00, 0x00, 0x00, 0x00, 0x00, 0x00, 0x00, 0x00, 0x00, 0x00, 0x00, 0x00,
    0x00, 0x00, 0x00, 0x00, 0x00, 0x00, 0x00, 0x00, 0x00, 0x00, 0x00, 0x00,
    0x00, 0x00, 0x00, 0x00, 0x00, 0x00, 0x00, 0x00, 0x00, 0x00, 0x00, 0x00,
    0x00, 0x00, 0x00, 0x00, 0x00, 0x00, 0x00, 0x00, 0x00, 0x00, 0x00, 0x00,
    0x00, 0x00, 0x00, 0x00, 0x00, 0x00, 0x00, 0x00, 0x00, 0x00, 0x00, 0x00,
    0x38, 0xFF, 0x94, 0x00, 0x00, 0x00, 0x00, 0x00, 0x00, 0x50, 0xFF, 0x70,
    0x38, 0xFF, 0x94, 0x00, 0x00, 0x00, 0x00, 0x00, 0x00, 0x50, 0xFF, 0x70,
    0x38, 0xFF, 0x94, 0x00, 0x00, 0x00, 0x00, 0x00, 0x00, 0x50, 0xFF, 0x70,
    0x38, 0xFF, 0x94, 0x00, 0x00, 0x00, 0x00, 0x00, 0x00, 0x50, 0xFF, 0x70,
    0x38, 0xFF, 0x94, 0x00, 0x00, 0x00, 0x00, 0x00, 0x00, 0x50, 0xFF, 0x70,
    0x38, 0xFF, 0x94, 0x00, 0x00, 0x00, 0x00, 0x00, 0x00, 0x50, 0xFF, 0x70,
    0x38, 0xFF, 0x94, 0x00, 0x00, 0x00, 0x00, 0x00, 0x00, 0x50, 0xFF, 0x70,
    0x34, 0xFF, 0x97, 0x00, 0x00, 0x00, 0x00, 0x00, 0x00, 0x53, 0xFF, 0x6B,
    0x20, 0xFF, 0xAE, 0x00, 0x00, 0x00, 0x00, 0x00, 0x00, 0x6C, 0xFF, 0x57,
    0x00, 0xE9, 0xEC, 0x08, 0x00, 0x00, 0x00, 0x00, 0x00, 0xB3, 0xFF, 0x23,
    0x00, 0x84, 0xFF, 0x99, 0x03, 0x00, 0x00, 0x00, 0x5F, 0xFF, 0xBC, 0x00,
    0x00, 0x07, 0xC2, 0xFF, 0xDD, 0x9D, 0x97, 0xCA, 0xFF, 0xE3, 0x21, 0x00,
    0x00, 0x00, 0x06, 0x72, 0xCC, 0xF4, 0xF8, 0xD9, 0x8C, 0x15, 0x00, 0x00,
    0x00, 0x00, 0x00, 0x00, 0x00, 0x00, 0x00, 0x00, 0x00, 0x00, 0x00, 0x00,
    0x00, 0x00, 0x00, 0x00, 0x00, 0x00, 0x00, 0x00, 0x00, 0x00, 0x00, 0x00,
    0x00, 0x00, 0x00, 0x00, 0x00, 0x00, 0x00, 0x00, 0x00, 0x00, 0x00, 0x00,
    0x00, 0x00, 0x00, 0x00, 0x00, 0x00, 0x00, 0x00, 0x00, 0x00, 0x00, 0x00,
    0x00, 0x00, 0x00, 0x00, 0x00, 0x00, 0x00, 0x00, 0x00, 0x00, 0x00, 0x00,

    /* Unicode: U+0056 */
    0x00, 0x00, 0x00, 0x00, 0x00, 0x00, 0x00, 0x00, 0x00, 0x00, 0x00, 0x00, 0x00, 0x00,
    0x00, 0x00, 0x00, 0x00, 0x00, 0x00, 0x00, 0x00, 0x00, 0x00, 0x00, 0x00, 0x00, 0x00,
    0x00, 0x00, 0x00, 0x00, 0x00, 0x00, 0x00, 0x00, 0x00, 0x00, 0x00, 0x00, 0x00, 0x00,
    0x00, 0x00, 0x00, 0x00, 0x00, 0x00, 0x00, 0x00, 0x00, 0x00, 0x00, 0x00, 0x00, 0x00,
    0x00, 0x00, 0x00, 0x00, 0x00, 0x00, 0x00, 0x00, 0x00, 0x00, 0x00, 0x00, 0x00, 0x00,
    0x00, 0xCD, 0xFE, 0x23, 0x00, 0x00, 0x00, 0x00, 0x00, 0x00, 0x00, 0x2F, 0xFF, 0x9D,
    0x00, 0x60, 0xFF, 0x8E, 0x00, 0x00, 0x00, 0x00, 0x00, 0x00, 0x00, 0x9C, 0xFF, 0x31,
    0x00, 0x08, 0xEB, 0xF0, 0x0B, 0x00, 0x00, 0x00, 0x00, 0x00, 0x12, 0xF6, 0xC4, 0x00,
    0x00, 0x00, 0x86, 0xFF, 0x68, 0x00, 0x00, 0x00, 0x00, 0x00, 0x76, 0xFF, 0x57, 0x00,
    0x00, 0x00, 0x1D, 0xFB, 0xD4, 0x00, 0x00, 0x00, 0x00, 0x03, 0xE0, 0xE5, 0x05, 0x00,
    0x00, 0x00, 0x00, 0xAB, 0xFF, 0x41, 0x00, 0x00, 0x00, 0x50, 0xFF, 0x7E, 0x00, 0x00,
    0x00, 0x00, 0x00, 0x3E, 0xFF, 0xAE, 0x00, 0x00, 0x00, 0xBD, 0xF9, 0x18, 0x00, 0x00,
    0x00, 0x00, 0x00, 0x00, 0xD1, 0xFC, 0x1E, 0x00, 0x2B, 0xFF, 0xA5, 0x00, 0x00, 0x00,
    0x00, 0x00, 0x00, 0x00, 0x64, 0xFF, 0x88, 0x00, 0x98, 0xFF, 0x38, 0x00, 0x00, 0x00,
    0x00, 0x00, 0x00, 0x00, 0x09, 0xED, 0xEC, 0x18, 0xF4, 0xCB, 0x00, 0x00, 0x00, 0x00,
    0x00, 0x00, 0x00, 0x00, 0x00, 0x89, 0xFF, 0xCA, 0xFF, 0x5F, 0x00, 0x00, 0x00, 0x00,
    0x00, 0x00, 0x00, 0x00, 0x00, 0x1F, 0xFC, 0xFF, 0xEB, 0x07, 0x00, 0x00, 0x00, 0x00,
    0x00, 0x00, 0x00, 0x00, 0x00, 0x00, 0xAF, 0xFF, 0x86, 0x00, 0x00, 0x00, 0x00, 0x00,
    0x00, 0x00, 0x00, 0x00, 0x00, 0x00, 0x00, 0x00, 0x00, 0x00, 0x00, 0x00, 0x00, 0x00,
    0x00, 0x00, 0x00, 0x00, 0x00, 0x00, 0x00, 0x00, 0x00, 0x00, 0x00, 0x00, 0x00, 0x00,
    0x00, 0x00, 0x00, 0x00, 0x00, 0x00, 0x00, 0x00, 0x00, 0x00, 0x00, 0x00, 0x00, 0x00,
    0x00, 0x00, 0x00, 0x00, 0x00, 0x00, 0x00, 0x00, 0x00, 0x00, 0x00, 0x00, 0x00, 0x00,
    0x00, 0x00, 0x00, 0x00, 0x00, 0x00, 0x00, 0x00, 0x00, 0x00, 0x00, 0x00, 0x00, 0x00,

    /* Unicode: U+0057 */
    0x00, 0x00, 0x00, 0x00, 0x00, 0x00, 0x00, 0x00, 0x00, 0x00, 0x00, 0x00, 0x00, 0x00, 0x00, 0x00, 0x00, 0x00, 0x00, 0x00,
    0x00, 0x00, 0x00, 0x00, 0x00, 0x00, 0x00, 0x00, 0x00, 0x00, 0x00, 0x00, 0x00, 0x00, 0x00, 0x00, 0x00, 0x00, 0x00, 0x00,
    0x00, 0x00, 0x00, 0x00, 0x00, 0x00, 0x00, 0x00, 0x00, 0x00, 0x00, 0x00, 0x00, 0x00, 0x00, 0x00, 0x00, 0x00, 0x00, 0x00,
    0x00, 0x00, 0x00, 0x00, 0x00, 0x00, 0x00, 0x00, 0x00, 0x00, 0x00, 0x00, 0x00, 0x00, 0x00, 0x00, 0x00, 0x00, 0x00, 0x00,
    0x00, 0x00, 0x00, 0x00, 0x00, 0x00, 0x00, 0x00, 0x00, 0x00, 0x00, 0x00, 0x00, 0x00, 0x00, 0x00, 0x00, 0x00, 0x00, 0x00,
    0x43, 0xFF, 0x98, 0x00, 0x00, 0x00, 0x00, 0x00, 0x00, 0xCB, 0xFF, 0x31, 0x00, 0x00, 0x00, 0x00, 0x00, 0x2E, 0xFF, 0x86,
    0x04, 0xEC, 0xE8, 0x02, 0x00, 0x00, 0x00, 0x00, 0x21, 0xFF, 0xFF, 0x85, 0x00, 0x00, 0x00, 0x00, 0x00, 0x81, 0xFF, 0x33,
    0x00, 0x9D, 0xFF, 0x3C, 0x00, 0x00, 0x00, 0x00, 0x77, 0xFF, 0xF8, 0xD8, 0x00, 0x00, 0x00, 0x00, 0x00, 0xD4, 0xE0, 0x00,
    0x00, 0x4A, 0xFF, 0x8E, 0x00, 0x00, 0x00, 0x00, 0xCC, 0xE2, 0x95, 0xFF, 0x2C, 0x00, 0x00, 0x00, 0x27, 0xFF, 0x8D, 0x00,
    0x00, 0x06, 0xF1, 0xDF, 0x00, 0x00, 0x00, 0x22, 0xFF, 0x8E, 0x3F, 0xFF, 0x80, 0x00, 0x00, 0x00, 0x7B, 0xFF, 0x3B, 0x00,
    0x00, 0x00, 0xA5, 0xFF, 0x32, 0x00, 0x00, 0x78, 0xFF, 0x38, 0x02, 0xE7, 0xD4, 0x00, 0x00, 0x00, 0xCE, 0xE6, 0x02, 0x00,
    0x00, 0x00, 0x52, 0xFF, 0x84, 0x00, 0x00, 0xCD, 0xE2, 0x01, 0x00, 0x94, 0xFF, 0x27, 0x00, 0x22, 0xFF, 0x95, 0x00, 0x00,
    0x00, 0x00, 0x0A, 0xF5, 0xD6, 0x00, 0x23, 0xFF, 0x8D, 0x00, 0x00, 0x3E, 0xFF, 0x7B, 0x00, 0x75, 0xFF, 0x42, 0x00, 0x00,
    0x00, 0x00, 0x00, 0xAD, 0xFF, 0x28, 0x79, 0xFF, 0x38, 0x00, 0x00, 0x02, 0xE6, 0xCF, 0x00, 0xC8, 0xEC, 0x03, 0x00, 0x00,
    0x00, 0x00, 0x00, 0x5A, 0xFF, 0x7A, 0xCF, 0xE1, 0x01, 0x00, 0x00, 0x00, 0x93, 0xFF, 0x40, 0xFE, 0x9D, 0x00, 0x00, 0x00,
    0x00, 0x00, 0x00, 0x0E, 0xF8, 0xE2, 0xFF, 0x8D, 0x00, 0x00, 0x00, 0x00, 0x3E, 0xFF, 0xDC, 0xFF, 0x4A, 0x00, 0x00, 0x00,
    0x00, 0x00, 0x00, 0x00, 0xB4, 0xFF, 0xFF, 0x37, 0x00, 0x00, 0x00, 0x00, 0x02, 0xE6, 0xFF, 0xF1, 0x06, 0x00, 0x00, 0x00,
    0x00, 0x00, 0x00, 0x00, 0x61, 0xFF, 0xE1, 0x01, 0x00, 0x00, 0x00, 0x00, 0x00, 0x93, 0xFF, 0xA5, 0x00, 0x00, 0x00, 0x00,
    0x00, 0x00, 0x00, 0x00, 0x00, 0x00, 0x00, 0x00, 0x00, 0x00, 0x00, 0x00, 0x00, 0x00, 0x00, 0x00, 0x00, 0x00, 0x00, 0x00,
    0x00, 0x00, 0x00, 0x00, 0x00, 0x00, 0x00, 0x00, 0x00, 0x00, 0x00, 0x00, 0x00, 0x00, 0x00, 0x00, 0x00, 0x00, 0x00, 0x00,
    0x00, 0x00, 0x00, 0x00, 0x00, 0x00, 0x00, 0x00, 0x00, 0x00, 0x00, 0x00, 0x00, 0x00, 0x00, 0x00, 0x00, 0x00, 0x00, 0x00,
    0x00, 0x00, 0x00, 0x00, 0x00, 0x00, 0x00, 0x00, 0x00, 0x00, 0x00, 0x00, 0x00, 0x00, 0x00, 0x00, 0x00, 0x00, 0x00, 0x00,
    0x00, 0x00, 0x00, 0x00, 0x00, 0x00, 0x00, 0x00, 0x00, 0x00, 0x00, 0x00, 0x00, 0x00, 0x00, 0x00, 0x00, 0x00, 0x00, 0x00,

    /* Unicode: U+0058 */
    0x00, 0x00, 0x00, 0x00, 0x00, 0x00, 0x00, 0x00, 0x00, 0x00, 0x00, 0x00,
    0x00, 0x00, 0x00, 0x00, 0x00, 0x00, 0x00, 0x00, 0x00, 0x00, 0x00, 0x00,
    0x00, 0x00, 0x00, 0x00, 0x00, 0x00, 0x00, 0x00, 0x00, 0x00, 0x00, 0x00,
    0x00, 0x00, 0x00, 0x00, 0x00, 0x00, 0x00, 0x00, 0x00, 0x00, 0x00, 0x00,
    0x00, 0x00, 0x00, 0x00, 0x00, 0x00, 0x00, 0x00, 0x00, 0x00, 0x00, 0x00,
    0x2B, 0xF7, 0xDF, 0x0D, 0x00, 0x00, 0x00, 0x00, 0x01, 0xBE, 0xFC, 0x39,
    0x00, 0x71, 0xFF, 0x9F, 0x00, 0x00, 0x00, 0x00, 0x71, 0xFF, 0x82, 0x00,
    0x00, 0x01, 0xBC, 0xFF, 0x52, 0x00, 0x00, 0x29, 0xF7, 0xC9, 0x04, 0x00,
    0x00, 0x00, 0x1C, 0xEF, 0xEB, 0x18, 0x04, 0xCC, 0xF5, 0x25, 0x00, 0x00,
    0x00, 0x00, 0x00, 0x5A, 0xFF, 0xB6, 0x81, 0xFF, 0x67, 0x00, 0x00, 0x00,
    0x00, 0x00, 0x00, 0x00, 0xA7, 0xFF, 0xFF, 0xB3, 0x00, 0x00, 0x00, 0x00,
    0x00, 0x00, 0x00, 0x00, 0x37, 0xFF, 0xFF, 0x4D, 0x00, 0x00, 0x00, 0x00,
    0x00, 0x00, 0x00, 0x06, 0xCD, 0xF9, 0xF4, 0xE0, 0x0F, 0x00, 0x00, 0x00,
    0x00, 0x00, 0x00, 0x8B, 0xFF, 0x75, 0x64, 0xFF, 0xA6, 0x00, 0x00, 0x00,
    0x00, 0x00, 0x43, 0xFE, 0xBF, 0x02, 0x00, 0xAD, 0xFF, 0x5E, 0x00, 0x00,
    0x00, 0x13, 0xE5, 0xEF, 0x1D, 0x00, 0x00, 0x12, 0xE5, 0xF2, 0x22, 0x00,
    0x00, 0xB0, 0xFF, 0x59, 0x00, 0x00, 0x00, 0x00, 0x43, 0xFE, 0xC8, 0x04,
    0x68, 0xFF, 0xA5, 0x00, 0x00, 0x00, 0x00, 0x00, 0x00, 0x8B, 0xFF, 0x84,
    0x00, 0x00, 0x00, 0x00, 0x00, 0x00, 0x00, 0x00, 0x00, 0x00, 0x00, 0x00,
    0x00, 0x00, 0x00, 0x00, 0x00, 0x00, 0x00, 0x00, 0x00, 0x00, 0x00, 0x00,
    0x00, 0x00, 0x00, 0x00, 0x00, 0x00, 0x00, 0x00, 0x00, 0x00, 0x00, 0x00,
    0x00, 0x00, 0x00, 0x00, 0x00, 0x00, 0x00, 0x00, 0x00, 0x00, 0x00, 0x00,
    0x00, 0x00, 0x00, 0x00, 0x00, 0x00, 0x00, 0x00, 0x00, 0x00, 0x00, 0x00,

    /* Unicode: U+0059 */
    0x00, 0x00, 0x00, 0x00, 0x00, 0x00, 0x00, 0x00, 0x00, 0x00, 0x00, 0x00, 0x00,
    0x00, 0x00, 0x00, 0x00, 0x00, 0x00, 0x00, 0x00, 0x00, 0x00, 0x00, 0x00, 0x00,
    0x00, 0x00, 0x00, 0x00, 0x00, 0x00, 0x00, 0x00, 0x00, 0x00, 0x00, 0x00, 0x00,
    0x00, 0x00, 0x00, 0x00, 0x00, 0x00, 0x00, 0x00, 0x00, 0x00, 0x00, 0x00, 0x00,
    0x00, 0x00, 0x00, 0x00, 0x00, 0x00, 0x00, 0x00, 0x00, 0x00, 0x00, 0x00, 0x00,
    0x01, 0xC7, 0xFB, 0x2A, 0x00, 0x00, 0x00, 0x00, 0x00, 0x00, 0x5B, 0xFF, 0x6C,
    0x00, 0x34, 0xFD, 0xBB, 0x00, 0x00, 0x00, 0x00, 0x00, 0x0B, 0xE4, 0xD3, 0x03,
    0x00, 0x00, 0x9C, 0xFF, 0x50, 0x00, 0x00, 0x00, 0x00, 0x87, 0xFF, 0x42, 0x00,
    0x00, 0x00, 0x15, 0xEF, 0xDD, 0x07, 0x00, 0x00, 0x23, 0xF8, 0xAC, 0x00, 0x00,
    0x00, 0x00, 0x00, 0x6F, 0xFF, 0x7A, 0x00, 0x00, 0xB2, 0xF7, 0x20, 0x00, 0x00,
    0x00, 0x00, 0x00, 0x04, 0xD4, 0xF4, 0x1B, 0x47, 0xFF, 0x81, 0x00, 0x00, 0x00,
    0x00, 0x00, 0x00, 0x00, 0x42, 0xFF, 0xA9, 0xD7, 0xE2, 0x0A, 0x00, 0x00, 0x00,
    0x00, 0x00, 0x00, 0x00, 0x00, 0xAB, 0xFF, 0xFF, 0x56, 0x00, 0x00, 0x00, 0x00,
    0x00, 0x00, 0x00, 0x00, 0x00, 0x25, 0xFF, 0xCF, 0x00, 0x00, 0x00, 0x00, 0x00,
    0x00, 0x00, 0x00, 0x00, 0x00, 0x10, 0xFF, 0xB8, 0x00, 0x00, 0x00, 0x00, 0x00,
    0x00, 0x00, 0x00, 0x00, 0x00, 0x10, 0xFF, 0xB8, 0x00, 0x00, 0x00, 0x00, 0x00,
    0x00, 0x00, 0x00, 0x00, 0x00, 0x10, 0xFF, 0xB8, 0x00, 0x00, 0x00, 0x00, 0x00,
    0x00, 0x00, 0x00, 0x00, 0x00, 0x10, 0xFF, 0xB8, 0x00, 0x00, 0x00, 0x00, 0x00,
    0x00, 0x00, 0x00, 0x00, 0x00, 0x00, 0x00, 0x00, 0x00, 0x00, 0x00, 0x00, 0x00,
    0x00, 0x00, 0x00, 0x00, 0x00, 0x00, 0x00, 0x00, 0x00, 0x00, 0x00, 0x00, 0x00,
    0x00, 0x00, 0x00, 0x00, 0x00, 0x00, 0x00, 0x00, 0x00, 0x00, 0x00, 0x00, 0x00,
    0x00, 0x00, 0x00, 0x00, 0x00, 0x00, 0x00, 0x00, 0x00, 0x00, 0x00, 0x00, 0x00,
    0x00, 0x00, 0x00, 0x00, 0x00, 0x00, 0x00, 0x00, 0x00, 0x00, 0x00, 0x00, 0x00,

    /* Unicode: U+005A */
    0x00, 0x00, 0x00, 0x00, 0x00, 0x00, 0x00, 0x00, 0x00, 0x00, 0x00, 0x00,
    0x00, 0x00, 0x00, 0x00, 0x00, 0x00, 0x00, 0x00, 0x00, 0x00, 0x00, 0x00,
    0x00, 0x00, 0x00, 0x00, 0x00, 0x00, 0x00, 0x00, 0x00, 0x00, 0x00, 0x00,
    0x00, 0x00, 0x00, 0x00, 0x00, 0x00, 0x00, 0x00, 0x00, 0x00, 0x00, 0x00,
    0x00, 0x00, 0x00, 0x00, 0x00, 0x00, 0x00, 0x00, 0x00, 0x00, 0x00, 0x00,
    0x18, 0xFF, 0xFF, 0xFF, 0xFF, 0xFF, 0xFF, 0xFF, 0xFF, 0xFF, 0xFF, 0x10,
    0x0D, 0x90, 0x90, 0x90, 0x90, 0x90, 0x90, 0x90, 0xC6, 0xFF, 0xCF, 0x04,
    0x00, 0x00, 0x00, 0x00, 0x00, 0x00, 0x00, 0x1D, 0xEB, 0xEF, 0x22, 0x00,
    0x00, 0x00, 0x00, 0x00, 0x00, 0x00, 0x06, 0xC9, 0xFE, 0x4F, 0x00, 0x00,
    0x00, 0x00, 0x00, 0x00, 0x00, 0x00, 0x96, 0xFF, 0x88, 0x00, 0x00, 0x00,
    0x00, 0x00, 0x00, 0x00, 0x00, 0x5B, 0xFF, 0xBF, 0x03, 0x00, 0x00, 0x00,
    0x00, 0x00, 0x00, 0x00, 0x2C, 0xF5, 0xE6, 0x17, 0x00, 0x00, 0x00, 0x00,
    0x00, 0x00, 0x00, 0x0E, 0xD9, 0xFB, 0x3D, 0x00, 0x00, 0x00, 0x00, 0x00,
    0x00, 0x00, 0x00, 0xAD, 0xFF, 0x73, 0x00, 0x00, 0x00, 0x00, 0x00, 0x00,
    0x00, 0x00, 0x75, 0xFF, 0xAD, 0x00, 0x00, 0x00, 0x00, 0x00, 0x00, 0x00,
    0x00, 0x3E, 0xFB, 0xDA, 0x0E, 0x00, 0x00, 0x00, 0x00, 0x00, 0x00, 0x00,
    0x14, 0xE7, 0xFF, 0xB7, 0x90, 0x90, 0x90, 0x90, 0x90, 0x90, 0x90, 0x2A,
    0x38, 0xFF, 0xFF, 0xFF, 0xFF, 0xFF, 0xFF, 0xFF, 0xFF, 0xFF, 0xFF, 0x4C,
    0x00, 0x00, 0x00, 0x00, 0x00, 0x00, 0x00, 0x00, 0x00, 0x00, 0x00, 0x00,
    0x00, 0x00, 0x00, 0x00, 0x00, 0x00, 0x00, 0x00, 0x00, 0x00, 0x00, 0x00,
    0x00, 0x00, 0x00, 0x00, 0x00, 0x00, 0x00, 0x00, 0x00, 0x00, 0x00, 0x00,
    0x00, 0x00, 0x00, 0x00, 0x00, 0x00, 0x00, 0x00, 0x00, 0x00, 0x00, 0x00,
    0x00, 0x00, 0x00, 0x00, 0x00, 0x00, 0x00, 0x00, 0x00, 0x00, 0x00, 0x00,

    /* Unicode: U+005B */
    0x00, 0x00, 0x00, 0x00, 0x00,
    0x00, 0x00, 0x00, 0x00, 0x00,
    0x00, 0x00, 0x00, 0x00, 0x00,
    0x00, 0x00, 0x00, 0x00, 0x00,
    0x1C, 0xFF, 0xFF, 0xFF, 0xA8,
    0x1C, 0xFF, 0xD6, 0x90, 0x5E,
    0x1C, 0xFF, 0xA0, 0x00, 0x00,
    0x1C, 0xFF, 0xA0, 0x00, 0x00,
    0x1C, 0xFF, 0xA0, 0x00, 0x00,
    0x1C, 0xFF, 0xA0, 0x00, 0x00,
    0x1C, 0xFF, 0xA0, 0x00, 0x00,
    0x1C, 0xFF, 0xA0, 0x00, 0x00,
    0x1C, 0xFF, 0xA0, 0x00, 0x00,
    0x1C, 0xFF, 0xA0, 0x00, 0x00,
    0x1C, 0xFF, 0xA0, 0x00, 0x00,
    0x1C, 0xFF, 0xA0, 0x00, 0x00,
    0x1C, 0xFF, 0xA0, 0x00, 0x00,
    0x1C, 0xFF, 0xA0, 0x00, 0x00,
    0x1C, 0xFF, 0xA0, 0x00, 0x00,
    0x1C, 0xFF, 0xA0, 0x00, 0x00,
    0x1C, 0xFF, 0xD6, 0x90, 0x5E,
    0x1C, 0xFF, 0xFF, 0xFF, 0xA8,
    0x00, 0x00, 0x00, 0x00, 0x00,

    /* Unicode: U+005C */
    0x00, 0x00, 0x00, 0x00, 0x00, 0x00, 0x00, 0x00,
    0x00, 0x00, 0x00, 0x00, 0x00, 0x00, 0x00, 0x00,
    0x4D, 0x7A, 0x00, 0x00, 0x00, 0x00, 0x00, 0x00,
    0x59, 0xFF, 0x36, 0x00, 0x00, 0x00, 0x00, 0x00,
    0x0C, 0xF6, 0x8D, 0x00, 0x00, 0x00, 0x00, 0x00,
    0x00, 0xAC, 0xE3, 0x01, 0x00, 0x00, 0x00, 0x00,
    0x00, 0x55, 0xFF, 0x3B, 0x00, 0x00, 0x00, 0x00,
    0x00, 0x0A, 0xF4, 0x92, 0x00, 0x00, 0x00, 0x00,
    0x00, 0x00, 0xA7, 0xE7, 0x02, 0x00, 0x00, 0x00,
    0x00, 0x00, 0x50, 0xFF, 0x41, 0x00, 0x00, 0x00,
    0x00, 0x00, 0x07, 0xF1, 0x98, 0x00, 0x00, 0x00,
    0x00, 0x00, 0x00, 0xA2, 0xEB, 0x04, 0x00, 0x00,
    0x00, 0x00, 0x00, 0x4C, 0xFF, 0x46, 0x00, 0x00,
    0x00, 0x00, 0x00, 0x06, 0xEF, 0x9D, 0x00, 0x00,
    0x00, 0x00, 0x00, 0x00, 0x9E, 0xEE, 0x05, 0x00,
    0x00, 0x00, 0x00, 0x00, 0x47, 0xFF, 0x4B, 0x00,
    0x00, 0x00, 0x00, 0x00, 0x04, 0xEB, 0xA2, 0x00,
    0x00, 0x00, 0x00, 0x00, 0x00, 0x99, 0xF1, 0x08,
    0x00, 0x00, 0x00, 0x00, 0x00, 0x42, 0xFF, 0x50,
    0x00, 0x00, 0x00, 0x00, 0x00, 0x03, 0xE8, 0xA8,
    0x00, 0x00, 0x00, 0x00, 0x00, 0x00, 0x00, 0x00,
    0x00, 0x00, 0x00, 0x00, 0x00, 0x00, 0x00, 0x00,
    0x00, 0x00, 0x00, 0x00, 0x00, 0x00, 0x00, 0x00,

    /* Unicode: U+005D */
    0x00, 0x00, 0x00, 0x00, 0x00,
    0x00, 0x00, 0x00, 0x00, 0x00,
    0x00, 0x00, 0x00, 0x00, 0x00,
    0x00, 0x00, 0x00, 0x00, 0x00,
    0xA8, 0xFF, 0xFF, 0xFF, 0x1C,
    0x5E, 0x90, 0xD6, 0xFF, 0x1C,
    0x00, 0x00, 0xA0, 0xFF, 0x1C,
    0x00, 0x00, 0xA0, 0xFF, 0x1C,
    0x00, 0x00, 0xA0, 0xFF, 0x1C,
    0x00, 0x00, 0xA0, 0xFF, 0x1C,
    0x00, 0x00, 0xA0, 0xFF, 0x1C,
    0x00, 0x00, 0xA0, 0xFF, 0x1C,
    0x00, 0x00, 0xA0, 0xFF, 0x1C,
    0x00, 0x00, 0xA0, 0xFF, 0x1C,
    0x00, 0x00, 0xA0, 0xFF, 0x1C,
    0x00, 0x00, 0xA0, 0xFF, 0x1C,
    0x00, 0x00, 0xA0, 0xFF, 0x1C,
    0x00, 0x00, 0xA0, 0xFF, 0x1C,
    0x00, 0x00, 0xA0, 0xFF, 0x1C,
    0x00, 0x00, 0xA0, 0xFF, 0x1C,
    0x5E, 0x90, 0xD6, 0xFF, 0x1C,
    0xA8, 0xFF, 0xFF, 0xFF, 0x1C,
    0x00, 0x00, 0x00, 0x00, 0x00,

    /* Unicode: U+005E */
    0x00, 0x00, 0x00, 0x00, 0x00, 0x00, 0x00, 0x00, 0x00,
    0x00, 0x00, 0x00, 0x00, 0x00, 0x00, 0x00, 0x00, 0x00,
    0x00, 0x00, 0x00, 0x00, 0x00, 0x00, 0x00, 0x00, 0x00,
    0x00, 0x00, 0x00, 0x00, 0x00, 0x00, 0x00, 0x00, 0x00,
    0x00, 0x00, 0x00, 0x00, 0x00, 0x00, 0x00, 0x00, 0x00,
    0x00, 0x00, 0x00, 0x00, 0x00, 0x00, 0x00, 0x00, 0x00,
    0x00, 0x00, 0x00, 0x00, 0x00, 0x00, 0x00, 0x00, 0x00,
    0x00, 0x00, 0x00, 0xAC, 0xFF, 0x2A, 0x00, 0x00, 0x00,
    0x00, 0x00, 0x16, 0xFA, 0xF0, 0x8F, 0x00, 0x00, 0x00,
    0x00, 0x00, 0x78, 0xE2, 0x69, 0xED, 0x07, 0x00, 0x00,
    0x00, 0x01, 0xDC, 0x81, 0x0D, 0xF4, 0x5A, 0x00, 0x00,
    0x00, 0x44, 0xFD, 0x1F, 0x00, 0x9D, 0xC0, 0x00, 0x00,
    0x00, 0xAA, 0xB7, 0x00, 0x00, 0x38, 0xFF, 0x26, 0x00,
    0x15, 0xF9, 0x52, 0x00, 0x00, 0x00, 0xD3, 0x8B, 0x00,
    0x75, 0xE9, 0x05, 0x00, 0x00, 0x00, 0x6E, 0xEA, 0x06,
    0x00, 0x00, 0x00, 0x00, 0x00, 0x00, 0x00, 0x00, 0x00,
    0x00, 0x00, 0x00, 0x00, 0x00, 0x00, 0x00, 0x00, 0x00,
    0x00, 0x00, 0x00, 0x00, 0x00, 0x00, 0x00, 0x00, 0x00,
    0x00, 0x00, 0x00, 0x00, 0x00, 0x00, 0x00, 0x00, 0x00,
    0x00, 0x00, 0x00, 0x00, 0x00, 0x00, 0x00, 0x00, 0x00,
    0x00, 0x00, 0x00, 0x00, 0x00, 0x00, 0x00, 0x00, 0x00,
    0x00, 0x00, 0x00, 0x00, 0x00, 0x00, 0x00, 0x00, 0x00,
    0x00, 0x00, 0x00, 0x00, 0x00, 0x00, 0x00, 0x00, 0x00,

    /* Unicode: U+005F */
    0x00, 0x00, 0x00, 0x00, 0x00, 0x00, 0x00, 0x00, 0x00,
    0x00, 0x00, 0x00, 0x00, 0x00, 0x00, 0x00, 0x00, 0x00,
    0x00, 0x00, 0x00, 0x00, 0x00, 0x00, 0x00, 0x00, 0x00,
    0x00, 0x00, 0x00, 0x00, 0x00, 0x00, 0x00, 0x00, 0x00,
    0x00, 0x00, 0x00, 0x00, 0x00, 0x00, 0x00, 0x00, 0x00,
    0x00, 0x00, 0x00, 0x00, 0x00, 0x00, 0x00, 0x00, 0x00,
    0x00, 0x00, 0x00, 0x00, 0x00, 0x00, 0x00, 0x00, 0x00,
    0x00, 0x00, 0x00, 0x00, 0x00, 0x00, 0x00, 0x00, 0x00,
    0x00, 0x00, 0x00, 0x00, 0x00, 0x00, 0x00, 0x00, 0x00,
    0x00, 0x00, 0x00, 0x00, 0x00, 0x00, 0x00, 0x00, 0x00,
    0x00, 0x00, 0x00, 0x00, 0x00, 0x00, 0x00, 0x00, 0x00,
    0x00, 0x00, 0x00, 0x00, 0x00, 0x00, 0x00, 0x00, 0x00,
    0x00, 0x00, 0x00, 0x00, 0x00, 0x00, 0x00, 0x00, 0x00,
    0x00, 0x00, 0x00, 0x00, 0x00, 0x00, 0x00, 0x00, 0x00,
    0x00, 0x00, 0x00, 0x00, 0x00, 0x00, 0x00, 0x00, 0x00,
    0x00, 0x00, 0x00, 0x00, 0x00, 0x00, 0x00, 0x00, 0x00,
    0x00, 0x00, 0x00, 0x00, 0x00, 0x00, 0x00, 0x00, 0x00,
    0x90, 0x90, 0x90, 0x90, 0x90, 0x90, 0x90, 0x90, 0x90,
    0xFF, 0xFF, 0xFF, 0xFF, 0xFF, 0xFF, 0xFF, 0xFF, 0xFF,
    0x00, 0x00, 0x00, 0x00, 0x00, 0x00, 0x00, 0x00, 0x00,
    0x00, 0x00, 0x00, 0x00, 0x00, 0x00, 0x00, 0x00, 0x00,
    0x00, 0x00, 0x00, 0x00, 0x00, 0x00, 0x00, 0x00, 0x00,
    0x00, 0x00, 0x00, 0x00, 0x00, 0x00, 0x00, 0x00, 0x00,

    /* Unicode: U+0060 */
    0x00, 0x00, 0x00, 0x00, 0x00,
    0x00, 0x00, 0x00, 0x00, 0x00,
    0x00, 0x00, 0x00, 0x00, 0x00,
    0x00, 0x00, 0x00, 0x00, 0x00,
    0x4B, 0x80, 0x45, 0x00, 0x00,
    0x08, 0xA6, 0xF9, 0x4C, 0x00,
    0x00, 0x00, 0x7C, 0xF7, 0x49,
    0x00, 0x00, 0x00, 0x00, 0x00,
    0x00, 0x00, 0x00, 0x00, 0x00,
    0x00, 0x00, 0x00, 0x00, 0x00,
    0x00, 0x00, 0x00, 0x00, 0x00,
    0x00, 0x00, 0x00, 0x00, 0x00,
    0x00, 0x00, 0x00, 0x00, 0x00,
    0x00, 0x00, 0x00, 0x00, 0x00,
    0x00, 0x00, 0x00, 0x00, 0x00,
    0x00, 0x00, 0x00, 0x00, 0x00,
    0x00, 0x00, 0x00, 0x00, 0x00,
    0x00, 0x00, 0x00, 0x00, 0x00,
    0x00, 0x00, 0x00, 0x00, 0x00,
    0x00, 0x00, 0x00, 0x00, 0x00,
    0x00, 0x00, 0x00, 0x00, 0x00,
    0x00, 0x00, 0x00, 0x00, 0x00,
    0x00, 0x00, 0x00, 0x00, 0x00,

    /* Unicode: U+0061 */
    0x00, 0x00, 0x00, 0x00, 0x00, 0x00, 0x00, 0x00, 0x00, 0x00,
    0x00, 0x00, 0x00, 0x00, 0x00, 0x00, 0x00, 0x00, 0x00, 0x00,
    0x00, 0x00, 0x00, 0x00, 0x00, 0x00, 0x00, 0x00, 0x00, 0x00,
    0x00, 0x00, 0x00, 0x00, 0x00, 0x00, 0x00, 0x00, 0x00, 0x00,
    0x00, 0x00, 0x00, 0x00, 0x00, 0x00, 0x00, 0x00, 0x00, 0x00,
    0x00, 0x00, 0x00, 0x00, 0x00, 0x00, 0x00, 0x00, 0x00, 0x00,
    0x00, 0x00, 0x00, 0x00, 0x00, 0x00, 0x00, 0x00, 0x00, 0x00,
    0x00, 0x00, 0x00, 0x00, 0x00, 0x00, 0x00, 0x00, 0x00, 0x00,
    0x00, 0x0D, 0x79, 0xCB, 0xF3, 0xF8, 0xD3, 0x6C, 0x01, 0x00,
    0x00, 0x9E, 0xFF, 0xC6, 0x98, 0xA3, 0xE8, 0xFF, 0x82, 0x00,
    0x00, 0x21, 0x35, 0x00, 0x00, 0x00, 0x0E, 0xDD, 0xF5, 0x07,
    0x00, 0x00, 0x00, 0x00, 0x00, 0x00, 0x00, 0x93, 0xFF, 0x2A,
    0x00, 0x0E, 0x93, 0xE2, 0xFB, 0xFF, 0xFF, 0xFF, 0xFF, 0x33,
    0x00, 0xA8, 0xFF, 0xCB, 0x98, 0x90, 0x90, 0xCB, 0xFF, 0x34,
    0x06, 0xFA, 0xC1, 0x00, 0x00, 0x00, 0x00, 0x8A, 0xFF, 0x34,
    0x05, 0xF9, 0xC6, 0x01, 0x00, 0x00, 0x1E, 0xE4, 0xFF, 0x34,
    0x00, 0xA0, 0xFF, 0xCF, 0x98, 0xAA, 0xF3, 0xDB, 0xFF, 0x34,
    0x00, 0x0A, 0x86, 0xDE, 0xF8, 0xDB, 0x73, 0x71, 0xFF, 0x34,
    0x00, 0x00, 0x00, 0x00, 0x00, 0x00, 0x00, 0x00, 0x00, 0x00,
    0x00, 0x00, 0x00, 0x00, 0x00, 0x00, 0x00, 0x00, 0x00, 0x00,
    0x00, 0x00, 0x00, 0x00, 0x00, 0x00, 0x00, 0x00, 0x00, 0x00,
    0x00, 0x00, 0x00, 0x00, 0x00, 0x00, 0x00, 0x00, 0x00, 0x00,
    0x00, 0x00, 0x00, 0x00, 0x00, 0x00, 0x00, 0x00, 0x00, 0x00,

    /* Unicode: U+0062 */
    0x00, 0x00, 0x00, 0x00, 0x00, 0x00, 0x00, 0x00, 0x00, 0x00, 0x00,
    0x00, 0x00, 0x00, 0x00, 0x00, 0x00, 0x00, 0x00, 0x00, 0x00, 0x00,
    0x00, 0x00, 0x00, 0x00, 0x00, 0x00, 0x00, 0x00, 0x00, 0x00, 0x00,
    0x00, 0x00, 0x00, 0x00, 0x00, 0x00, 0x00, 0x00, 0x00, 0x00, 0x00,
    0x5C, 0xFF, 0x5C, 0x00, 0x00, 0x00, 0x00, 0x00, 0x00, 0x00, 0x00,
    0x5C, 0xFF, 0x5C, 0x00, 0x00, 0x00, 0x00, 0x00, 0x00, 0x00, 0x00,
    0x5C, 0xFF, 0x5C, 0x00, 0x00, 0x00, 0x00, 0x00, 0x00, 0x00, 0x00,
    0x5C, 0xFF, 0x5C, 0x00, 0x00, 0x00, 0x00, 0x00, 0x00, 0x00, 0x00,
    0x5C, 0xFF, 0x5C, 0x5B, 0xCD, 0xF7, 0xE7, 0xA4, 0x29, 0x00, 0x00,
    0x5C, 0xFF, 0xC8, 0xFF, 0xC2, 0x98, 0xBA, 0xFD, 0xF4, 0x3E, 0x00,
    0x5C, 0xFF, 0xFD, 0x53, 0x00, 0x00, 0x00, 0x41, 0xF8, 0xE2, 0x05,
    0x5C, 0xFF, 0xA5, 0x00, 0x00, 0x00, 0x00, 0x00, 0x8B, 0xFF, 0x4C,
    0x5C, 0xFF, 0x65, 0x00, 0x00, 0x00, 0x00, 0x00, 0x46, 0xFF, 0x75,
    0x5C, 0xFF, 0x65, 0x00, 0x00, 0x00, 0x00, 0x00, 0x47, 0xFF, 0x74,
    0x5C, 0xFF, 0xA6, 0x00, 0x00, 0x00, 0x00, 0x00, 0x8C, 0xFF, 0x4B,
    0x5C, 0xFF, 0xFD, 0x54, 0x00, 0x00, 0x00, 0x41, 0xF9, 0xE2, 0x05,
    0x5C, 0xFF, 0xCB, 0xFF, 0xC2, 0x97, 0xBA, 0xFD, 0xF4, 0x3E, 0x00,
    0x5C, 0xFF, 0x4D, 0x67, 0xD2, 0xF8, 0xE8, 0xA5, 0x29, 0x00, 0x00,
    0x00, 0x00, 0x00, 0x00, 0x00, 0x00, 0x00, 0x00, 0x00, 0x00, 0x00,
    0x00, 0x00, 0x00, 0x00, 0x00, 0x00, 0x00, 0x00, 0x00, 0x00, 0x00,
    0x00, 0x00, 0x00, 0x00, 0x00, 0x00, 0x00, 0x00, 0x00, 0x00, 0x00,
    0x00, 0x00, 0x00, 0x00, 0x00, 0x00, 0x00, 0x00, 0x00, 0x00, 0x00,
    0x00, 0x00, 0x00, 0x00, 0x00, 0x00, 0x00, 0x00, 0x00, 0x00, 0x00,

    /* Unicode: U+0063 */
    0x00, 0x00, 0x00, 0x00, 0x00, 0x00, 0x00, 0x00, 0x00, 0x00,
    0x00, 0x00, 0x00, 0x00, 0x00, 0x00, 0x00, 0x00, 0x00, 0x00,
    0x00, 0x00, 0x00, 0x00, 0x00, 0x00, 0x00, 0x00, 0x00, 0x00,
    0x00, 0x00, 0x00, 0x00, 0x00, 0x00, 0x00, 0x00, 0x00, 0x00,
    0x00, 0x00, 0x00, 0x00, 0x00, 0x00, 0x00, 0x00, 0x00, 0x00,
    0x00, 0x00, 0x00, 0x00, 0x00, 0x00, 0x00, 0x00, 0x00, 0x00,
    0x00, 0x00, 0x00, 0x00, 0x00, 0x00, 0x00, 0x00, 0x00, 0x00,
    0x00, 0x00, 0x00, 0x00, 0x00, 0x00, 0x00, 0x00, 0x00, 0x00,
    0x00, 0x00, 0x08, 0x79, 0xD3, 0xF5, 0xEA, 0xAA, 0x29, 0x00,
    0x00, 0x0D, 0xCD, 0xFF, 0xD3, 0x9A, 0xAD, 0xF8, 0xF4, 0x32,
    0x00, 0x9C, 0xFF, 0x7F, 0x00, 0x00, 0x00, 0x2C, 0xD7, 0x49,
    0x0D, 0xF7, 0xCF, 0x00, 0x00, 0x00, 0x00, 0x00, 0x01, 0x00,
    0x31, 0xFF, 0x8D, 0x00, 0x00, 0x00, 0x00, 0x00, 0x00, 0x00,
    0x31, 0xFF, 0x8E, 0x00, 0x00, 0x00, 0x00, 0x00, 0x00, 0x00,
    0x0C, 0xF7, 0xCF, 0x00, 0x00, 0x00, 0x00, 0x00, 0x00, 0x00,
    0x00, 0x9B, 0xFF, 0x7D, 0x00, 0x00, 0x00, 0x20, 0xB7, 0x35,
    0x00, 0x0D, 0xCC, 0xFF, 0xD2, 0x99, 0xA9, 0xF3, 0xFA, 0x40,
    0x00, 0x00, 0x08, 0x79, 0xD3, 0xF6, 0xED, 0xB1, 0x33, 0x00,
    0x00, 0x00, 0x00, 0x00, 0x00, 0x00, 0x00, 0x00, 0x00, 0x00,
    0x00, 0x00, 0x00, 0x00, 0x00, 0x00, 0x00, 0x00, 0x00, 0x00,
    0x00, 0x00, 0x00, 0x00, 0x00, 0x00, 0x00, 0x00, 0x00, 0x00,
    0x00, 0x00, 0x00, 0x00, 0x00, 0x00, 0x00, 0x00, 0x00, 0x00,
    0x00, 0x00, 0x00, 0x00, 0x00, 0x00, 0x00, 0x00, 0x00, 0x00,

    /* Unicode: U+0064 */
    0x00, 0x00, 0x00, 0x00, 0x00, 0x00, 0x00, 0x00, 0x00, 0x00, 0x00,
    0x00, 0x00, 0x00, 0x00, 0x00, 0x00, 0x00, 0x00, 0x00, 0x00, 0x00,
    0x00, 0x00, 0x00, 0x00, 0x00, 0x00, 0x00, 0x00, 0x00, 0x00, 0x00,
    0x00, 0x00, 0x00, 0x00, 0x00, 0x00, 0x00, 0x00, 0x00, 0x00, 0x00,
    0x00, 0x00, 0x00, 0x00, 0x00, 0x00, 0x00, 0x00, 0x18, 0xFF, 0xA4,
    0x00, 0x00, 0x00, 0x00, 0x00, 0x00, 0x00, 0x00, 0x18, 0xFF, 0xA4,
    0x00, 0x00, 0x00, 0x00, 0x00, 0x00, 0x00, 0x00, 0x18, 0xFF, 0xA4,
    0x00, 0x00, 0x00, 0x00, 0x00, 0x00, 0x00, 0x00, 0x18, 0xFF, 0xA4,
    0x00, 0x00, 0x0F, 0x89, 0xDC, 0xF8, 0xDF, 0x81, 0x20, 0xFF, 0xA4,
    0x00, 0x14, 0xDA, 0xFF, 0xD0, 0x99, 0xAE, 0xF7, 0xC8, 0xFF, 0xA4,
    0x00, 0xA4, 0xFF, 0x7D, 0x00, 0x00, 0x00, 0x27, 0xE8, 0xFF, 0xA4,
    0x0E, 0xF9, 0xCF, 0x00, 0x00, 0x00, 0x00, 0x00, 0x65, 0xFF, 0xA4,
    0x32, 0xFF, 0x8D, 0x00, 0x00, 0x00, 0x00, 0x00, 0x21, 0xFF, 0xA4,
    0x31, 0xFF, 0x8E, 0x00, 0x00, 0x00, 0x00, 0x00, 0x22, 0xFF, 0xA4,
    0x0E, 0xF9, 0xD0, 0x00, 0x00, 0x00, 0x00, 0x00, 0x65, 0xFF, 0xA4,
    0x00, 0xA4, 0xFF, 0x7E, 0x00, 0x00, 0x00, 0x27, 0xE8, 0xFF, 0xA4,
    0x00, 0x14, 0xDA, 0xFF, 0xD0, 0x99, 0xAE, 0xF7, 0xCA, 0xFF, 0xA4,
    0x00, 0x00, 0x0F, 0x89, 0xDD, 0xF8, 0xE2, 0x8C, 0x11, 0xFF, 0xA4,
    0x00, 0x00, 0x00, 0x00, 0x00, 0x00, 0x00, 0x00, 0x00, 0x00, 0x00,
    0x00, 0x00, 0x00, 0x00, 0x00, 0x00, 0x00, 0x00, 0x00, 0x00, 0x00,
    0x00, 0x00, 0x00, 0x00, 0x00, 0x00, 0x00, 0x00, 0x00, 0x00, 0x00,
    0x00, 0x00, 0x00, 0x00, 0x00, 0x00, 0x00, 0x00, 0x00, 0x00, 0x00,
    0x00, 0x00, 0x00, 0x00, 0x00, 0x00, 0x00, 0x00, 0x00, 0x00, 0x00,

    /* Unicode: U+0065 */
    0x00, 0x00, 0x00, 0x00, 0x00, 0x00, 0x00, 0x00, 0x00, 0x00, 0x00,
    0x00, 0x00, 0x00, 0x00, 0x00, 0x00, 0x00, 0x00, 0x00, 0x00, 0x00,
    0x00, 0x00, 0x00, 0x00, 0x00, 0x00, 0x00, 0x00, 0x00, 0x00, 0x00,
    0x00, 0x00, 0x00, 0x00, 0x00, 0x00, 0x00, 0x00, 0x00, 0x00, 0x00,
    0x00, 0x00, 0x00, 0x00, 0x00, 0x00, 0x00, 0x00, 0x00, 0x00, 0x00,
    0x00, 0x00, 0x00, 0x00, 0x00, 0x00, 0x00, 0x00, 0x00, 0x00, 0x00,
    0x00, 0x00, 0x00, 0x00, 0x00, 0x00, 0x00, 0x00, 0x00, 0x00, 0x00,
    0x00, 0x00, 0x00, 0x00, 0x00, 0x00, 0x00, 0x00, 0x00, 0x00, 0x00,
    0x00, 0x00, 0x0E, 0x88, 0xDC, 0xF7, 0xE0, 0x8E, 0x11, 0x00, 0x00,
    0x00, 0x11, 0xD7, 0xFF, 0xBF, 0x99, 0xBA, 0xFE, 0xDE, 0x16, 0x00,
    0x00, 0xA0, 0xFA, 0x47, 0x00, 0x00, 0x00, 0x3E, 0xF6, 0xA7, 0x00,
    0x0D, 0xF8, 0xA4, 0x00, 0x00, 0x00, 0x00, 0x00, 0x8F, 0xFA, 0x10,
    0x31, 0xFF, 0xFF, 0xFF, 0xFF, 0xFF, 0xFF, 0xFF, 0xFF, 0xFF, 0x34,
    0x31, 0xFF, 0xCD, 0x90, 0x90, 0x90, 0x90, 0x90, 0x90, 0x90, 0x23,
    0x0C, 0xF7, 0xC7, 0x00, 0x00, 0x00, 0x00, 0x00, 0x00, 0x00, 0x00,
    0x00, 0x9B, 0xFF, 0x7F, 0x02, 0x00, 0x00, 0x05, 0x79, 0x0E, 0x00,
    0x00, 0x0E, 0xCD, 0xFF, 0xD9, 0xA0, 0x9E, 0xE1, 0xFF, 0x63, 0x00,
    0x00, 0x00, 0x07, 0x77, 0xD0, 0xF4, 0xF2, 0xC1, 0x54, 0x00, 0x00,
    0x00, 0x00, 0x00, 0x00, 0x00, 0x00, 0x00, 0x00, 0x00, 0x00, 0x00,
    0x00, 0x00, 0x00, 0x00, 0x00, 0x00, 0x00, 0x00, 0x00, 0x00, 0x00,
    0x00, 0x00, 0x00, 0x00, 0x00, 0x00, 0x00, 0x00, 0x00, 0x00, 0x00,
    0x00, 0x00, 0x00, 0x00, 0x00, 0x00, 0x00, 0x00, 0x00, 0x00, 0x00,
    0x00, 0x00, 0x00, 0x00, 0x00, 0x00, 0x00, 0x00, 0x00, 0x00, 0x00,

    /* Unicode: U+0066 */
    0x00, 0x00, 0x00, 0x00, 0x00, 0x00, 0x00,
    0x00, 0x00, 0x00, 0x00, 0x00, 0x00, 0x00,
    0x00, 0x00, 0x00, 0x00, 0x00, 0x00, 0x00,
    0x00, 0x00, 0x00, 0x00, 0x00, 0x00, 0x00,
    0x00, 0x00, 0x13, 0xA1, 0xE9, 0xEE, 0x9B,
    0x00, 0x00, 0xAF, 0xFF, 0xB4, 0xA2, 0x9F,
    0x00, 0x06, 0xFB, 0xB7, 0x00, 0x00, 0x00,
    0x00, 0x1B, 0xFF, 0x94, 0x00, 0x00, 0x00,
    0xBC, 0xFF, 0xFF, 0xFF, 0xFF, 0xFF, 0x5C,
    0x69, 0x9C, 0xFF, 0xD6, 0x90, 0x90, 0x33,
    0x00, 0x1C, 0xFF, 0xA0, 0x00, 0x00, 0x00,
    0x00, 0x1C, 0xFF, 0xA0, 0x00, 0x00, 0x00,
    0x00, 0x1C, 0xFF, 0xA0, 0x00, 0x00, 0x00,
    0x00, 0x1C, 0xFF, 0xA0, 0x00, 0x00, 0x00,
    0x00, 0x1C, 0xFF, 0xA0, 0x00, 0x00, 0x00,
    0x00, 0x1C, 0xFF, 0xA0, 0x00, 0x00, 0x00,
    0x00, 0x1C, 0xFF, 0xA0, 0x00, 0x00, 0x00,
    0x00, 0x1C, 0xFF, 0xA0, 0x00, 0x00, 0x00,
    0x00, 0x00, 0x00, 0x00, 0x00, 0x00, 0x00,
    0x00, 0x00, 0x00, 0x00, 0x00, 0x00, 0x00,
    0x00, 0x00, 0x00, 0x00, 0x00, 0x00, 0x00,
    0x00, 0x00, 0x00, 0x00, 0x00, 0x00, 0x00,
    0x00, 0x00, 0x00, 0x00, 0x00, 0x00, 0x00,

    /* Unicode: U+0067 */
    0x00, 0x00, 0x00, 0x00, 0x00, 0x00, 0x00, 0x00, 0x00, 0x00, 0x00,
    0x00, 0x00, 0x00, 0x00, 0x00, 0x00, 0x00, 0x00, 0x00, 0x00, 0x00,
    0x00, 0x00, 0x00, 0x00, 0x00, 0x00, 0x00, 0x00, 0x00, 0x00, 0x00,
    0x00, 0x00, 0x00, 0x00, 0x00, 0x00, 0x00, 0x00, 0x00, 0x00, 0x00,
    0x00, 0x00, 0x00, 0x00, 0x00, 0x00, 0x00, 0x00, 0x00, 0x00, 0x00,
    0x00, 0x00, 0x00, 0x00, 0x00, 0x00, 0x00, 0x00, 0x00, 0x00, 0x00,
    0x00, 0x00, 0x00, 0x00, 0x00, 0x00, 0x00, 0x00, 0x00, 0x00, 0x00,
    0x00, 0x00, 0x00, 0x00, 0x00, 0x00, 0x00, 0x00, 0x00, 0x00, 0x00,
    0x00, 0x00, 0x0D, 0x85, 0xDA, 0xF8, 0xE4, 0x96, 0x18, 0xE0, 0xC4,
    0x00, 0x12, 0xD8, 0xFF, 0xD7, 0x9F, 0xB1, 0xF3, 0xE1, 0xEE, 0xC4,
    0x00, 0xA4, 0xFF, 0x88, 0x02, 0x00, 0x00, 0x1F, 0xD7, 0xFF, 0xC4,
    0x0E, 0xF9, 0xD2, 0x02, 0x00, 0x00, 0x00, 0x00, 0x41, 0xFF, 0xC4,
    0x32, 0xFF, 0x94, 0x00, 0x00, 0x00, 0x00, 0x00, 0x05, 0xFB, 0xC4,
    0x31, 0xFF, 0x8E, 0x00, 0x00, 0x00, 0x00, 0x00, 0x01, 0xF9, 0xC4,
    0x0D, 0xF8, 0xD1, 0x01, 0x00, 0x00, 0x00, 0x00, 0x42, 0xFF, 0xC4,
    0x00, 0xA1, 0xFF, 0x83, 0x00, 0x00, 0x00, 0x1C, 0xD8, 0xFF, 0xC4,
    0x00, 0x11, 0xD6, 0xFF, 0xD5, 0x9A, 0xA9, 0xF4, 0xE1, 0xFC, 0xC3,
    0x00, 0x00, 0x0D, 0x85, 0xDB, 0xF8, 0xE6, 0x9A, 0x1F, 0xFD, 0xB8,
    0x00, 0x00, 0x00, 0x00, 0x00, 0x00, 0x00, 0x00, 0x2C, 0xFF, 0x95,
    0x00, 0x1F, 0x7F, 0x0C, 0x00, 0x00, 0x00, 0x09, 0xB3, 0xFF, 0x47,
    0x00, 0x7F, 0xFF, 0xF2, 0xB5, 0x96, 0xA9, 0xE4, 0xFF, 0xAB, 0x00,
    0x00, 0x01, 0x51, 0xAE, 0xE3, 0xFA, 0xF4, 0xCC, 0x6E, 0x03, 0x00,
    0x00, 0x00, 0x00, 0x00, 0x00, 0x00, 0x00, 0x00, 0x00, 0x00, 0x00,

    /* Unicode: U+0068 */
    0x00, 0x00, 0x00, 0x00, 0x00, 0x00, 0x00, 0x00, 0x00, 0x00,
    0x00, 0x00, 0x00, 0x00, 0x00, 0x00, 0x00, 0x00, 0x00, 0x00,
    0x00, 0x00, 0x00, 0x00, 0x00, 0x00, 0x00, 0x00, 0x00, 0x00,
    0x00, 0x00, 0x00, 0x00, 0x00, 0x00, 0x00, 0x00, 0x00, 0x00,
    0x5C, 0xFF, 0x5C, 0x00, 0x00, 0x00, 0x00, 0x00, 0x00, 0x00,
    0x5C, 0xFF, 0x5C, 0x00, 0x00, 0x00, 0x00, 0x00, 0x00, 0x00,
    0x5C, 0xFF, 0x5C, 0x00, 0x00, 0x00, 0x00, 0x00, 0x00, 0x00,
    0x5C, 0xFF, 0x5C, 0x00, 0x00, 0x00, 0x00, 0x00, 0x00, 0x00,
    0x5C, 0xFF, 0x5F, 0x70, 0xD3, 0xF8, 0xEB, 0xA3, 0x19, 0x00,
    0x5C, 0xFF, 0xE5, 0xFC, 0xB8, 0x9B, 0xCF, 0xFF, 0xDB, 0x0B,
    0x5C, 0xFF, 0xF9, 0x3A, 0x00, 0x00, 0x01, 0xA0, 0xFF, 0x68,
    0x5C, 0xFF, 0x9A, 0x00, 0x00, 0x00, 0x00, 0x2B, 0xFF, 0x9F,
    0x5C, 0xFF, 0x6A, 0x00, 0x00, 0x00, 0x00, 0x0B, 0xFF, 0xAF,
    0x5C, 0xFF, 0x5C, 0x00, 0x00, 0x00, 0x00, 0x08, 0xFF, 0xB0,
    0x5C, 0xFF, 0x5C, 0x00, 0x00, 0x00, 0x00, 0x08, 0xFF, 0xB0,
    0x5C, 0xFF, 0x5C, 0x00, 0x00, 0x00, 0x00, 0x08, 0xFF, 0xB0,
    0x5C, 0xFF, 0x5C, 0x00, 0x00, 0x00, 0x00, 0x08, 0xFF, 0xB0,
    0x5C, 0xFF, 0x5C, 0x00, 0x00, 0x00, 0x00, 0x08, 0xFF, 0xB0,
    0x00, 0x00, 0x00, 0x00, 0x00, 0x00, 0x00, 0x00, 0x00, 0x00,
    0x00, 0x00, 0x00, 0x00, 0x00, 0x00, 0x00, 0x00, 0x00, 0x00,
    0x00, 0x00, 0x00, 0x00, 0x00, 0x00, 0x00, 0x00, 0x00, 0x00,
    0x00, 0x00, 0x00, 0x00, 0x00, 0x00, 0x00, 0x00, 0x00, 0x00,
    0x00, 0x00, 0x00, 0x00, 0x00, 0x00, 0x00, 0x00, 0x00, 0x00,

    /* Unicode: U+0069 */
    0x00, 0x00, 0x00,
    0x00, 0x00, 0x00,
    0x00, 0x00, 0x00,
    0x00, 0x00, 0x00,
    0x63, 0xF4, 0x69,
    0x7F, 0xFF, 0x82,
    0x00, 0x1D, 0x00,
    0x00, 0x00, 0x00,
    0x5C, 0xFF, 0x5C,
    0x5C, 0xFF, 0x5C,
    0x5C, 0xFF, 0x5C,
    0x5C, 0xFF, 0x5C,
    0x5C, 0xFF, 0x5C,
    0x5C, 0xFF, 0x5C,
    0x5C, 0xFF, 0x5C,
    0x5C, 0xFF, 0x5C,
    0x5C, 0xFF, 0x5C,
    0x5C, 0xFF, 0x5C,
    0x00, 0x00, 0x00,
    0x00, 0x00, 0x00,
    0x00, 0x00, 0x00,
    0x00, 0x00, 0x00,
    0x00, 0x00, 0x00,

    /* Unicode: U+006A */
    0x00, 0x00, 0x00, 0x00, 0x00, 0x00,
    0x00, 0x00, 0x00, 0x00, 0x00, 0x00,
    0x00, 0x00, 0x00, 0x00, 0x00, 0x00,
    0x00, 0x00, 0x00, 0x00, 0x00, 0x00,
    0x00, 0x00, 0x00, 0x52, 0xF3, 0x7C,
    0x00, 0x00, 0x00, 0x6B, 0xFF, 0x96,
    0x00, 0x00, 0x00, 0x00, 0x1C, 0x02,
    0x00, 0x00, 0x00, 0x00, 0x00, 0x00,
    0x00, 0x00, 0x00, 0x44, 0xFF, 0x74,
    0x00, 0x00, 0x00, 0x44, 0xFF, 0x74,
    0x00, 0x00, 0x00, 0x44, 0xFF, 0x74,
    0x00, 0x00, 0x00, 0x44, 0xFF, 0x74,
    0x00, 0x00, 0x00, 0x44, 0xFF, 0x74,
    0x00, 0x00, 0x00, 0x44, 0xFF, 0x74,
    0x00, 0x00, 0x00, 0x44, 0xFF, 0x74,
    0x00, 0x00, 0x00, 0x44, 0xFF, 0x74,
    0x00, 0x00, 0x00, 0x44, 0xFF, 0x74,
    0x00, 0x00, 0x00, 0x44, 0xFF, 0x74,
    0x00, 0x00, 0x00, 0x45, 0xFF, 0x71,
    0x00, 0x00, 0x00, 0x69, 0xFF, 0x54,
    0x47, 0xAD, 0x8D, 0xEE, 0xED, 0x11,
    0x5A, 0xE1, 0xF5, 0xCA, 0x39, 0x00,
    0x00, 0x00, 0x00, 0x00, 0x00, 0x00,

    /* Unicode: U+006B */
    0x00, 0x00, 0x00, 0x00, 0x00, 0x00, 0x00, 0x00, 0x00, 0x00, 0x00,
    0x00, 0x00, 0x00, 0x00, 0x00, 0x00, 0x00, 0x00, 0x00, 0x00, 0x00,
    0x00, 0x00, 0x00, 0x00, 0x00, 0x00, 0x00, 0x00, 0x00, 0x00, 0x00,
    0x00, 0x00, 0x00, 0x00, 0x00, 0x00, 0x00, 0x00, 0x00, 0x00, 0x00,
    0x5C, 0xFF, 0x5C, 0x00, 0x00, 0x00, 0x00, 0x00, 0x00, 0x00, 0x00,
    0x5C, 0xFF, 0x5C, 0x00, 0x00, 0x00, 0x00, 0x00, 0x00, 0x00, 0x00,
    0x5C, 0xFF, 0x5C, 0x00, 0x00, 0x00, 0x00, 0x00, 0x00, 0x00, 0x00,
    0x5C, 0xFF, 0x5C, 0x00, 0x00, 0x00, 0x00, 0x00, 0x00, 0x00, 0x00,
    0x5C, 0xFF, 0x5C, 0x00, 0x00, 0x00, 0x1B, 0xD8, 0xF3, 0x39, 0x00,
    0x5C, 0xFF, 0x5C, 0x00, 0x00, 0x1F, 0xDC, 0xF7, 0x41, 0x00, 0x00,
    0x5C, 0xFF, 0x5C, 0x00, 0x22, 0xE0, 0xFA, 0x4A, 0x00, 0x00, 0x00,
    0x5C, 0xFF, 0x5C, 0x27, 0xE4, 0xFC, 0x53, 0x00, 0x00, 0x00, 0x00,
    0x5C, 0xFF, 0x87, 0xE8, 0xFF, 0xDC, 0x0A, 0x00, 0x00, 0x00, 0x00,
    0x5C, 0xFF, 0xFF, 0xF8, 0xBF, 0xFF, 0xA0, 0x00, 0x00, 0x00, 0x00,
    0x5C, 0xFF, 0xF3, 0x43, 0x08, 0xCD, 0xFF, 0x62, 0x00, 0x00, 0x00,
    0x5C, 0xFF, 0x68, 0x00, 0x00, 0x1F, 0xEC, 0xF6, 0x2E, 0x00, 0x00,
    0x5C, 0xFF, 0x5C, 0x00, 0x00, 0x00, 0x45, 0xFD, 0xD9, 0x0D, 0x00,
    0x5C, 0xFF, 0x5C, 0x00, 0x00, 0x00, 0x00, 0x79, 0xFF, 0xA9, 0x00,
    0x00, 0x00, 0x00, 0x00, 0x00, 0x00, 0x00, 0x00, 0x00, 0x00, 0x00,
    0x00, 0x00, 0x00, 0x00, 0x00, 0x00, 0x00, 0x00, 0x00, 0x00, 0x00,
    0x00, 0x00, 0x00, 0x00, 0x00, 0x00, 0x00, 0x00, 0x00, 0x00, 0x00,
    0x00, 0x00, 0x00, 0x00, 0x00, 0x00, 0x00, 0x00, 0x00, 0x00, 0x00,
    0x00, 0x00, 0x00, 0x00, 0x00, 0x00, 0x00, 0x00, 0x00, 0x00, 0x00,

    /* Unicode: U+006C */
    0x00, 0x00, 0x00,
    0x00, 0x00, 0x00,
    0x00, 0x00, 0x00,
    0x00, 0x00, 0x00,
    0x5C, 0xFF, 0x5C,
    0x5C, 0xFF, 0x5C,
    0x5C, 0xFF, 0x5C,
    0x5C, 0xFF, 0x5C,
    0x5C, 0xFF, 0x5C,
    0x5C, 0xFF, 0x5C,
    0x5C, 0xFF, 0x5C,
    0x5C, 0xFF, 0x5C,
    0x5C, 0xFF, 0x5C,
    0x5C, 0xFF, 0x5C,
    0x5C, 0xFF, 0x5C,
    0x5C, 0xFF, 0x5C,
    0x5C, 0xFF, 0x5C,
    0x5C, 0xFF, 0x5C,
    0x00, 0x00, 0x00,
    0x00, 0x00, 0x00,
    0x00, 0x00, 0x00,
    0x00, 0x00, 0x00,
    0x00, 0x00, 0x00,

    /* Unicode: U+006D */
    0x00, 0x00, 0x00, 0x00, 0x00, 0x00, 0x00, 0x00, 0x00, 0x00, 0x00, 0x00, 0x00, 0x00, 0x00, 0x00, 0x00,
    0x00, 0x00, 0x00, 0x00, 0x00, 0x00, 0x00, 0x00, 0x00, 0x00, 0x00, 0x00, 0x00, 0x00, 0x00, 0x00, 0x00,
    0x00, 0x00, 0x00, 0x00, 0x00, 0x00, 0x00, 0x00, 0x00, 0x00, 0x00, 0x00, 0x00, 0x00, 0x00, 0x00, 0x00,
    0x00, 0x00, 0x00, 0x00, 0x00, 0x00, 0x00, 0x00, 0x00, 0x00, 0x00, 0x00, 0x00, 0x00, 0x00, 0x00, 0x00,
    0x00, 0x00, 0x00, 0x00, 0x00, 0x00, 0x00, 0x00, 0x00, 0x00, 0x00, 0x00, 0x00, 0x00, 0x00, 0x00, 0x00,
    0x00, 0x00, 0x00, 0x00, 0x00, 0x00, 0x00, 0x00, 0x00, 0x00, 0x00, 0x00, 0x00, 0x00, 0x00, 0x00, 0x00,
    0x00, 0x00, 0x00, 0x00, 0x00, 0x00, 0x00, 0x00, 0x00, 0x00, 0x00, 0x00, 0x00, 0x00, 0x00, 0x00, 0x00,
    0x00, 0x00, 0x00, 0x00, 0x00, 0x00, 0x00, 0x00, 0x00, 0x00, 0x00, 0x00, 0x00, 0x00, 0x00, 0x00, 0x00,
    0x5C, 0xFF, 0x52, 0x7E, 0xDB, 0xF9, 0xE1, 0x84, 0x07, 0x0A, 0x83, 0xDB, 0xF9, 0xE4, 0x8E, 0x0A, 0x00,
    0x5C, 0xFF, 0xE0, 0xF9, 0xB2, 0x9E, 0xE0, 0xFF, 0xAB, 0xC6, 0xFB, 0xB5, 0x9D, 0xDC, 0xFF, 0xB7, 0x00,
    0x5C, 0xFF, 0xF7, 0x31, 0x00, 0x00, 0x0C, 0xD5, 0xFF, 0xFB, 0x3C, 0x00, 0x00, 0x08, 0xC9, 0xFF, 0x36,
    0x5C, 0xFF, 0x96, 0x00, 0x00, 0x00, 0x00, 0x71, 0xFF, 0xA6, 0x00, 0x00, 0x00, 0x00, 0x61, 0xFF, 0x6C,
    0x5C, 0xFF, 0x69, 0x00, 0x00, 0x00, 0x00, 0x53, 0xFF, 0x79, 0x00, 0x00, 0x00, 0x00, 0x43, 0xFF, 0x7B,
    0x5C, 0xFF, 0x5C, 0x00, 0x00, 0x00, 0x00, 0x50, 0xFF, 0x6C, 0x00, 0x00, 0x00, 0x00, 0x40, 0xFF, 0x7C,
    0x5C, 0xFF, 0x5C, 0x00, 0x00, 0x00, 0x00, 0x50, 0xFF, 0x6C, 0x00, 0x00, 0x00, 0x00, 0x40, 0xFF, 0x7C,
    0x5C, 0xFF, 0x5C, 0x00, 0x00, 0x00, 0x00, 0x50, 0xFF, 0x6C, 0x00, 0x00, 0x00, 0x00, 0x40, 0xFF, 0x7C,
    0x5C, 0xFF, 0x5C, 0x00, 0x00, 0x00, 0x00, 0x50, 0xFF, 0x6C, 0x00, 0x00, 0x00, 0x00, 0x40, 0xFF, 0x7C,
    0x5C, 0xFF, 0x5C, 0x00, 0x00, 0x00, 0x00, 0x50, 0xFF, 0x6C, 0x00, 0x00, 0x00, 0x00, 0x40, 0xFF, 0x7C,
    0x00, 0x00, 0x00, 0x00, 0x00, 0x00, 0x00, 0x00, 0x00, 0x00, 0x00, 0x00, 0x00, 0x00, 0x00, 0x00, 0x00,
    0x00, 0x00, 0x00, 0x00, 0x00, 0x00, 0x00, 0x00, 0x00, 0x00, 0x00, 0x00, 0x00, 0x00, 0x00, 0x00, 0x00,
    0x00, 0x00, 0x00, 0x00, 0x00, 0x00, 0x00, 0x00, 0x00, 0x00, 0x00, 0x00, 0x00, 0x00, 0x00, 0x00, 0x00,
    0x00, 0x00, 0x00, 0x00, 0x00, 0x00, 0x00, 0x00, 0x00, 0x00, 0x00, 0x00, 0x00, 0x00, 0x00, 0x00, 0x00,
    0x00, 0x00, 0x00, 0x00, 0x00, 0x00, 0x00, 0x00, 0x00, 0x00, 0x00, 0x00, 0x00, 0x00, 0x00, 0x00, 0x00,

    /* Unicode: U+006E */
    0x00, 0x00, 0x00, 0x00, 0x00, 0x00, 0x00, 0x00, 0x00, 0x00,
    0x00, 0x00, 0x00, 0x00, 0x00, 0x00, 0x00, 0x00, 0x00, 0x00,
    0x00, 0x00, 0x00, 0x00, 0x00, 0x00, 0x00, 0x00, 0x00, 0x00,
    0x00, 0x00, 0x00, 0x00, 0x00, 0x00, 0x00, 0x00, 0x00, 0x00,
    0x00, 0x00, 0x00, 0x00, 0x00, 0x00, 0x00, 0x00, 0x00, 0x00,
    0x00, 0x00, 0x00, 0x00, 0x00, 0x00, 0x00, 0x00, 0x00, 0x00,
    0x00, 0x00, 0x00, 0x00, 0x00, 0x00, 0x00, 0x00, 0x00, 0x00,
    0x00, 0x00, 0x00, 0x00, 0x00, 0x00, 0x00, 0x00, 0x00, 0x00,
    0x5C, 0xFF, 0x50, 0x75, 0xD5, 0xF8, 0xEB, 0xA3, 0x19, 0x00,
    0x5C, 0xFF, 0xDC, 0xFC, 0xB8, 0x9B, 0xCF, 0xFF, 0xDB, 0x0B,
    0x5C, 0xFF, 0xF9, 0x3A, 0x00, 0x00, 0x01, 0xA0, 0xFF, 0x68,
    0x5C, 0xFF, 0x9A, 0x00, 0x00, 0x00, 0x00, 0x2B, 0xFF, 0x9F,
    0x5C, 0xFF, 0x6A, 0x00, 0x00, 0x00, 0x00, 0x0B, 0xFF, 0xAF,
    0x5C, 0xFF, 0x5C, 0x00, 0x00, 0x00, 0x00, 0x08, 0xFF, 0xB0,
    0x5C, 0xFF, 0x5C, 0x00, 0x00, 0x00, 0x00, 0x08, 0xFF, 0xB0,
    0x5C, 0xFF, 0x5C, 0x00, 0x00, 0x00, 0x00, 0x08, 0xFF, 0xB0,
    0x5C, 0xFF, 0x5C, 0x00, 0x00, 0x00, 0x00, 0x08, 0xFF, 0xB0,
    0x5C, 0xFF, 0x5C, 0x00, 0x00, 0x00, 0x00, 0x08, 0xFF, 0xB0,
    0x00, 0x00, 0x00, 0x00, 0x00, 0x00, 0x00, 0x00, 0x00, 0x00,
    0x00, 0x00, 0x00, 0x00, 0x00, 0x00, 0x00, 0x00, 0x00, 0x00,
    0x00, 0x00, 0x00, 0x00, 0x00, 0x00, 0x00, 0x00, 0x00, 0x00,
    0x00, 0x00, 0x00, 0x00, 0x00, 0x00, 0x00, 0x00, 0x00, 0x00,
    0x00, 0x00, 0x00, 0x00, 0x00, 0x00, 0x00, 0x00, 0x00, 0x00,

    /* Unicode: U+006F */
    0x00, 0x00, 0x00, 0x00, 0x00, 0x00, 0x00, 0x00, 0x00, 0x00, 0x00,
    0x00, 0x00, 0x00, 0x00, 0x00, 0x00, 0x00, 0x00, 0x00, 0x00, 0x00,
    0x00, 0x00, 0x00, 0x00, 0x00, 0x00, 0x00, 0x00, 0x00, 0x00, 0x00,
    0x00, 0x00, 0x00, 0x00, 0x00, 0x00, 0x00, 0x00, 0x00, 0x00, 0x00,
    0x00, 0x00, 0x00, 0x00, 0x00, 0x00, 0x00, 0x00, 0x00, 0x00, 0x00,
    0x00, 0x00, 0x00, 0x00, 0x00, 0x00, 0x00, 0x00, 0x00, 0x00, 0x00,
    0x00, 0x00, 0x00, 0x00, 0x00, 0x00, 0x00, 0x00, 0x00, 0x00, 0x00,
    0x00, 0x00, 0x00, 0x00, 0x00, 0x00, 0x00, 0x00, 0x00, 0x00, 0x00,
    0x00, 0x00, 0x09, 0x7D, 0xD6, 0xF6, 0xE8, 0xAA, 0x31, 0x00, 0x00,
    0x00, 0x0E, 0xD0, 0xFF, 0xD0, 0x99, 0xAE, 0xF7, 0xF9, 0x51, 0x00,
    0x00, 0x9C, 0xFF, 0x7D, 0x00, 0x00, 0x00, 0x27, 0xE8, 0xF1, 0x15,
    0x0D, 0xF7, 0xCF, 0x00, 0x00, 0x00, 0x00, 0x00, 0x65, 0xFF, 0x71,
    0x31, 0xFF, 0x8D, 0x00, 0x00, 0x00, 0x00, 0x00, 0x21, 0xFF, 0x9D,
    0x31, 0xFF, 0x8E, 0x00, 0x00, 0x00, 0x00, 0x00, 0x22, 0xFF, 0x9C,
    0x0C, 0xF7, 0xD0, 0x00, 0x00, 0x00, 0x00, 0x00, 0x65, 0xFF, 0x6F,
    0x00, 0x9B, 0xFF, 0x7E, 0x00, 0x00, 0x00, 0x27, 0xE8, 0xF1, 0x15,
    0x00, 0x0E, 0xCF, 0xFF, 0xD0, 0x99, 0xAE, 0xF7, 0xF8, 0x50, 0x00,
    0x00, 0x00, 0x09, 0x7D, 0xD6, 0xF7, 0xE9, 0xAA, 0x31, 0x00, 0x00,
    0x00, 0x00, 0x00, 0x00, 0x00, 0x00, 0x00, 0x00, 0x00, 0x00, 0x00,
    0x00, 0x00, 0x00, 0x00, 0x00, 0x00, 0x00, 0x00, 0x00, 0x00, 0x00,
    0x00, 0x00, 0x00, 0x00, 0x00, 0x00, 0x00, 0x00, 0x00, 0x00, 0x00,
    0x00, 0x00, 0x00, 0x00, 0x00, 0x00, 0x00, 0x00, 0x00, 0x00, 0x00,
    0x00, 0x00, 0x00, 0x00, 0x00, 0x00, 0x00, 0x00, 0x00, 0x00, 0x00,

    /* Unicode: U+0070 */
    0x00, 0x00, 0x00, 0x00, 0x00, 0x00, 0x00, 0x00, 0x00, 0x00, 0x00,
    0x00, 0x00, 0x00, 0x00, 0x00, 0x00, 0x00, 0x00, 0x00, 0x00, 0x00,
    0x00, 0x00, 0x00, 0x00, 0x00, 0x00, 0x00, 0x00, 0x00, 0x00, 0x00,
    0x00, 0x00, 0x00, 0x00, 0x00, 0x00, 0x00, 0x00, 0x00, 0x00, 0x00,
    0x00, 0x00, 0x00, 0x00, 0x00, 0x00, 0x00, 0x00, 0x00, 0x00, 0x00,
    0x00, 0x00, 0x00, 0x00, 0x00, 0x00, 0x00, 0x00, 0x00, 0x00, 0x00,
    0x00, 0x00, 0x00, 0x00, 0x00, 0x00, 0x00, 0x00, 0x00, 0x00, 0x00,
    0x00, 0x00, 0x00, 0x00, 0x00, 0x00, 0x00, 0x00, 0x00, 0x00, 0x00,
    0x5C, 0xFF, 0x4C, 0x5D, 0xCE, 0xF7, 0xE7, 0xA4, 0x29, 0x00, 0x00,
    0x5C, 0xFF, 0xC0, 0xFF, 0xC4, 0x98, 0xBA, 0xFD, 0xF4, 0x3E, 0x00,
    0x5C, 0xFF, 0xFE, 0x5A, 0x00, 0x00, 0x00, 0x41, 0xF8, 0xE2, 0x05,
    0x5C, 0xFF, 0xA8, 0x00, 0x00, 0x00, 0x00, 0x00, 0x8B, 0xFF, 0x4C,
    0x5C, 0xFF, 0x65, 0x00, 0x00, 0x00, 0x00, 0x00, 0x46, 0xFF, 0x75,
    0x5C, 0xFF, 0x65, 0x00, 0x00, 0x00, 0x00, 0x00, 0x47, 0xFF, 0x74,
    0x5C, 0xFF, 0xA6, 0x00, 0x00, 0x00, 0x00, 0x00, 0x8C, 0xFF, 0x4B,
    0x5C, 0xFF, 0xFD, 0x54, 0x00, 0x00, 0x00, 0x41, 0xF9, 0xE2, 0x05,
    0x5C, 0xFF, 0xD4, 0xFF, 0xC2, 0x97, 0xBA, 0xFD, 0xF4, 0x3E, 0x00,
    0x5C, 0xFF, 0x5C, 0x64, 0xD1, 0xF8, 0xE8, 0xA5, 0x29, 0x00, 0x00,
    0x5C, 0xFF, 0x5C, 0x00, 0x00, 0x00, 0x00, 0x00, 0x00, 0x00, 0x00,
    0x5C, 0xFF, 0x5C, 0x00, 0x00, 0x00, 0x00, 0x00, 0x00, 0x00, 0x00,
    0x5C, 0xFF, 0x5C, 0x00, 0x00, 0x00, 0x00, 0x00, 0x00, 0x00, 0x00,
    0x5C, 0xFF, 0x5C, 0x00, 0x00, 0x00, 0x00, 0x00, 0x00, 0x00, 0x00,
    0x00, 0x00, 0x00, 0x00, 0x00, 0x00, 0x00, 0x00, 0x00, 0x00, 0x00,

    /* Unicode: U+0071 */
    0x00, 0x00, 0x00, 0x00, 0x00, 0x00, 0x00, 0x00, 0x00, 0x00, 0x00,
    0x00, 0x00, 0x00, 0x00, 0x00, 0x00, 0x00, 0x00, 0x00, 0x00, 0x00,
    0x00, 0x00, 0x00, 0x00, 0x00, 0x00, 0x00, 0x00, 0x00, 0x00, 0x00,
    0x00, 0x00, 0x00, 0x00, 0x00, 0x00, 0x00, 0x00, 0x00, 0x00, 0x00,
    0x00, 0x00, 0x00, 0x00, 0x00, 0x00, 0x00, 0x00, 0x00, 0x00, 0x00,
    0x00, 0x00, 0x00, 0x00, 0x00, 0x00, 0x00, 0x00, 0x00, 0x00, 0x00,
    0x00, 0x00, 0x00, 0x00, 0x00, 0x00, 0x00, 0x00, 0x00, 0x00, 0x00,
    0x00, 0x00, 0x00, 0x00, 0x00, 0x00, 0x00, 0x00, 0x00, 0x00, 0x00,
    0x00, 0x00, 0x0F, 0x89, 0xDC, 0xF8, 0xDF, 0x84, 0x0D, 0xFF, 0xA4,
    0x00, 0x14, 0xDA, 0xFF, 0xD0, 0x99, 0xB0, 0xF9, 0xBF, 0xFF, 0xA4,
    0x00, 0xA4, 0xFF, 0x7D, 0x00, 0x00, 0x00, 0x2B, 0xEA, 0xFF, 0xA4,
    0x0E, 0xF9, 0xCF, 0x00, 0x00, 0x00, 0x00, 0x00, 0x65, 0xFF, 0xA4,
    0x32, 0xFF, 0x8D, 0x00, 0x00, 0x00, 0x00, 0x00, 0x21, 0xFF, 0xA4,
    0x31, 0xFF, 0x8E, 0x00, 0x00, 0x00, 0x00, 0x00, 0x22, 0xFF, 0xA4,
    0x0E, 0xF9, 0xD0, 0x00, 0x00, 0x00, 0x00, 0x00, 0x65, 0xFF, 0xA4,
    0x00, 0xA4, 0xFF, 0x7E, 0x00, 0x00, 0x00, 0x27, 0xE8, 0xFF, 0xA4,
    0x00, 0x14, 0xDA, 0xFF, 0xD0, 0x99, 0xAE, 0xF7, 0xD4, 0xFF, 0xA4,
    0x00, 0x00, 0x0F, 0x89, 0xDD, 0xF8, 0xE1, 0x89, 0x23, 0xFF, 0xA4,
    0x00, 0x00, 0x00, 0x00, 0x00, 0x00, 0x00, 0x00, 0x18, 0xFF, 0xA4,
    0x00, 0x00, 0x00, 0x00, 0x00, 0x00, 0x00, 0x00, 0x18, 0xFF, 0xA4,
    0x00, 0x00, 0x00, 0x00, 0x00, 0x00, 0x00, 0x00, 0x18, 0xFF, 0xA4,
    0x00, 0x00, 0x00, 0x00, 0x00, 0x00, 0x00, 0x00, 0x18, 0xFF, 0xA4,
    0x00, 0x00, 0x00, 0x00, 0x00, 0x00, 0x00, 0x00, 0x00, 0x00, 0x00,

    /* Unicode: U+0072 */
    0x00, 0x00, 0x00, 0x00, 0x00, 0x00,
    0x00, 0x00, 0x00, 0x00, 0x00, 0x00,
    0x00, 0x00, 0x00, 0x00, 0x00, 0x00,
    0x00, 0x00, 0x00, 0x00, 0x00, 0x00,
    0x00, 0x00, 0x00, 0x00, 0x00, 0x00,
    0x00, 0x00, 0x00, 0x00, 0x00, 0x00,
    0x00, 0x00, 0x00, 0x00, 0x00, 0x00,
    0x00, 0x00, 0x00, 0x00, 0x00, 0x00,
    0x5C, 0xFF, 0x50, 0x77, 0xD7, 0xBD,
    0x5C, 0xFF, 0xD6, 0xFC, 0xB8, 0x74,
    0x5C, 0xFF, 0xFA, 0x3D, 0x00, 0x00,
    0x5C, 0xFF, 0x9E, 0x00, 0x00, 0x00,
    0x5C, 0xFF, 0x6C, 0x00, 0x00, 0x00,
    0x5C, 0xFF, 0x5C, 0x00, 0x00, 0x00,
    0x5C, 0xFF, 0x5C, 0x00, 0x00, 0x00,
    0x5C, 0xFF, 0x5C, 0x00, 0x00, 0x00,
    0x5C, 0xFF, 0x5C, 0x00, 0x00, 0x00,
    0x5C, 0xFF, 0x5C, 0x00, 0x00, 0x00,
    0x00, 0x00, 0x00, 0x00, 0x00, 0x00,
    0x00, 0x00, 0x00, 0x00, 0x00, 0x00,
    0x00, 0x00, 0x00, 0x00, 0x00, 0x00,
    0x00, 0x00, 0x00, 0x00, 0x00, 0x00,
    0x00, 0x00, 0x00, 0x00, 0x00, 0x00,

    /* Unicode: U+0073 */
    0x00, 0x00, 0x00, 0x00, 0x00, 0x00, 0x00, 0x00, 0x00,
    0x00, 0x00, 0x00, 0x00, 0x00, 0x00, 0x00, 0x00, 0x00,
    0x00, 0x00, 0x00, 0x00, 0x00, 0x00, 0x00, 0x00, 0x00,
    0x00, 0x00, 0x00, 0x00, 0x00, 0x00, 0x00, 0x00, 0x00,
    0x00, 0x00, 0x00, 0x00, 0x00, 0x00, 0x00, 0x00, 0x00,
    0x00, 0x00, 0x00, 0x00, 0x00, 0x00, 0x00, 0x00, 0x00,
    0x00, 0x00, 0x00, 0x00, 0x00, 0x00, 0x00, 0x00, 0x00,
    0x00, 0x00, 0x00, 0x00, 0x00, 0x00, 0x00, 0x00, 0x00,
    0x00, 0x10, 0x84, 0xD8, 0xF6, 0xE5, 0xC0, 0x6D, 0x05,
    0x03, 0xCC, 0xFF, 0xC1, 0x97, 0xAD, 0xE7, 0xE0, 0x05,
    0x35, 0xFF, 0x9B, 0x00, 0x00, 0x00, 0x07, 0x2A, 0x00,
    0x2E, 0xFF, 0xB4, 0x0C, 0x00, 0x00, 0x00, 0x00, 0x00,
    0x00, 0xB2, 0xFF, 0xF2, 0xB9, 0x85, 0x45, 0x02, 0x00,
    0x00, 0x02, 0x51, 0x97, 0xC9, 0xF6, 0xFF, 0xCA, 0x0B,
    0x00, 0x00, 0x00, 0x00, 0x00, 0x09, 0x93, 0xFF, 0x65,
    0x03, 0x50, 0x02, 0x00, 0x00, 0x00, 0x5F, 0xFF, 0x72,
    0x5C, 0xFF, 0xE4, 0xA8, 0x94, 0xAE, 0xF7, 0xF0, 0x1E,
    0x08, 0x6D, 0xC1, 0xEF, 0xF9, 0xDF, 0x9D, 0x25, 0x00,
    0x00, 0x00, 0x00, 0x00, 0x00, 0x00, 0x00, 0x00, 0x00,
    0x00, 0x00, 0x00, 0x00, 0x00, 0x00, 0x00, 0x00, 0x00,
    0x00, 0x00, 0x00, 0x00, 0x00, 0x00, 0x00, 0x00, 0x00,
    0x00, 0x00, 0x00, 0x00, 0x00, 0x00, 0x00, 0x00, 0x00,
    0x00, 0x00, 0x00, 0x00, 0x00, 0x00, 0x00, 0x00, 0x00,

    /* Unicode: U+0074 */
    0x00, 0x00, 0x00, 0x00, 0x00, 0x00, 0x00,
    0x00, 0x00, 0x00, 0x00, 0x00, 0x00, 0x00,
    0x00, 0x00, 0x00, 0x00, 0x00, 0x00, 0x00,
    0x00, 0x00, 0x00, 0x00, 0x00, 0x00, 0x00,
    0x00, 0x00, 0x00, 0x00, 0x00, 0x00, 0x00,
    0x00, 0x00, 0x00, 0x00, 0x00, 0x00, 0x00,
    0x00, 0x1C, 0xFF, 0xA0, 0x00, 0x00, 0x00,
    0x00, 0x1C, 0xFF, 0xA0, 0x00, 0x00, 0x00,
    0xBC, 0xFF, 0xFF, 0xFF, 0xFF, 0xFF, 0x5C,
    0x69, 0x9C, 0xFF, 0xD6, 0x90, 0x90, 0x33,
    0x00, 0x1C, 0xFF, 0xA0, 0x00, 0x00, 0x00,
    0x00, 0x1C, 0xFF, 0xA0, 0x00, 0x00, 0x00,
    0x00, 0x1C, 0xFF, 0xA0, 0x00, 0x00, 0x00,
    0x00, 0x1C, 0xFF, 0xA0, 0x00, 0x00, 0x00,
    0x00, 0x1B, 0xFF, 0xA0, 0x00, 0x00, 0x00,
    0x00, 0x08, 0xFE, 0xBE, 0x00, 0x00, 0x00,
    0x00, 0x00, 0xBE, 0xFF, 0xA4, 0x8D, 0x93,
    0x00, 0x00, 0x1D, 0xB0, 0xEF, 0xEA, 0x91,
    0x00, 0x00, 0x00, 0x00, 0x00, 0x00, 0x00,
    0x00, 0x00, 0x00, 0x00, 0x00, 0x00, 0x00,
    0x00, 0x00, 0x00, 0x00, 0x00, 0x00, 0x00,
    0x00, 0x00, 0x00, 0x00, 0x00, 0x00, 0x00,
    0x00, 0x00, 0x00, 0x00, 0x00, 0x00, 0x00,

    /* Unicode: U+0075 */
    0x00, 0x00, 0x00, 0x00, 0x00, 0x00, 0x00, 0x00, 0x00, 0x00,
    0x00, 0x00, 0x00, 0x00, 0x00, 0x00, 0x00, 0x00, 0x00, 0x00,
    0x00, 0x00, 0x00, 0x00, 0x00, 0x00, 0x00, 0x00, 0x00, 0x00,
    0x00, 0x00, 0x00, 0x00, 0x00, 0x00, 0x00, 0x00, 0x00, 0x00,
    0x00, 0x00, 0x00, 0x00, 0x00, 0x00, 0x00, 0x00, 0x00, 0x00,
    0x00, 0x00, 0x00, 0x00, 0x00, 0x00, 0x00, 0x00, 0x00, 0x00,
    0x00, 0x00, 0x00, 0x00, 0x00, 0x00, 0x00, 0x00, 0x00, 0x00,
    0x00, 0x00, 0x00, 0x00, 0x00, 0x00, 0x00, 0x00, 0x00, 0x00,
    0x74, 0xFF, 0x48, 0x00, 0x00, 0x00, 0x00, 0x34, 0xFF, 0x88,
    0x74, 0xFF, 0x48, 0x00, 0x00, 0x00, 0x00, 0x34, 0xFF, 0x88,
    0x74, 0xFF, 0x48, 0x00, 0x00, 0x00, 0x00, 0x34, 0xFF, 0x88,
    0x74, 0xFF, 0x48, 0x00, 0x00, 0x00, 0x00, 0x34, 0xFF, 0x88,
    0x74, 0xFF, 0x48, 0x00, 0x00, 0x00, 0x00, 0x34, 0xFF, 0x88,
    0x73, 0xFF, 0x4B, 0x00, 0x00, 0x00, 0x00, 0x41, 0xFF, 0x88,
    0x64, 0xFF, 0x6B, 0x00, 0x00, 0x00, 0x00, 0x71, 0xFF, 0x88,
    0x2C, 0xFF, 0xD2, 0x0C, 0x00, 0x00, 0x20, 0xE7, 0xFF, 0x88,
    0x00, 0xA9, 0xFF, 0xE2, 0x9F, 0xAD, 0xF2, 0xDB, 0xFF, 0x88,
    0x00, 0x06, 0x80, 0xDD, 0xFA, 0xE5, 0x90, 0x2B, 0xFF, 0x88,
    0x00, 0x00, 0x00, 0x00, 0x00, 0x00, 0x00, 0x00, 0x00, 0x00,
    0x00, 0x00, 0x00, 0x00, 0x00, 0x00, 0x00, 0x00, 0x00, 0x00,
    0x00, 0x00, 0x00, 0x00, 0x00, 0x00, 0x00, 0x00, 0x00, 0x00,
    0x00, 0x00, 0x00, 0x00, 0x00, 0x00, 0x00, 0x00, 0x00, 0x00,
    0x00, 0x00, 0x00, 0x00, 0x00, 0x00, 0x00, 0x00, 0x00, 0x00,

    /* Unicode: U+0076 */
    0x00, 0x00, 0x00, 0x00, 0x00, 0x00, 0x00, 0x00, 0x00, 0x00, 0x00, 0x00,
    0x00, 0x00, 0x00, 0x00, 0x00, 0x00, 0x00, 0x00, 0x00, 0x00, 0x00, 0x00,
    0x00, 0x00, 0x00, 0x00, 0x00, 0x00, 0x00, 0x00, 0x00, 0x00, 0x00, 0x00,
    0x00, 0x00, 0x00, 0x00, 0x00, 0x00, 0x00, 0x00, 0x00, 0x00, 0x00, 0x00,
    0x00, 0x00, 0x00, 0x00, 0x00, 0x00, 0x00, 0x00, 0x00, 0x00, 0x00, 0x00,
    0x00, 0x00, 0x00, 0x00, 0x00, 0x00, 0x00, 0x00, 0x00, 0x00, 0x00, 0x00,
    0x00, 0x00, 0x00, 0x00, 0x00, 0x00, 0x00, 0x00, 0x00, 0x00, 0x00, 0x00,
    0x00, 0x00, 0x00, 0x00, 0x00, 0x00, 0x00, 0x00, 0x00, 0x00, 0x00, 0x00,
    0x00, 0xD2, 0xEE, 0x09, 0x00, 0x00, 0x00, 0x00, 0x00, 0xD1, 0xDC, 0x01,
    0x00, 0x68, 0xFF, 0x60, 0x00, 0x00, 0x00, 0x00, 0x3C, 0xFF, 0x73, 0x00,
    0x00, 0x0C, 0xF1, 0xC8, 0x00, 0x00, 0x00, 0x00, 0xA6, 0xF6, 0x12, 0x00,
    0x00, 0x00, 0x92, 0xFF, 0x31, 0x00, 0x00, 0x16, 0xF9, 0x9D, 0x00, 0x00,
    0x00, 0x00, 0x28, 0xFF, 0x99, 0x00, 0x00, 0x7B, 0xFF, 0x33, 0x00, 0x00,
    0x00, 0x00, 0x00, 0xBD, 0xF3, 0x0E, 0x03, 0xE1, 0xC8, 0x00, 0x00, 0x00,
    0x00, 0x00, 0x00, 0x52, 0xFF, 0x6A, 0x50, 0xFF, 0x5D, 0x00, 0x00, 0x00,
    0x00, 0x00, 0x00, 0x03, 0xE3, 0xD2, 0xBA, 0xEB, 0x07, 0x00, 0x00, 0x00,
    0x00, 0x00, 0x00, 0x00, 0x7C, 0xFF, 0xFF, 0x87, 0x00, 0x00, 0x00, 0x00,
    0x00, 0x00, 0x00, 0x00, 0x17, 0xF9, 0xFD, 0x1F, 0x00, 0x00, 0x00, 0x00,
    0x00, 0x00, 0x00, 0x00, 0x00, 0x00, 0x00, 0x00, 0x00, 0x00, 0x00, 0x00,
    0x00, 0x00, 0x00, 0x00, 0x00, 0x00, 0x00, 0x00, 0x00, 0x00, 0x00, 0x00,
    0x00, 0x00, 0x00, 0x00, 0x00, 0x00, 0x00, 0x00, 0x00, 0x00, 0x00, 0x00,
    0x00, 0x00, 0x00, 0x00, 0x00, 0x00, 0x00, 0x00, 0x00, 0x00, 0x00, 0x00,
    0x00, 0x00, 0x00, 0x00, 0x00, 0x00, 0x00, 0x00, 0x00, 0x00, 0x00, 0x00,

    /* Unicode: U+0077 */
    0x00, 0x00, 0x00, 0x00, 0x00, 0x00, 0x00, 0x00, 0x00, 0x00, 0x00, 0x00, 0x00, 0x00, 0x00, 0x00, 0x00,
    0x00, 0x00, 0x00, 0x00, 0x00, 0x00, 0x00, 0x00, 0x00, 0x00, 0x00, 0x00, 0x00, 0x00, 0x00, 0x00, 0x00,
    0x00, 0x00, 0x00, 0x00, 0x00, 0x00, 0x00, 0x00, 0x00, 0x00, 0x00, 0x00, 0x00, 0x00, 0x00, 0x00, 0x00,
    0x00, 0x00, 0x00, 0x00, 0x00, 0x00, 0x00, 0x00, 0x00, 0x00, 0x00, 0x00, 0x00, 0x00, 0x00, 0x00, 0x00,
    0x00, 0x00, 0x00, 0x00, 0x00, 0x00, 0x00, 0x00, 0x00, 0x00, 0x00, 0x00, 0x00, 0x00, 0x00, 0x00, 0x00,
    0x00, 0x00, 0x00, 0x00, 0x00, 0x00, 0x00, 0x00, 0x00, 0x00, 0x00, 0x00, 0x00, 0x00, 0x00, 0x00, 0x00,
    0x00, 0x00, 0x00, 0x00, 0x00, 0x00, 0x00, 0x00, 0x00, 0x00, 0x00, 0x00, 0x00, 0x00, 0x00, 0x00, 0x00,
    0x00, 0x00, 0x00, 0x00, 0x00, 0x00, 0x00, 0x00, 0x00, 0x00, 0x00, 0x00, 0x00, 0x00, 0x00, 0x00, 0x00,
    0xB7, 0xE8, 0x03, 0x00, 0x00, 0x00, 0x00, 0xCB, 0xF8, 0x10, 0x00, 0x00, 0x00, 0x00, 0xA6, 0xE4, 0x02,
    0x5C, 0xFF, 0x44, 0x00, 0x00, 0x00, 0x26, 0xFF, 0xFF, 0x63, 0x00, 0x00, 0x00, 0x0B, 0xF4, 0x8A, 0x00,
    0x0C, 0xF5, 0x9C, 0x00, 0x00, 0x00, 0x83, 0xFC, 0xEA, 0xBD, 0x00, 0x00, 0x00, 0x5B, 0xFF, 0x2F, 0x00,
    0x00, 0xA6, 0xEF, 0x06, 0x00, 0x00, 0xDD, 0xB7, 0x89, 0xFD, 0x19, 0x00, 0x00, 0xB5, 0xD4, 0x00, 0x00,
    0x00, 0x4C, 0xFF, 0x4D, 0x00, 0x3B, 0xFF, 0x58, 0x2A, 0xFF, 0x71, 0x00, 0x14, 0xFB, 0x79, 0x00, 0x00,
    0x00, 0x05, 0xEB, 0xA6, 0x00, 0x97, 0xF0, 0x09, 0x00, 0xCC, 0xCB, 0x00, 0x6B, 0xFE, 0x1F, 0x00, 0x00,
    0x00, 0x00, 0x96, 0xF4, 0x10, 0xEC, 0x9B, 0x00, 0x00, 0x6E, 0xFF, 0x26, 0xC5, 0xC2, 0x00, 0x00, 0x00,
    0x00, 0x00, 0x3B, 0xFF, 0xA6, 0xFF, 0x3C, 0x00, 0x00, 0x15, 0xFA, 0xA1, 0xFF, 0x67, 0x00, 0x00, 0x00,
    0x00, 0x00, 0x01, 0xDF, 0xFF, 0xDC, 0x00, 0x00, 0x00, 0x00, 0xB2, 0xFF, 0xFA, 0x12, 0x00, 0x00, 0x00,
    0x00, 0x00, 0x00, 0x85, 0xFF, 0x7F, 0x00, 0x00, 0x00, 0x00, 0x53, 0xFF, 0xB1, 0x00, 0x00, 0x00, 0x00,
    0x00, 0x00, 0x00, 0x00, 0x00, 0x00, 0x00, 0x00, 0x00, 0x00, 0x00, 0x00, 0x00, 0x00, 0x00, 0x00, 0x00,
    0x00, 0x00, 0x00, 0x00, 0x00, 0x00, 0x00, 0x00, 0x00, 0x00, 0x00, 0x00, 0x00, 0x00, 0x00, 0x00, 0x00,
    0x00, 0x00, 0x00, 0x00, 0x00, 0x00, 0x00, 0x00, 0x00, 0x00, 0x00, 0x00, 0x00, 0x00, 0x00, 0x00, 0x00,
    0x00, 0x00, 0x00, 0x00, 0x00, 0x00, 0x00, 0x00, 0x00, 0x00, 0x00, 0x00, 0x00, 0x00, 0x00, 0x00, 0x00,
    0x00, 0x00, 0x00, 0x00, 0x00, 0x00, 0x00, 0x00, 0x00, 0x00, 0x00, 0x00, 0x00, 0x00, 0x00, 0x00, 0x00,

    /* Unicode: U+0078 */
    0x00, 0x00, 0x00, 0x00, 0x00, 0x00, 0x00, 0x00, 0x00, 0x00,
    0x00, 0x00, 0x00, 0x00, 0x00, 0x00, 0x00, 0x00, 0x00, 0x00,
    0x00, 0x00, 0x00, 0x00, 0x00, 0x00, 0x00, 0x00, 0x00, 0x00,
    0x00, 0x00, 0x00, 0x00, 0x00, 0x00, 0x00, 0x00, 0x00, 0x00,
    0x00, 0x00, 0x00, 0x00, 0x00, 0x00, 0x00, 0x00, 0x00, 0x00,
    0x00, 0x00, 0x00, 0x00, 0x00, 0x00, 0x00, 0x00, 0x00, 0x00,
    0x00, 0x00, 0x00, 0x00, 0x00, 0x00, 0x00, 0x00, 0x00, 0x00,
    0x00, 0x00, 0x00, 0x00, 0x00, 0x00, 0x00, 0x00, 0x00, 0x00,
    0x38, 0xFB, 0xB6, 0x01, 0x00, 0x00, 0x02, 0xC1, 0xF5, 0x29,
    0x00, 0x7A, 0xFF, 0x6F, 0x00, 0x00, 0x7A, 0xFF, 0x64, 0x00,
    0x00, 0x02, 0xBE, 0xF8, 0x2E, 0x35, 0xFB, 0xAA, 0x00, 0x00,
    0x00, 0x00, 0x1A, 0xEC, 0xD5, 0xDB, 0xDF, 0x0F, 0x00, 0x00,
    0x00, 0x00, 0x00, 0x4E, 0xFF, 0xFC, 0x39, 0x00, 0x00, 0x00,
    0x00, 0x00, 0x00, 0x67, 0xFF, 0xFF, 0x4F, 0x00, 0x00, 0x00,
    0x00, 0x00, 0x2E, 0xF7, 0xBD, 0xCB, 0xEF, 0x20, 0x00, 0x00,
    0x00, 0x0B, 0xD8, 0xEA, 0x19, 0x24, 0xF3, 0xC9, 0x05, 0x00,
    0x00, 0xA2, 0xFE, 0x48, 0x00, 0x00, 0x5E, 0xFF, 0x8F, 0x00,
    0x61, 0xFF, 0x8A, 0x00, 0x00, 0x00, 0x00, 0xA4, 0xFF, 0x50,
    0x00, 0x00, 0x00, 0x00, 0x00, 0x00, 0x00, 0x00, 0x00, 0x00,
    0x00, 0x00, 0x00, 0x00, 0x00, 0x00, 0x00, 0x00, 0x00, 0x00,
    0x00, 0x00, 0x00, 0x00, 0x00, 0x00, 0x00, 0x00, 0x00, 0x00,
    0x00, 0x00, 0x00, 0x00, 0x00, 0x00, 0x00, 0x00, 0x00, 0x00,
    0x00, 0x00, 0x00, 0x00, 0x00, 0x00, 0x00, 0x00, 0x00, 0x00,

    /* Unicode: U+0079 */
    0x00, 0x00, 0x00, 0x00, 0x00, 0x00, 0x00, 0x00, 0x00, 0x00, 0x00, 0x00,
    0x00, 0x00, 0x00, 0x00, 0x00, 0x00, 0x00, 0x00, 0x00, 0x00, 0x00, 0x00,
    0x00, 0x00, 0x00, 0x00, 0x00, 0x00, 0x00, 0x00, 0x00, 0x00, 0x00, 0x00,
    0x00, 0x00, 0x00, 0x00, 0x00, 0x00, 0x00, 0x00, 0x00, 0x00, 0x00, 0x00,
    0x00, 0x00, 0x00, 0x00, 0x00, 0x00, 0x00, 0x00, 0x00, 0x00, 0x00, 0x00,
    0x00, 0x00, 0x00, 0x00, 0x00, 0x00, 0x00, 0x00, 0x00, 0x00, 0x00, 0x00,
    0x00, 0x00, 0x00, 0x00, 0x00, 0x00, 0x00, 0x00, 0x00, 0x00, 0x00, 0x00,
    0x00, 0x00, 0x00, 0x00, 0x00, 0x00, 0x00, 0x00, 0x00, 0x00, 0x00, 0x00,
    0x00, 0xD3, 0xEE, 0x09, 0x00, 0x00, 0x00, 0x00, 0x00, 0xCF, 0xDD, 0x01,
    0x00, 0x6A, 0xFF, 0x5F, 0x00, 0x00, 0x00, 0x00, 0x36, 0xFF, 0x75, 0x00,
    0x00, 0x0D, 0xF3, 0xC7, 0x00, 0x00, 0x00, 0x00, 0x9D, 0xF7, 0x13, 0x00,
    0x00, 0x00, 0x98, 0xFF, 0x2F, 0x00, 0x00, 0x0F, 0xF5, 0xA1, 0x00, 0x00,
    0x00, 0x00, 0x2E, 0xFF, 0x97, 0x00, 0x00, 0x6B, 0xFF, 0x37, 0x00, 0x00,
    0x00, 0x00, 0x00, 0xC5, 0xF2, 0x0C, 0x00, 0xD1, 0xCD, 0x00, 0x00, 0x00,
    0x00, 0x00, 0x00, 0x5C, 0xFF, 0x67, 0x39, 0xFF, 0x64, 0x00, 0x00, 0x00,
    0x00, 0x00, 0x00, 0x07, 0xEB, 0xCE, 0xA0, 0xEF, 0x0A, 0x00, 0x00, 0x00,
    0x00, 0x00, 0x00, 0x00, 0x89, 0xFF, 0xFB, 0x90, 0x00, 0x00, 0x00, 0x00,
    0x00, 0x00, 0x00, 0x00, 0x22, 0xFE, 0xFF, 0x27, 0x00, 0x00, 0x00, 0x00,
    0x00, 0x00, 0x00, 0x00, 0x07, 0xEF, 0xBC, 0x00, 0x00, 0x00, 0x00, 0x00,
    0x00, 0x0F, 0x00, 0x00, 0x6E, 0xFF, 0x4B, 0x00, 0x00, 0x00, 0x00, 0x00,
    0x1A, 0xED, 0xA1, 0x9B, 0xF9, 0xBE, 0x00, 0x00, 0x00, 0x00, 0x00, 0x00,
    0x16, 0xA4, 0xEA, 0xEF, 0xA4, 0x11, 0x00, 0x00, 0x00, 0x00, 0x00, 0x00,
    0x00, 0x00, 0x00, 0x00, 0x00, 0x00, 0x00, 0x00, 0x00, 0x00, 0x00, 0x00,

    /* Unicode: U+007A */
    0x00, 0x00, 0x00, 0x00, 0x00, 0x00, 0x00, 0x00, 0x00,
    0x00, 0x00, 0x00, 0x00, 0x00, 0x00, 0x00, 0x00, 0x00,
    0x00, 0x00, 0x00, 0x00, 0x00, 0x00, 0x00, 0x00, 0x00,
    0x00, 0x00, 0x00, 0x00, 0x00, 0x00, 0x00, 0x00, 0x00,
    0x00, 0x00, 0x00, 0x00, 0x00, 0x00, 0x00, 0x00, 0x00,
    0x00, 0x00, 0x00, 0x00, 0x00, 0x00, 0x00, 0x00, 0x00,
    0x00, 0x00, 0x00, 0x00, 0x00, 0x00, 0x00, 0x00, 0x00,
    0x00, 0x00, 0x00, 0x00, 0x00, 0x00, 0x00, 0x00, 0x00,
    0x2C, 0xFF, 0xFF, 0xFF, 0xFF, 0xFF, 0xFF, 0xFF, 0x90,
    0x18, 0x90, 0x90, 0x90, 0x90, 0x90, 0xEB, 0xFF, 0x5A,
    0x00, 0x00, 0x00, 0x00, 0x00, 0x5F, 0xFF, 0x97, 0x00,
    0x00, 0x00, 0x00, 0x00, 0x30, 0xF6, 0xC8, 0x06, 0x00,
    0x00, 0x00, 0x00, 0x11, 0xDE, 0xEA, 0x1C, 0x00, 0x00,
    0x00, 0x00, 0x01, 0xB5, 0xFC, 0x41, 0x00, 0x00, 0x00,
    0x00, 0x00, 0x80, 0xFF, 0x74, 0x00, 0x00, 0x00, 0x00,
    0x00, 0x49, 0xFD, 0xAB, 0x00, 0x00, 0x00, 0x00, 0x00,
    0x1C, 0xEE, 0xFF, 0x9C, 0x90, 0x90, 0x90, 0x90, 0x67,
    0x48, 0xFF, 0xFF, 0xFF, 0xFF, 0xFF, 0xFF, 0xFF, 0xB8,
    0x00, 0x00, 0x00, 0x00, 0x00, 0x00, 0x00, 0x00, 0x00,
    0x00, 0x00, 0x00, 0x00, 0x00, 0x00, 0x00, 0x00, 0x00,
    0x00, 0x00, 0x00, 0x00, 0x00, 0x00, 0x00, 0x00, 0x00,
    0x00, 0x00, 0x00, 0x00, 0x00, 0x00, 0x00, 0x00, 0x00,
    0x00, 0x00, 0x00, 0x00, 0x00, 0x00, 0x00, 0x00, 0x00,

    /* Unicode: U+007B */
    0x00, 0x00, 0x00, 0x00, 0x00,
    0x00, 0x00, 0x00, 0x00, 0x00,
    0x00, 0x00, 0x00, 0x00, 0x00,
    0x00, 0x00, 0x00, 0x00, 0x00,
    0x00, 0x00, 0x79, 0xE4, 0xF7,
    0x00, 0x3F, 0xFF, 0xE5, 0x91,
    0x00, 0x79, 0xFF, 0x4B, 0x00,
    0x00, 0x88, 0xFF, 0x30, 0x00,
    0x00, 0x88, 0xFF, 0x30, 0x00,
    0x00, 0x88, 0xFF, 0x30, 0x00,
    0x00, 0x88, 0xFF, 0x30, 0x00,
    0x00, 0x92, 0xFF, 0x2C, 0x00,
    0x91, 0xEE, 0xEC, 0x0A, 0x00,
    0xF8, 0xFF, 0xAB, 0x00, 0x00,
    0x05, 0xB2, 0xFF, 0x23, 0x00,
    0x00, 0x88, 0xFF, 0x30, 0x00,
    0x00, 0x88, 0xFF, 0x30, 0x00,
    0x00, 0x88, 0xFF, 0x30, 0x00,
    0x00, 0x88, 0xFF, 0x30, 0x00,
    0x00, 0x7D, 0xFF, 0x48, 0x00,
    0x00, 0x48, 0xFF, 0xE3, 0x90,
    0x00, 0x00, 0x81, 0xE6, 0xF7,
    0x00, 0x00, 0x00, 0x00, 0x00,

    /* Unicode: U+007C */
    0x00, 0x00, 0x00,
    0x00, 0x00, 0x00,
    0x00, 0x00, 0x00,
    0x00, 0x00, 0x00,
    0x1C, 0xFF, 0x7C,
    0x1C, 0xFF, 0x7C,
    0x1C, 0xFF, 0x7C,
    0x1C, 0xFF, 0x7C,
    0x1C, 0xFF, 0x7C,
    0x1C, 0xFF, 0x7C,
    0x1C, 0xFF, 0x7C,
    0x1C, 0xFF, 0x7C,
    0x1C, 0xFF, 0x7C,
    0x1C, 0xFF, 0x7C,
    0x1C, 0xFF, 0x7C,
    0x1C, 0xFF, 0x7C,
    0x1C, 0xFF, 0x7C,
    0x1C, 0xFF, 0x7C,
    0x1C, 0xFF, 0x7C,
    0x1C, 0xFF, 0x7C,
    0x1C, 0xFF, 0x7C,
    0x1C, 0xFF, 0x7C,
    0x00, 0x00, 0x00,

    /* Unicode: U+007D */
    0x00, 0x00, 0x00, 0x00, 0x00, 0x00,
    0x00, 0x00, 0x00, 0x00, 0x00, 0x00,
    0x00, 0x00, 0x00, 0x00, 0x00, 0x00,
    0x00, 0x00, 0x00, 0x00, 0x00, 0x00,
    0xA8, 0xF0, 0xAB, 0x12, 0x00, 0x00,
    0x5F, 0xC6, 0xFF, 0x94, 0x00, 0x00,
    0x00, 0x07, 0xF2, 0xD0, 0x00, 0x00,
    0x00, 0x00, 0xDC, 0xE0, 0x00, 0x00,
    0x00, 0x00, 0xDC, 0xE0, 0x00, 0x00,
    0x00, 0x00, 0xDC, 0xE0, 0x00, 0x00,
    0x00, 0x00, 0xDC, 0xE0, 0x00, 0x00,
    0x00, 0x00, 0xD8, 0xE9, 0x00, 0x00,
    0x00, 0x00, 0xA5, 0xFF, 0xA9, 0x28,
    0x00, 0x00, 0x5F, 0xFE, 0xFF, 0x48,
    0x00, 0x00, 0xD1, 0xF6, 0x17, 0x00,
    0x00, 0x00, 0xDC, 0xE0, 0x00, 0x00,
    0x00, 0x00, 0xDC, 0xE0, 0x00, 0x00,
    0x00, 0x00, 0xDC, 0xE0, 0x00, 0x00,
    0x00, 0x00, 0xDC, 0xE0, 0x00, 0x00,
    0x00, 0x05, 0xF0, 0xD4, 0x00, 0x00,
    0x5F, 0xC4, 0xFF, 0x9D, 0x00, 0x00,
    0xA8, 0xF2, 0xB0, 0x16, 0x00, 0x00,
    0x00, 0x00, 0x00, 0x00, 0x00, 0x00,

    /* Unicode: U+007E */
    0x00, 0x00, 0x00, 0x00, 0x00, 0x00, 0x00, 0x00, 0x00,
    0x00, 0x00, 0x00, 0x00, 0x00, 0x00, 0x00, 0x00, 0x00,
    0x00, 0x00, 0x00, 0x00, 0x00, 0x00, 0x00, 0x00, 0x00,
    0x00, 0x00, 0x00, 0x00, 0x00, 0x00, 0x00, 0x00, 0x00,
    0x00, 0x00, 0x00, 0x00, 0x00, 0x00, 0x00, 0x00, 0x00,
    0x00, 0x00, 0x00, 0x00, 0x00, 0x00, 0x00, 0x00, 0x00,
    0x00, 0x00, 0x00, 0x00, 0x00, 0x00, 0x00, 0x00, 0x00,
    0x00, 0x00, 0x00, 0x00, 0x00, 0x00, 0x00, 0x00, 0x00,
    0x00, 0x00, 0x00, 0x00, 0x00, 0x00, 0x00, 0x00, 0x00,
    0x00, 0x00, 0x00, 0x00, 0x00, 0x00, 0x00, 0x00, 0x00,
    0x1C, 0xC0, 0xF2, 0xBE, 0x38, 0x00, 0x00, 0xD3, 0x5C,
    0xA6, 0xD9, 0x7F, 0xD6, 0xFE, 0xB2, 0xB7, 0xFC, 0x23,
    0xE2, 0x48, 0x00, 0x06, 0x7E, 0xE2, 0xE9, 0x6B, 0x00,
    0x00, 0x00, 0x00, 0x00, 0x00, 0x00, 0x00, 0x00, 0x00,
    0x00, 0x00, 0x00, 0x00, 0x00, 0x00, 0x00, 0x00, 0x00,
    0x00, 0x00, 0x00, 0x00, 0x00, 0x00, 0x00, 0x00, 0x00,
    0x00, 0x00, 0x00, 0x00, 0x00, 0x00, 0x00, 0x00, 0x00,
    0x00, 0x00, 0x00, 0x00, 0x00, 0x00, 0x00, 0x00, 0x00,
    0x00, 0x00, 0x00, 0x00, 0x00, 0x00, 0x00, 0x00, 0x00,
    0x00, 0x00, 0x00, 0x00, 0x00, 0x00, 0x00, 0x00, 0x00,
    0x00, 0x00, 0x00, 0x00, 0x00, 0x00, 0x00, 0x00, 0x00,
    0x00, 0x00, 0x00, 0x00, 0x00, 0x00, 0x00, 0x00, 0x00,
    0x00, 0x00, 0x00, 0x00, 0x00, 0x00, 0x00, 0x00, 0x00,

    /* Unicode: U+007F */
    0x00, 0x00, 0x00, 0x00, 0x00, 0x00, 0x00, 0x00, 0x00, 0x00,
    0x00, 0x00, 0x00, 0x00, 0x00, 0x00, 0x00, 0x00, 0x00, 0x00,
    0x00, 0x00, 0x00, 0x00, 0x00, 0x00, 0x00, 0x00, 0x00, 0x00,
    0x00, 0x00, 0x00, 0x00, 0x00, 0x00, 0x00, 0x00, 0x00, 0x00,
    0x00, 0x00, 0x00, 0x00, 0x00, 0x00, 0x00, 0x00, 0x00, 0x00,
    0x02, 0x08, 0x08, 0x08, 0x08, 0x08, 0x08, 0x08, 0x08, 0x06,
    0x48, 0xFF, 0xFF, 0xFF, 0xFF, 0xFF, 0xFF, 0xFF, 0xFF, 0xD8,
    0x48, 0xFF, 0x57, 0x38, 0x38, 0x38, 0x38, 0x38, 0xAE, 0xD8,
    0x48, 0xFF, 0x28, 0x00, 0x00, 0x00, 0x00, 0x00, 0x98, 0xD8,
    0x48, 0xFF, 0x28, 0x00, 0x00, 0x00, 0x00, 0x00, 0x98, 0xD8,
    0x48, 0xFF, 0x28, 0x00, 0x00, 0x00, 0x00, 0x00, 0x98, 0xD8,
    0x48, 0xFF, 0x28, 0x00, 0x00, 0x00, 0x00, 0x00, 0x98, 0xD8,
    0x48, 0xFF, 0x28, 0x00, 0x00, 0x00, 0x00, 0x00, 0x98, 0xD8,
    0x48, 0xFF, 0x28, 0x00, 0x00, 0x00, 0x00, 0x00, 0x98, 0xD8,
    0x48, 0xFF, 0x28, 0x00, 0x00, 0x00, 0x00, 0x00, 0x98, 0xD8,
    0x48, 0xFF, 0x28, 0x00, 0x00, 0x00, 0x00, 0x00, 0x98, 0xD8,
    0x48, 0xFF, 0x32, 0x0C, 0x0C, 0x0C, 0x0C, 0x0C, 0x9C, 0xD8,
    0x48, 0xFF, 0xFF, 0xFF, 0xFF, 0xFF, 0xFF, 0xFF, 0xFF, 0xD8,
    0x0F, 0x38, 0x38, 0x38, 0x38, 0x38, 0x38, 0x38, 0x38, 0x2F,
    0x00, 0x00, 0x00, 0x00, 0x00, 0x00, 0x00, 0x00, 0x00, 0x00,
    0x00, 0x00, 0x00, 0x00, 0x00, 0x00, 0x00, 0x00, 0x00, 0x00,
    0x00, 0x00, 0x00, 0x00, 0x00, 0x00, 0x00, 0x00, 0x00, 0x00,
    0x00, 0x00, 0x00, 0x00, 0x00, 0x00, 0x00, 0x00, 0x00, 0x00,

    /* Unicode: U+0080 */
    0x00, 0x00, 0x00, 0x00, 0x00, 0x00, 0x00, 0x00, 0x00, 0x00,
    0x00, 0x00, 0x00, 0x00, 0x00, 0x00, 0x00, 0x00, 0x00, 0x00,
    0x00, 0x00, 0x00, 0x00, 0x00, 0x00, 0x00, 0x00, 0x00, 0x00,
    0x00, 0x00, 0x00, 0x00, 0x00, 0x00, 0x00, 0x00, 0x00, 0x00,
    0x00, 0x00, 0x00, 0x00, 0x00, 0x00, 0x00, 0x00, 0x00, 0x00,
    0x02, 0x08, 0x08, 0x08, 0x08, 0x08, 0x08, 0x08, 0x08, 0x06,
    0x48, 0xFF, 0xFF, 0xFF, 0xFF, 0xFF, 0xFF, 0xFF, 0xFF, 0xD8,
    0x48, 0xFF, 0x57, 0x38, 0x38, 0x38, 0x38, 0x38, 0xAE, 0xD8,
    0x48, 0xFF, 0x28, 0x00, 0x00, 0x00, 0x00, 0x00, 0x98, 0xD8,
    0x48, 0xFF, 0x28, 0x00, 0x00, 0x00, 0x00, 0x00, 0x98, 0xD8,
    0x48, 0xFF, 0x28, 0x00, 0x00, 0x00, 0x00, 0x00, 0x98, 0xD8,
    0x48, 0xFF, 0x28, 0x00, 0x00, 0x00, 0x00, 0x00, 0x98, 0xD8,
    0x48, 0xFF, 0x28, 0x00, 0x00, 0x00, 0x00, 0x00, 0x98, 0xD8,
    0x48, 0xFF, 0x28, 0x00, 0x00, 0x00, 0x00, 0x00, 0x98, 0xD8,
    0x48, 0xFF, 0x28, 0x00, 0x00, 0x00, 0x00, 0x00, 0x98, 0xD8,
    0x48, 0xFF, 0x28, 0x00, 0x00, 0x00, 0x00, 0x00, 0x98, 0xD8,
    0x48, 0xFF, 0x32, 0x0C, 0x0C, 0x0C, 0x0C, 0x0C, 0x9C, 0xD8,
    0x48, 0xFF, 0xFF, 0xFF, 0xFF, 0xFF, 0xFF, 0xFF, 0xFF, 0xD8,
    0x0F, 0x38, 0x38, 0x38, 0x38, 0x38, 0x38, 0x38, 0x38, 0x2F,
    0x00, 0x00, 0x00, 0x00, 0x00, 0x00, 0x00, 0x00, 0x00, 0x00,
    0x00, 0x00, 0x00, 0x00, 0x00, 0x00, 0x00, 0x00, 0x00, 0x00,
    0x00, 0x00, 0x00, 0x00, 0x00, 0x00, 0x00, 0x00, 0x00, 0x00,
    0x00, 0x00, 0x00, 0x00, 0x00, 0x00, 0x00, 0x00, 0x00, 0x00,

    /* Unicode: U+0081 */
    0x00, 0x00, 0x00, 0x00, 0x00, 0x00, 0x00, 0x00, 0x00, 0x00,
    0x00, 0x00, 0x00, 0x00, 0x00, 0x00, 0x00, 0x00, 0x00, 0x00,
    0x00, 0x00, 0x00, 0x00, 0x00, 0x00, 0x00, 0x00, 0x00, 0x00,
    0x00, 0x00, 0x00, 0x00, 0x00, 0x00, 0x00, 0x00, 0x00, 0x00,
    0x00, 0x00, 0x00, 0x00, 0x00, 0x00, 0x00, 0x00, 0x00, 0x00,
    0x02, 0x08, 0x08, 0x08, 0x08, 0x08, 0x08, 0x08, 0x08, 0x06,
    0x48, 0xFF, 0xFF, 0xFF, 0xFF, 0xFF, 0xFF, 0xFF, 0xFF, 0xD8,
    0x48, 0xFF, 0x57, 0x38, 0x38, 0x38, 0x38, 0x38, 0xAE, 0xD8,
    0x48, 0xFF, 0x28, 0x00, 0x00, 0x00, 0x00, 0x00, 0x98, 0xD8,
    0x48, 0xFF, 0x28, 0x00, 0x00, 0x00, 0x00, 0x00, 0x98, 0xD8,
    0x48, 0xFF, 0x28, 0x00, 0x00, 0x00, 0x00, 0x00, 0x98, 0xD8,
    0x48, 0xFF, 0x28, 0x00, 0x00, 0x00, 0x00, 0x00, 0x98, 0xD8,
    0x48, 0xFF, 0x28, 0x00, 0x00, 0x00, 0x00, 0x00, 0x98, 0xD8,
    0x48, 0xFF, 0x28, 0x00, 0x00, 0x00, 0x00, 0x00, 0x98, 0xD8,
    0x48, 0xFF, 0x28, 0x00, 0x00, 0x00, 0x00, 0x00, 0x98, 0xD8,
    0x48, 0xFF, 0x28, 0x00, 0x00, 0x00, 0x00, 0x00, 0x98, 0xD8,
    0x48, 0xFF, 0x32, 0x0C, 0x0C, 0x0C, 0x0C, 0x0C, 0x9C, 0xD8,
    0x48, 0xFF, 0xFF, 0xFF, 0xFF, 0xFF, 0xFF, 0xFF, 0xFF, 0xD8,
    0x0F, 0x38, 0x38, 0x38, 0x38, 0x38, 0x38, 0x38, 0x38, 0x2F,
    0x00, 0x00, 0x00, 0x00, 0x00, 0x00, 0x00, 0x00, 0x00, 0x00,
    0x00, 0x00, 0x00, 0x00, 0x00, 0x00, 0x00, 0x00, 0x00, 0x00,
    0x00, 0x00, 0x00, 0x00, 0x00, 0x00, 0x00, 0x00, 0x00, 0x00,
    0x00, 0x00, 0x00, 0x00, 0x00, 0x00, 0x00, 0x00, 0x00, 0x00,

    /* Unicode: U+0082 */
    0x00, 0x00, 0x00, 0x00, 0x00, 0x00, 0x00, 0x00, 0x00, 0x00,
    0x00, 0x00, 0x00, 0x00, 0x00, 0x00, 0x00, 0x00, 0x00, 0x00,
    0x00, 0x00, 0x00, 0x00, 0x00, 0x00, 0x00, 0x00, 0x00, 0x00,
    0x00, 0x00, 0x00, 0x00, 0x00, 0x00, 0x00, 0x00, 0x00, 0x00,
    0x00, 0x00, 0x00, 0x00, 0x00, 0x00, 0x00, 0x00, 0x00, 0x00,
    0x02, 0x08, 0x08, 0x08, 0x08, 0x08, 0x08, 0x08, 0x08, 0x06,
    0x48, 0xFF, 0xFF, 0xFF, 0xFF, 0xFF, 0xFF, 0xFF, 0xFF, 0xD8,
    0x48, 0xFF, 0x57, 0x38, 0x38, 0x38, 0x38, 0x38, 0xAE, 0xD8,
    0x48, 0xFF, 0x28, 0x00, 0x00, 0x00, 0x00, 0x00, 0x98, 0xD8,
    0x48, 0xFF, 0x28, 0x00, 0x00, 0x00, 0x00, 0x00, 0x98, 0xD8,
    0x48, 0xFF, 0x28, 0x00, 0x00, 0x00, 0x00, 0x00, 0x98, 0xD8,
    0x48, 0xFF, 0x28, 0x00, 0x00, 0x00, 0x00, 0x00, 0x98, 0xD8,
    0x48, 0xFF, 0x28, 0x00, 0x00, 0x00, 0x00, 0x00, 0x98, 0xD8,
    0x48, 0xFF, 0x28, 0x00, 0x00, 0x00, 0x00, 0x00, 0x98, 0xD8,
    0x48, 0xFF, 0x28, 0x00, 0x00, 0x00, 0x00, 0x00, 0x98, 0xD8,
    0x48, 0xFF, 0x28, 0x00, 0x00, 0x00, 0x00, 0x00, 0x98, 0xD8,
    0x48, 0xFF, 0x32, 0x0C, 0x0C, 0x0C, 0x0C, 0x0C, 0x9C, 0xD8,
    0x48, 0xFF, 0xFF, 0xFF, 0xFF, 0xFF, 0xFF, 0xFF, 0xFF, 0xD8,
    0x0F, 0x38, 0x38, 0x38, 0x38, 0x38, 0x38, 0x38, 0x38, 0x2F,
    0x00, 0x00, 0x00, 0x00, 0x00, 0x00, 0x00, 0x00, 0x00, 0x00,
    0x00, 0x00, 0x00, 0x00, 0x00, 0x00, 0x00, 0x00, 0x00, 0x00,
    0x00, 0x00, 0x00, 0x00, 0x00, 0x00, 0x00, 0x00, 0x00, 0x00,
    0x00, 0x00, 0x00, 0x00, 0x00, 0x00, 0x00, 0x00, 0x00, 0x00,

    /* Unicode: U+0083 */
    0x00, 0x00, 0x00, 0x00, 0x00, 0x00, 0x00, 0x00, 0x00, 0x00,
    0x00, 0x00, 0x00, 0x00, 0x00, 0x00, 0x00, 0x00, 0x00, 0x00,
    0x00, 0x00, 0x00, 0x00, 0x00, 0x00, 0x00, 0x00, 0x00, 0x00,
    0x00, 0x00, 0x00, 0x00, 0x00, 0x00, 0x00, 0x00, 0x00, 0x00,
    0x00, 0x00, 0x00, 0x00, 0x00, 0x00, 0x00, 0x00, 0x00, 0x00,
    0x02, 0x08, 0x08, 0x08, 0x08, 0x08, 0x08, 0x08, 0x08, 0x06,
    0x48, 0xFF, 0xFF, 0xFF, 0xFF, 0xFF, 0xFF, 0xFF, 0xFF, 0xD8,
    0x48, 0xFF, 0x57, 0x38, 0x38, 0x38, 0x38, 0x38, 0xAE, 0xD8,
    0x48, 0xFF, 0x28, 0x00, 0x00, 0x00, 0x00, 0x00, 0x98, 0xD8,
    0x48, 0xFF, 0x28, 0x00, 0x00, 0x00, 0x00, 0x00, 0x98, 0xD8,
    0x48, 0xFF, 0x28, 0x00, 0x00, 0x00, 0x00, 0x00, 0x98, 0xD8,
    0x48, 0xFF, 0x28, 0x00, 0x00, 0x00, 0x00, 0x00, 0x98, 0xD8,
    0x48, 0xFF, 0x28, 0x00, 0x00, 0x00, 0x00, 0x00, 0x98, 0xD8,
    0x48, 0xFF, 0x28, 0x00, 0x00, 0x00, 0x00, 0x00, 0x98, 0xD8,
    0x48, 0xFF, 0x28, 0x00, 0x00, 0x00, 0x00, 0x00, 0x98, 0xD8,
    0x48, 0xFF, 0x28, 0x00, 0x00, 0x00, 0x00, 0x00, 0x98, 0xD8,
    0x48, 0xFF, 0x32, 0x0C, 0x0C, 0x0C, 0x0C, 0x0C, 0x9C, 0xD8,
    0x48, 0xFF, 0xFF, 0xFF, 0xFF, 0xFF, 0xFF, 0xFF, 0xFF, 0xD8,
    0x0F, 0x38, 0x38, 0x38, 0x38, 0x38, 0x38, 0x38, 0x38, 0x2F,
    0x00, 0x00, 0x00, 0x00, 0x00, 0x00, 0x00, 0x00, 0x00, 0x00,
    0x00, 0x00, 0x00, 0x00, 0x00, 0x00, 0x00, 0x00, 0x00, 0x00,
    0x00, 0x00, 0x00, 0x00, 0x00, 0x00, 0x00, 0x00, 0x00, 0x00,
    0x00, 0x00, 0x00, 0x00, 0x00, 0x00, 0x00, 0x00, 0x00, 0x00,

    /* Unicode: U+0084 */
    0x00, 0x00, 0x00, 0x00, 0x00, 0x00, 0x00, 0x00, 0x00, 0x00,
    0x00, 0x00, 0x00, 0x00, 0x00, 0x00, 0x00, 0x00, 0x00, 0x00,
    0x00, 0x00, 0x00, 0x00, 0x00, 0x00, 0x00, 0x00, 0x00, 0x00,
    0x00, 0x00, 0x00, 0x00, 0x00, 0x00, 0x00, 0x00, 0x00, 0x00,
    0x00, 0x00, 0x00, 0x00, 0x00, 0x00, 0x00, 0x00, 0x00, 0x00,
    0x02, 0x08, 0x08, 0x08, 0x08, 0x08, 0x08, 0x08, 0x08, 0x06,
    0x48, 0xFF, 0xFF, 0xFF, 0xFF, 0xFF, 0xFF, 0xFF, 0xFF, 0xD8,
    0x48, 0xFF, 0x57, 0x38, 0x38, 0x38, 0x38, 0x38, 0xAE, 0xD8,
    0x48, 0xFF, 0x28, 0x00, 0x00, 0x00, 0x00, 0x00, 0x98, 0xD8,
    0x48, 0xFF, 0x28, 0x00, 0x00, 0x00, 0x00, 0x00, 0x98, 0xD8,
    0x48, 0xFF, 0x28, 0x00, 0x00, 0x00, 0x00, 0x00, 0x98, 0xD8,
    0x48, 0xFF, 0x28, 0x00, 0x00, 0x00, 0x00, 0x00, 0x98, 0xD8,
    0x48, 0xFF, 0x28, 0x00, 0x00, 0x00, 0x00, 0x00, 0x98, 0xD8,
    0x48, 0xFF, 0x28, 0x00, 0x00, 0x00, 0x00, 0x00, 0x98, 0xD8,
    0x48, 0xFF, 0x28, 0x00, 0x00, 0x00, 0x00, 0x00, 0x98, 0xD8,
    0x48, 0xFF, 0x28, 0x00, 0x00, 0x00, 0x00, 0x00, 0x98, 0xD8,
    0x48, 0xFF, 0x32, 0x0C, 0x0C, 0x0C, 0x0C, 0x0C, 0x9C, 0xD8,
    0x48, 0xFF, 0xFF, 0xFF, 0xFF, 0xFF, 0xFF, 0xFF, 0xFF, 0xD8,
    0x0F, 0x38, 0x38, 0x38, 0x38, 0x38, 0x38, 0x38, 0x38, 0x2F,
    0x00, 0x00, 0x00, 0x00, 0x00, 0x00, 0x00, 0x00, 0x00, 0x00,
    0x00, 0x00, 0x00, 0x00, 0x00, 0x00, 0x00, 0x00, 0x00, 0x00,
    0x00, 0x00, 0x00, 0x00, 0x00, 0x00, 0x00, 0x00, 0x00, 0x00,
    0x00, 0x00, 0x00, 0x00, 0x00, 0x00, 0x00, 0x00, 0x00, 0x00,

    /* Unicode: U+0085 */
    0x00, 0x00, 0x00, 0x00, 0x00, 0x00, 0x00, 0x00, 0x00, 0x00,
    0x00, 0x00, 0x00, 0x00, 0x00, 0x00, 0x00, 0x00, 0x00, 0x00,
    0x00, 0x00, 0x00, 0x00, 0x00, 0x00, 0x00, 0x00, 0x00, 0x00,
    0x00, 0x00, 0x00, 0x00, 0x00, 0x00, 0x00, 0x00, 0x00, 0x00,
    0x00, 0x00, 0x00, 0x00, 0x00, 0x00, 0x00, 0x00, 0x00, 0x00,
    0x02, 0x08, 0x08, 0x08, 0x08, 0x08, 0x08, 0x08, 0x08, 0x06,
    0x48, 0xFF, 0xFF, 0xFF, 0xFF, 0xFF, 0xFF, 0xFF, 0xFF, 0xD8,
    0x48, 0xFF, 0x57, 0x38, 0x38, 0x38, 0x38, 0x38, 0xAE, 0xD8,
    0x48, 0xFF, 0x28, 0x00, 0x00, 0x00, 0x00, 0x00, 0x98, 0xD8,
    0x48, 0xFF, 0x28, 0x00, 0x00, 0x00, 0x00, 0x00, 0x98, 0xD8,
    0x48, 0xFF, 0x28, 0x00, 0x00, 0x00, 0x00, 0x00, 0x98, 0xD8,
    0x48, 0xFF, 0x28, 0x00, 0x00, 0x00, 0x00, 0x00, 0x98, 0xD8,
    0x48, 0xFF, 0x28, 0x00, 0x00, 0x00, 0x00, 0x00, 0x98, 0xD8,
    0x48, 0xFF, 0x28, 0x00, 0x00, 0x00, 0x00, 0x00, 0x98, 0xD8,
    0x48, 0xFF, 0x28, 0x00, 0x00, 0x00, 0x00, 0x00, 0x98, 0xD8,
    0x48, 0xFF, 0x28, 0x00, 0x00, 0x00, 0x00, 0x00, 0x98, 0xD8,
    0x48, 0xFF, 0x32, 0x0C, 0x0C, 0x0C, 0x0C, 0x0C, 0x9C, 0xD8,
    0x48, 0xFF, 0xFF, 0xFF, 0xFF, 0xFF, 0xFF, 0xFF, 0xFF, 0xD8,
    0x0F, 0x38, 0x38, 0x38, 0x38, 0x38, 0x38, 0x38, 0x38, 0x2F,
    0x00, 0x00, 0x00, 0x00, 0x00, 0x00, 0x00, 0x00, 0x00, 0x00,
    0x00, 0x00, 0x00, 0x00, 0x00, 0x00, 0x00, 0x00, 0x00, 0x00,
    0x00, 0x00, 0x00, 0x00, 0x00, 0x00, 0x00, 0x00, 0x00, 0x00,
    0x00, 0x00, 0x00, 0x00, 0x00, 0x00, 0x00, 0x00, 0x00, 0x00,

    /* Unicode: U+0086 */
    0x00, 0x00, 0x00, 0x00, 0x00, 0x00, 0x00, 0x00, 0x00, 0x00,
    0x00, 0x00, 0x00, 0x00, 0x00, 0x00, 0x00, 0x00, 0x00, 0x00,
    0x00, 0x00, 0x00, 0x00, 0x00, 0x00, 0x00, 0x00, 0x00, 0x00,
    0x00, 0x00, 0x00, 0x00, 0x00, 0x00, 0x00, 0x00, 0x00, 0x00,
    0x00, 0x00, 0x00, 0x00, 0x00, 0x00, 0x00, 0x00, 0x00, 0x00,
    0x02, 0x08, 0x08, 0x08, 0x08, 0x08, 0x08, 0x08, 0x08, 0x06,
    0x48, 0xFF, 0xFF, 0xFF, 0xFF, 0xFF, 0xFF, 0xFF, 0xFF, 0xD8,
    0x48, 0xFF, 0x57, 0x38, 0x38, 0x38, 0x38, 0x38, 0xAE, 0xD8,
    0x48, 0xFF, 0x28, 0x00, 0x00, 0x00, 0x00, 0x00, 0x98, 0xD8,
    0x48, 0xFF, 0x28, 0x00, 0x00, 0x00, 0x00, 0x00, 0x98, 0xD8,
    0x48, 0xFF, 0x28, 0x00, 0x00, 0x00, 0x00, 0x00, 0x98, 0xD8,
    0x48, 0xFF, 0x28, 0x00, 0x00, 0x00, 0x00, 0x00, 0x98, 0xD8,
    0x48, 0xFF, 0x28, 0x00, 0x00, 0x00, 0x00, 0x00, 0x98, 0xD8,
    0x48, 0xFF, 0x28, 0x00, 0x00, 0x00, 0x00, 0x00, 0x98, 0xD8,
    0x48, 0xFF, 0x28, 0x00, 0x00, 0x00, 0x00, 0x00, 0x98, 0xD8,
    0x48, 0xFF, 0x28, 0x00, 0x00, 0x00, 0x00, 0x00, 0x98, 0xD8,
    0x48, 0xFF, 0x32, 0x0C, 0x0C, 0x0C, 0x0C, 0x0C, 0x9C, 0xD8,
    0x48, 0xFF, 0xFF, 0xFF, 0xFF, 0xFF, 0xFF, 0xFF, 0xFF, 0xD8,
    0x0F, 0x38, 0x38, 0x38, 0x38, 0x38, 0x38, 0x38, 0x38, 0x2F,
    0x00, 0x00, 0x00, 0x00, 0x00, 0x00, 0x00, 0x00, 0x00, 0x00,
    0x00, 0x00, 0x00, 0x00, 0x00, 0x00, 0x00, 0x00, 0x00, 0x00,
    0x00, 0x00, 0x00, 0x00, 0x00, 0x00, 0x00, 0x00, 0x00, 0x00,
    0x00, 0x00, 0x00, 0x00, 0x00, 0x00, 0x00, 0x00, 0x00, 0x00,

    /* Unicode: U+0087 */
    0x00, 0x00, 0x00, 0x00, 0x00, 0x00, 0x00, 0x00, 0x00, 0x00,
    0x00, 0x00, 0x00, 0x00, 0x00, 0x00, 0x00, 0x00, 0x00, 0x00,
    0x00, 0x00, 0x00, 0x00, 0x00, 0x00, 0x00, 0x00, 0x00, 0x00,
    0x00, 0x00, 0x00, 0x00, 0x00, 0x00, 0x00, 0x00, 0x00, 0x00,
    0x00, 0x00, 0x00, 0x00, 0x00, 0x00, 0x00, 0x00, 0x00, 0x00,
    0x02, 0x08, 0x08, 0x08, 0x08, 0x08, 0x08, 0x08, 0x08, 0x06,
    0x48, 0xFF, 0xFF, 0xFF, 0xFF, 0xFF, 0xFF, 0xFF, 0xFF, 0xD8,
    0x48, 0xFF, 0x57, 0x38, 0x38, 0x38, 0x38, 0x38, 0xAE, 0xD8,
    0x48, 0xFF, 0x28, 0x00, 0x00, 0x00, 0x00, 0x00, 0x98, 0xD8,
    0x48, 0xFF, 0x28, 0x00, 0x00, 0x00, 0x00, 0x00, 0x98, 0xD8,
    0x48, 0xFF, 0x28, 0x00, 0x00, 0x00, 0x00, 0x00, 0x98, 0xD8,
    0x48, 0xFF, 0x28, 0x00, 0x00, 0x00, 0x00, 0x00, 0x98, 0xD8,
    0x48, 0xFF, 0x28, 0x00, 0x00, 0x00, 0x00, 0x00, 0x98, 0xD8,
    0x48, 0xFF, 0x28, 0x00, 0x00, 0x00, 0x00, 0x00, 0x98, 0xD8,
    0x48, 0xFF, 0x28, 0x00, 0x00, 0x00, 0x00, 0x00, 0x98, 0xD8,
    0x48, 0xFF, 0x28, 0x00, 0x00, 0x00, 0x00, 0x00, 0x98, 0xD8,
    0x48, 0xFF, 0x32, 0x0C, 0x0C, 0x0C, 0x0C, 0x0C, 0x9C, 0xD8,
    0x48, 0xFF, 0xFF, 0xFF, 0xFF, 0xFF, 0xFF, 0xFF, 0xFF, 0xD8,
    0x0F, 0x38, 0x38, 0x38, 0x38, 0x38, 0x38, 0x38, 0x38, 0x2F,
    0x00, 0x00, 0x00, 0x00, 0x00, 0x00, 0x00, 0x00, 0x00, 0x00,
    0x00, 0x00, 0x00, 0x00, 0x00, 0x00, 0x00, 0x00, 0x00, 0x00,
    0x00, 0x00, 0x00, 0x00, 0x00, 0x00, 0x00, 0x00, 0x00, 0x00,
    0x00, 0x00, 0x00, 0x00, 0x00, 0x00, 0x00, 0x00, 0x00, 0x00,

    /* Unicode: U+0088 */
    0x00, 0x00, 0x00, 0x00, 0x00, 0x00, 0x00, 0x00, 0x00, 0x00,
    0x00, 0x00, 0x00, 0x00, 0x00, 0x00, 0x00, 0x00, 0x00, 0x00,
    0x00, 0x00, 0x00, 0x00, 0x00, 0x00, 0x00, 0x00, 0x00, 0x00,
    0x00, 0x00, 0x00, 0x00, 0x00, 0x00, 0x00, 0x00, 0x00, 0x00,
    0x00, 0x00, 0x00, 0x00, 0x00, 0x00, 0x00, 0x00, 0x00, 0x00,
    0x02, 0x08, 0x08, 0x08, 0x08, 0x08, 0x08, 0x08, 0x08, 0x06,
    0x48, 0xFF, 0xFF, 0xFF, 0xFF, 0xFF, 0xFF, 0xFF, 0xFF, 0xD8,
    0x48, 0xFF, 0x57, 0x38, 0x38, 0x38, 0x38, 0x38, 0xAE, 0xD8,
    0x48, 0xFF, 0x28, 0x00, 0x00, 0x00, 0x00, 0x00, 0x98, 0xD8,
    0x48, 0xFF, 0x28, 0x00, 0x00, 0x00, 0x00, 0x00, 0x98, 0xD8,
    0x48, 0xFF, 0x28, 0x00, 0x00, 0x00, 0x00, 0x00, 0x98, 0xD8,
    0x48, 0xFF, 0x28, 0x00, 0x00, 0x00, 0x00, 0x00, 0x98, 0xD8,
    0x48, 0xFF, 0x28, 0x00, 0x00, 0x00, 0x00, 0x00, 0x98, 0xD8,
    0x48, 0xFF, 0x28, 0x00, 0x00, 0x00, 0x00, 0x00, 0x98, 0xD8,
    0x48, 0xFF, 0x28, 0x00, 0x00, 0x00, 0x00, 0x00, 0x98, 0xD8,
    0x48, 0xFF, 0x28, 0x00, 0x00, 0x00, 0x00, 0x00, 0x98, 0xD8,
    0x48, 0xFF, 0x32, 0x0C, 0x0C, 0x0C, 0x0C, 0x0C, 0x9C, 0xD8,
    0x48, 0xFF, 0xFF, 0xFF, 0xFF, 0xFF, 0xFF, 0xFF, 0xFF, 0xD8,
    0x0F, 0x38, 0x38, 0x38, 0x38, 0x38, 0x38, 0x38, 0x38, 0x2F,
    0x00, 0x00, 0x00, 0x00, 0x00, 0x00, 0x00, 0x00, 0x00, 0x00,
    0x00, 0x00, 0x00, 0x00, 0x00, 0x00, 0x00, 0x00, 0x00, 0x00,
    0x00, 0x00, 0x00, 0x00, 0x00, 0x00, 0x00, 0x00, 0x00, 0x00,
    0x00, 0x00, 0x00, 0x00, 0x00, 0x00, 0x00, 0x00, 0x00, 0x00,

    /* Unicode: U+0089 */
    0x00, 0x00, 0x00, 0x00, 0x00, 0x00, 0x00, 0x00, 0x00, 0x00,
    0x00, 0x00, 0x00, 0x00, 0x00, 0x00, 0x00, 0x00, 0x00, 0x00,
    0x00, 0x00, 0x00, 0x00, 0x00, 0x00, 0x00, 0x00, 0x00, 0x00,
    0x00, 0x00, 0x00, 0x00, 0x00, 0x00, 0x00, 0x00, 0x00, 0x00,
    0x00, 0x00, 0x00, 0x00, 0x00, 0x00, 0x00, 0x00, 0x00, 0x00,
    0x02, 0x08, 0x08, 0x08, 0x08, 0x08, 0x08, 0x08, 0x08, 0x06,
    0x48, 0xFF, 0xFF, 0xFF, 0xFF, 0xFF, 0xFF, 0xFF, 0xFF, 0xD8,
    0x48, 0xFF, 0x57, 0x38, 0x38, 0x38, 0x38, 0x38, 0xAE, 0xD8,
    0x48, 0xFF, 0x28, 0x00, 0x00, 0x00, 0x00, 0x00, 0x98, 0xD8,
    0x48, 0xFF, 0x28, 0x00, 0x00, 0x00, 0x00, 0x00, 0x98, 0xD8,
    0x48, 0xFF, 0x28, 0x00, 0x00, 0x00, 0x00, 0x00, 0x98, 0xD8,
    0x48, 0xFF, 0x28, 0x00, 0x00, 0x00, 0x00, 0x00, 0x98, 0xD8,
    0x48, 0xFF, 0x28, 0x00, 0x00, 0x00, 0x00, 0x00, 0x98, 0xD8,
    0x48, 0xFF, 0x28, 0x00, 0x00, 0x00, 0x00, 0x00, 0x98, 0xD8,
    0x48, 0xFF, 0x28, 0x00, 0x00, 0x00, 0x00, 0x00, 0x98, 0xD8,
    0x48, 0xFF, 0x28, 0x00, 0x00, 0x00, 0x00, 0x00, 0x98, 0xD8,
    0x48, 0xFF, 0x32, 0x0C, 0x0C, 0x0C, 0x0C, 0x0C, 0x9C, 0xD8,
    0x48, 0xFF, 0xFF, 0xFF, 0xFF, 0xFF, 0xFF, 0xFF, 0xFF, 0xD8,
    0x0F, 0x38, 0x38, 0x38, 0x38, 0x38, 0x38, 0x38, 0x38, 0x2F,
    0x00, 0x00, 0x00, 0x00, 0x00, 0x00, 0x00, 0x00, 0x00, 0x00,
    0x00, 0x00, 0x00, 0x00, 0x00, 0x00, 0x00, 0x00, 0x00, 0x00,
    0x00, 0x00, 0x00, 0x00, 0x00, 0x00, 0x00, 0x00, 0x00, 0x00,
    0x00, 0x00, 0x00, 0x00, 0x00, 0x00, 0x00, 0x00, 0x00, 0x00,

    /* Unicode: U+008A */
    0x00, 0x00, 0x00, 0x00, 0x00, 0x00, 0x00, 0x00, 0x00, 0x00,
    0x00, 0x00, 0x00, 0x00, 0x00, 0x00, 0x00, 0x00, 0x00, 0x00,
    0x00, 0x00, 0x00, 0x00, 0x00, 0x00, 0x00, 0x00, 0x00, 0x00,
    0x00, 0x00, 0x00, 0x00, 0x00, 0x00, 0x00, 0x00, 0x00, 0x00,
    0x00, 0x00, 0x00, 0x00, 0x00, 0x00, 0x00, 0x00, 0x00, 0x00,
    0x02, 0x08, 0x08, 0x08, 0x08, 0x08, 0x08, 0x08, 0x08, 0x06,
    0x48, 0xFF, 0xFF, 0xFF, 0xFF, 0xFF, 0xFF, 0xFF, 0xFF, 0xD8,
    0x48, 0xFF, 0x57, 0x38, 0x38, 0x38, 0x38, 0x38, 0xAE, 0xD8,
    0x48, 0xFF, 0x28, 0x00, 0x00, 0x00, 0x00, 0x00, 0x98, 0xD8,
    0x48, 0xFF, 0x28, 0x00, 0x00, 0x00, 0x00, 0x00, 0x98, 0xD8,
    0x48, 0xFF, 0x28, 0x00, 0x00, 0x00, 0x00, 0x00, 0x98, 0xD8,
    0x48, 0xFF, 0x28, 0x00, 0x00, 0x00, 0x00, 0x00, 0x98, 0xD8,
    0x48, 0xFF, 0x28, 0x00, 0x00, 0x00, 0x00, 0x00, 0x98, 0xD8,
    0x48, 0xFF, 0x28, 0x00, 0x00, 0x00, 0x00, 0x00, 0x98, 0xD8,
    0x48, 0xFF, 0x28, 0x00, 0x00, 0x00, 0x00, 0x00, 0x98, 0xD8,
    0x48, 0xFF, 0x28, 0x00, 0x00, 0x00, 0x00, 0x00, 0x98, 0xD8,
    0x48, 0xFF, 0x32, 0x0C, 0x0C, 0x0C, 0x0C, 0x0C, 0x9C, 0xD8,
    0x48, 0xFF, 0xFF, 0xFF, 0xFF, 0xFF, 0xFF, 0xFF, 0xFF, 0xD8,
    0x0F, 0x38, 0x38, 0x38, 0x38, 0x38, 0x38, 0x38, 0x38, 0x2F,
    0x00, 0x00, 0x00, 0x00, 0x00, 0x00, 0x00, 0x00, 0x00, 0x00,
    0x00, 0x00, 0x00, 0x00, 0x00, 0x00, 0x00, 0x00, 0x00, 0x00,
    0x00, 0x00, 0x00, 0x00, 0x00, 0x00, 0x00, 0x00, 0x00, 0x00,
    0x00, 0x00, 0x00, 0x00, 0x00, 0x00, 0x00, 0x00, 0x00, 0x00,

    /* Unicode: U+008B */
    0x00, 0x00, 0x00, 0x00, 0x00, 0x00, 0x00, 0x00, 0x00, 0x00,
    0x00, 0x00, 0x00, 0x00, 0x00, 0x00, 0x00, 0x00, 0x00, 0x00,
    0x00, 0x00, 0x00, 0x00, 0x00, 0x00, 0x00, 0x00, 0x00, 0x00,
    0x00, 0x00, 0x00, 0x00, 0x00, 0x00, 0x00, 0x00, 0x00, 0x00,
    0x00, 0x00, 0x00, 0x00, 0x00, 0x00, 0x00, 0x00, 0x00, 0x00,
    0x02, 0x08, 0x08, 0x08, 0x08, 0x08, 0x08, 0x08, 0x08, 0x06,
    0x48, 0xFF, 0xFF, 0xFF, 0xFF, 0xFF, 0xFF, 0xFF, 0xFF, 0xD8,
    0x48, 0xFF, 0x57, 0x38, 0x38, 0x38, 0x38, 0x38, 0xAE, 0xD8,
    0x48, 0xFF, 0x28, 0x00, 0x00, 0x00, 0x00, 0x00, 0x98, 0xD8,
    0x48, 0xFF, 0x28, 0x00, 0x00, 0x00, 0x00, 0x00, 0x98, 0xD8,
    0x48, 0xFF, 0x28, 0x00, 0x00, 0x00, 0x00, 0x00, 0x98, 0xD8,
    0x48, 0xFF, 0x28, 0x00, 0x00, 0x00, 0x00, 0x00, 0x98, 0xD8,
    0x48, 0xFF, 0x28, 0x00, 0x00, 0x00, 0x00, 0x00, 0x98, 0xD8,
    0x48, 0xFF, 0x28, 0x00, 0x00, 0x00, 0x00, 0x00, 0x98, 0xD8,
    0x48, 0xFF, 0x28, 0x00, 0x00, 0x00, 0x00, 0x00, 0x98, 0xD8,
    0x48, 0xFF, 0x28, 0x00, 0x00, 0x00, 0x00, 0x00, 0x98, 0xD8,
    0x48, 0xFF, 0x32, 0x0C, 0x0C, 0x0C, 0x0C, 0x0C, 0x9C, 0xD8,
    0x48, 0xFF, 0xFF, 0xFF, 0xFF, 0xFF, 0xFF, 0xFF, 0xFF, 0xD8,
    0x0F, 0x38, 0x38, 0x38, 0x38, 0x38, 0x38, 0x38, 0x38, 0x2F,
    0x00, 0x00, 0x00, 0x00, 0x00, 0x00, 0x00, 0x00, 0x00, 0x00,
    0x00, 0x00, 0x00, 0x00, 0x00, 0x00, 0x00, 0x00, 0x00, 0x00,
    0x00, 0x00, 0x00, 0x00, 0x00, 0x00, 0x00, 0x00, 0x00, 0x00,
    0x00, 0x00, 0x00, 0x00, 0x00, 0x00, 0x00, 0x00, 0x00, 0x00,

    /* Unicode: U+008C */
    0x00, 0x00, 0x00, 0x00, 0x00, 0x00, 0x00, 0x00, 0x00, 0x00,
    0x00, 0x00, 0x00, 0x00, 0x00, 0x00, 0x00, 0x00, 0x00, 0x00,
    0x00, 0x00, 0x00, 0x00, 0x00, 0x00, 0x00, 0x00, 0x00, 0x00,
    0x00, 0x00, 0x00, 0x00, 0x00, 0x00, 0x00, 0x00, 0x00, 0x00,
    0x00, 0x00, 0x00, 0x00, 0x00, 0x00, 0x00, 0x00, 0x00, 0x00,
    0x02, 0x08, 0x08, 0x08, 0x08, 0x08, 0x08, 0x08, 0x08, 0x06,
    0x48, 0xFF, 0xFF, 0xFF, 0xFF, 0xFF, 0xFF, 0xFF, 0xFF, 0xD8,
    0x48, 0xFF, 0x57, 0x38, 0x38, 0x38, 0x38, 0x38, 0xAE, 0xD8,
    0x48, 0xFF, 0x28, 0x00, 0x00, 0x00, 0x00, 0x00, 0x98, 0xD8,
    0x48, 0xFF, 0x28, 0x00, 0x00, 0x00, 0x00, 0x00, 0x98, 0xD8,
    0x48, 0xFF, 0x28, 0x00, 0x00, 0x00, 0x00, 0x00, 0x98, 0xD8,
    0x48, 0xFF, 0x28, 0x00, 0x00, 0x00, 0x00, 0x00, 0x98, 0xD8,
    0x48, 0xFF, 0x28, 0x00, 0x00, 0x00, 0x00, 0x00, 0x98, 0xD8,
    0x48, 0xFF, 0x28, 0x00, 0x00, 0x00, 0x00, 0x00, 0x98, 0xD8,
    0x48, 0xFF, 0x28, 0x00, 0x00, 0x00, 0x00, 0x00, 0x98, 0xD8,
    0x48, 0xFF, 0x28, 0x00, 0x00, 0x00, 0x00, 0x00, 0x98, 0xD8,
    0x48, 0xFF, 0x32, 0x0C, 0x0C, 0x0C, 0x0C, 0x0C, 0x9C, 0xD8,
    0x48, 0xFF, 0xFF, 0xFF, 0xFF, 0xFF, 0xFF, 0xFF, 0xFF, 0xD8,
    0x0F, 0x38, 0x38, 0x38, 0x38, 0x38, 0x38, 0x38, 0x38, 0x2F,
    0x00, 0x00, 0x00, 0x00, 0x00, 0x00, 0x00, 0x00, 0x00, 0x00,
    0x00, 0x00, 0x00, 0x00, 0x00, 0x00, 0x00, 0x00, 0x00, 0x00,
    0x00, 0x00, 0x00, 0x00, 0x00, 0x00, 0x00, 0x00, 0x00, 0x00,
    0x00, 0x00, 0x00, 0x00, 0x00, 0x00, 0x00, 0x00, 0x00, 0x00,

    /* Unicode: U+008D */
    0x00, 0x00, 0x00, 0x00, 0x00, 0x00, 0x00, 0x00, 0x00, 0x00,
    0x00, 0x00, 0x00, 0x00, 0x00, 0x00, 0x00, 0x00, 0x00, 0x00,
    0x00, 0x00, 0x00, 0x00, 0x00, 0x00, 0x00, 0x00, 0x00, 0x00,
    0x00, 0x00, 0x00, 0x00, 0x00, 0x00, 0x00, 0x00, 0x00, 0x00,
    0x00, 0x00, 0x00, 0x00, 0x00, 0x00, 0x00, 0x00, 0x00, 0x00,
    0x02, 0x08, 0x08, 0x08, 0x08, 0x08, 0x08, 0x08, 0x08, 0x06,
    0x48, 0xFF, 0xFF, 0xFF, 0xFF, 0xFF, 0xFF, 0xFF, 0xFF, 0xD8,
    0x48, 0xFF, 0x57, 0x38, 0x38, 0x38, 0x38, 0x38, 0xAE, 0xD8,
    0x48, 0xFF, 0x28, 0x00, 0x00, 0x00, 0x00, 0x00, 0x98, 0xD8,
    0x48, 0xFF, 0x28, 0x00, 0x00, 0x00, 0x00, 0x00, 0x98, 0xD8,
    0x48, 0xFF, 0x28, 0x00, 0x00, 0x00, 0x00, 0x00, 0x98, 0xD8,
    0x48, 0xFF, 0x28, 0x00, 0x00, 0x00, 0x00, 0x00, 0x98, 0xD8,
    0x48, 0xFF, 0x28, 0x00, 0x00, 0x00, 0x00, 0x00, 0x98, 0xD8,
    0x48, 0xFF, 0x28, 0x00, 0x00, 0x00, 0x00, 0x00, 0x98, 0xD8,
    0x48, 0xFF, 0x28, 0x00, 0x00, 0x00, 0x00, 0x00, 0x98, 0xD8,
    0x48, 0xFF, 0x28, 0x00, 0x00, 0x00, 0x00, 0x00, 0x98, 0xD8,
    0x48, 0xFF, 0x32, 0x0C, 0x0C, 0x0C, 0x0C, 0x0C, 0x9C, 0xD8,
    0x48, 0xFF, 0xFF, 0xFF, 0xFF, 0xFF, 0xFF, 0xFF, 0xFF, 0xD8,
    0x0F, 0x38, 0x38, 0x38, 0x38, 0x38, 0x38, 0x38, 0x38, 0x2F,
    0x00, 0x00, 0x00, 0x00, 0x00, 0x00, 0x00, 0x00, 0x00, 0x00,
    0x00, 0x00, 0x00, 0x00, 0x00, 0x00, 0x00, 0x00, 0x00, 0x00,
    0x00, 0x00, 0x00, 0x00, 0x00, 0x00, 0x00, 0x00, 0x00, 0x00,
    0x00, 0x00, 0x00, 0x00, 0x00, 0x00, 0x00, 0x00, 0x00, 0x00,

    /* Unicode: U+008E */
    0x00, 0x00, 0x00, 0x00, 0x00, 0x00, 0x00, 0x00, 0x00, 0x00,
    0x00, 0x00, 0x00, 0x00, 0x00, 0x00, 0x00, 0x00, 0x00, 0x00,
    0x00, 0x00, 0x00, 0x00, 0x00, 0x00, 0x00, 0x00, 0x00, 0x00,
    0x00, 0x00, 0x00, 0x00, 0x00, 0x00, 0x00, 0x00, 0x00, 0x00,
    0x00, 0x00, 0x00, 0x00, 0x00, 0x00, 0x00, 0x00, 0x00, 0x00,
    0x02, 0x08, 0x08, 0x08, 0x08, 0x08, 0x08, 0x08, 0x08, 0x06,
    0x48, 0xFF, 0xFF, 0xFF, 0xFF, 0xFF, 0xFF, 0xFF, 0xFF, 0xD8,
    0x48, 0xFF, 0x57, 0x38, 0x38, 0x38, 0x38, 0x38, 0xAE, 0xD8,
    0x48, 0xFF, 0x28, 0x00, 0x00, 0x00, 0x00, 0x00, 0x98, 0xD8,
    0x48, 0xFF, 0x28, 0x00, 0x00, 0x00, 0x00, 0x00, 0x98, 0xD8,
    0x48, 0xFF, 0x28, 0x00, 0x00, 0x00, 0x00, 0x00, 0x98, 0xD8,
    0x48, 0xFF, 0x28, 0x00, 0x00, 0x00, 0x00, 0x00, 0x98, 0xD8,
    0x48, 0xFF, 0x28, 0x00, 0x00, 0x00, 0x00, 0x00, 0x98, 0xD8,
    0x48, 0xFF, 0x28, 0x00, 0x00, 0x00, 0x00, 0x00, 0x98, 0xD8,
    0x48, 0xFF, 0x28, 0x00, 0x00, 0x00, 0x00, 0x00, 0x98, 0xD8,
    0x48, 0xFF, 0x28, 0x00, 0x00, 0x00, 0x00, 0x00, 0x98, 0xD8,
    0x48, 0xFF, 0x32, 0x0C, 0x0C, 0x0C, 0x0C, 0x0C, 0x9C, 0xD8,
    0x48, 0xFF, 0xFF, 0xFF, 0xFF, 0xFF, 0xFF, 0xFF, 0xFF, 0xD8,
    0x0F, 0x38, 0x38, 0x38, 0x38, 0x38, 0x38, 0x38, 0x38, 0x2F,
    0x00, 0x00, 0x00, 0x00, 0x00, 0x00, 0x00, 0x00, 0x00, 0x00,
    0x00, 0x00, 0x00, 0x00, 0x00, 0x00, 0x00, 0x00, 0x00, 0x00,
    0x00, 0x00, 0x00, 0x00, 0x00, 0x00, 0x00, 0x00, 0x00, 0x00,
    0x00, 0x00, 0x00, 0x00, 0x00, 0x00, 0x00, 0x00, 0x00, 0x00,

    /* Unicode: U+008F */
    0x00, 0x00, 0x00, 0x00, 0x00, 0x00, 0x00, 0x00, 0x00, 0x00,
    0x00, 0x00, 0x00, 0x00, 0x00, 0x00, 0x00, 0x00, 0x00, 0x00,
    0x00, 0x00, 0x00, 0x00, 0x00, 0x00, 0x00, 0x00, 0x00, 0x00,
    0x00, 0x00, 0x00, 0x00, 0x00, 0x00, 0x00, 0x00, 0x00, 0x00,
    0x00, 0x00, 0x00, 0x00, 0x00, 0x00, 0x00, 0x00, 0x00, 0x00,
    0x02, 0x08, 0x08, 0x08, 0x08, 0x08, 0x08, 0x08, 0x08, 0x06,
    0x48, 0xFF, 0xFF, 0xFF, 0xFF, 0xFF, 0xFF, 0xFF, 0xFF, 0xD8,
    0x48, 0xFF, 0x57, 0x38, 0x38, 0x38, 0x38, 0x38, 0xAE, 0xD8,
    0x48, 0xFF, 0x28, 0x00, 0x00, 0x00, 0x00, 0x00, 0x98, 0xD8,
    0x48, 0xFF, 0x28, 0x00, 0x00, 0x00, 0x00, 0x00, 0x98, 0xD8,
    0x48, 0xFF, 0x28, 0x00, 0x00, 0x00, 0x00, 0x00, 0x98, 0xD8,
    0x48, 0xFF, 0x28, 0x00, 0x00, 0x00, 0x00, 0x00, 0x98, 0xD8,
    0x48, 0xFF, 0x28, 0x00, 0x00, 0x00, 0x00, 0x00, 0x98, 0xD8,
    0x48, 0xFF, 0x28, 0x00, 0x00, 0x00, 0x00, 0x00, 0x98, 0xD8,
    0x48, 0xFF, 0x28, 0x00, 0x00, 0x00, 0x00, 0x00, 0x98, 0xD8,
    0x48, 0xFF, 0x28, 0x00, 0x00, 0x00, 0x00, 0x00, 0x98, 0xD8,
    0x48, 0xFF, 0x32, 0x0C, 0x0C, 0x0C, 0x0C, 0x0C, 0x9C, 0xD8,
    0x48, 0xFF, 0xFF, 0xFF, 0xFF, 0xFF, 0xFF, 0xFF, 0xFF, 0xD8,
    0x0F, 0x38, 0x38, 0x38, 0x38, 0x38, 0x38, 0x38, 0x38, 0x2F,
    0x00, 0x00, 0x00, 0x00, 0x00, 0x00, 0x00, 0x00, 0x00, 0x00,
    0x00, 0x00, 0x00, 0x00, 0x00, 0x00, 0x00, 0x00, 0x00, 0x00,
    0x00, 0x00, 0x00, 0x00, 0x00, 0x00, 0x00, 0x00, 0x00, 0x00,
    0x00, 0x00, 0x00, 0x00, 0x00, 0x00, 0x00, 0x00, 0x00, 0x00,

    /* Unicode: U+0090 */
    0x00, 0x00, 0x00, 0x00, 0x00, 0x00, 0x00, 0x00, 0x00, 0x00,
    0x00, 0x00, 0x00, 0x00, 0x00, 0x00, 0x00, 0x00, 0x00, 0x00,
    0x00, 0x00, 0x00, 0x00, 0x00, 0x00, 0x00, 0x00, 0x00, 0x00,
    0x00, 0x00, 0x00, 0x00, 0x00, 0x00, 0x00, 0x00, 0x00, 0x00,
    0x00, 0x00, 0x00, 0x00, 0x00, 0x00, 0x00, 0x00, 0x00, 0x00,
    0x02, 0x08, 0x08, 0x08, 0x08, 0x08, 0x08, 0x08, 0x08, 0x06,
    0x48, 0xFF, 0xFF, 0xFF, 0xFF, 0xFF, 0xFF, 0xFF, 0xFF, 0xD8,
    0x48, 0xFF, 0x57, 0x38, 0x38, 0x38, 0x38, 0x38, 0xAE, 0xD8,
    0x48, 0xFF, 0x28, 0x00, 0x00, 0x00, 0x00, 0x00, 0x98, 0xD8,
    0x48, 0xFF, 0x28, 0x00, 0x00, 0x00, 0x00, 0x00, 0x98, 0xD8,
    0x48, 0xFF, 0x28, 0x00, 0x00, 0x00, 0x00, 0x00, 0x98, 0xD8,
    0x48, 0xFF, 0x28, 0x00, 0x00, 0x00, 0x00, 0x00, 0x98, 0xD8,
    0x48, 0xFF, 0x28, 0x00, 0x00, 0x00, 0x00, 0x00, 0x98, 0xD8,
    0x48, 0xFF, 0x28, 0x00, 0x00, 0x00, 0x00, 0x00, 0x98, 0xD8,
    0x48, 0xFF, 0x28, 0x00, 0x00, 0x00, 0x00, 0x00, 0x98, 0xD8,
    0x48, 0xFF, 0x28, 0x00, 0x00, 0x00, 0x00, 0x00, 0x98, 0xD8,
    0x48, 0xFF, 0x32, 0x0C, 0x0C, 0x0C, 0x0C, 0x0C, 0x9C, 0xD8,
    0x48, 0xFF, 0xFF, 0xFF, 0xFF, 0xFF, 0xFF, 0xFF, 0xFF, 0xD8,
    0x0F, 0x38, 0x38, 0x38, 0x38, 0x38, 0x38, 0x38, 0x38, 0x2F,
    0x00, 0x00, 0x00, 0x00, 0x00, 0x00, 0x00, 0x00, 0x00, 0x00,
    0x00, 0x00, 0x00, 0x00, 0x00, 0x00, 0x00, 0x00, 0x00, 0x00,
    0x00, 0x00, 0x00, 0x00, 0x00, 0x00, 0x00, 0x00, 0x00, 0x00,
    0x00, 0x00, 0x00, 0x00, 0x00, 0x00, 0x00, 0x00, 0x00, 0x00,

    /* Unicode: U+0091 */
    0x00, 0x00, 0x00, 0x00, 0x00, 0x00, 0x00, 0x00, 0x00, 0x00,
    0x00, 0x00, 0x00, 0x00, 0x00, 0x00, 0x00, 0x00, 0x00, 0x00,
    0x00, 0x00, 0x00, 0x00, 0x00, 0x00, 0x00, 0x00, 0x00, 0x00,
    0x00, 0x00, 0x00, 0x00, 0x00, 0x00, 0x00, 0x00, 0x00, 0x00,
    0x00, 0x00, 0x00, 0x00, 0x00, 0x00, 0x00, 0x00, 0x00, 0x00,
    0x02, 0x08, 0x08, 0x08, 0x08, 0x08, 0x08, 0x08, 0x08, 0x06,
    0x48, 0xFF, 0xFF, 0xFF, 0xFF, 0xFF, 0xFF, 0xFF, 0xFF, 0xD8,
    0x48, 0xFF, 0x57, 0x38, 0x38, 0x38, 0x38, 0x38, 0xAE, 0xD8,
    0x48, 0xFF, 0x28, 0x00, 0x00, 0x00, 0x00, 0x00, 0x98, 0xD8,
    0x48, 0xFF, 0x28, 0x00, 0x00, 0x00, 0x00, 0x00, 0x98, 0xD8,
    0x48, 0xFF, 0x28, 0x00, 0x00, 0x00, 0x00, 0x00, 0x98, 0xD8,
    0x48, 0xFF, 0x28, 0x00, 0x00, 0x00, 0x00, 0x00, 0x98, 0xD8,
    0x48, 0xFF, 0x28, 0x00, 0x00, 0x00, 0x00, 0x00, 0x98, 0xD8,
    0x48, 0xFF, 0x28, 0x00, 0x00, 0x00, 0x00, 0x00, 0x98, 0xD8,
    0x48, 0xFF, 0x28, 0x00, 0x00, 0x00, 0x00, 0x00, 0x98, 0xD8,
    0x48, 0xFF, 0x28, 0x00, 0x00, 0x00, 0x00, 0x00, 0x98, 0xD8,
    0x48, 0xFF, 0x32, 0x0C, 0x0C, 0x0C, 0x0C, 0x0C, 0x9C, 0xD8,
    0x48, 0xFF, 0xFF, 0xFF, 0xFF, 0xFF, 0xFF, 0xFF, 0xFF, 0xD8,
    0x0F, 0x38, 0x38, 0x38, 0x38, 0x38, 0x38, 0x38, 0x38, 0x2F,
    0x00, 0x00, 0x00, 0x00, 0x00, 0x00, 0x00, 0x00, 0x00, 0x00,
    0x00, 0x00, 0x00, 0x00, 0x00, 0x00, 0x00, 0x00, 0x00, 0x00,
    0x00, 0x00, 0x00, 0x00, 0x00, 0x00, 0x00, 0x00, 0x00, 0x00,
    0x00, 0x00, 0x00, 0x00, 0x00, 0x00, 0x00, 0x00, 0x00, 0x00,

    /* Unicode: U+0092 */
    0x00, 0x00, 0x00, 0x00, 0x00, 0x00, 0x00, 0x00, 0x00, 0x00,
    0x00, 0x00, 0x00, 0x00, 0x00, 0x00, 0x00, 0x00, 0x00, 0x00,
    0x00, 0x00, 0x00, 0x00, 0x00, 0x00, 0x00, 0x00, 0x00, 0x00,
    0x00, 0x00, 0x00, 0x00, 0x00, 0x00, 0x00, 0x00, 0x00, 0x00,
    0x00, 0x00, 0x00, 0x00, 0x00, 0x00, 0x00, 0x00, 0x00, 0x00,
    0x02, 0x08, 0x08, 0x08, 0x08, 0x08, 0x08, 0x08, 0x08, 0x06,
    0x48, 0xFF, 0xFF, 0xFF, 0xFF, 0xFF, 0xFF, 0xFF, 0xFF, 0xD8,
    0x48, 0xFF, 0x57, 0x38, 0x38, 0x38, 0x38, 0x38, 0xAE, 0xD8,
    0x48, 0xFF, 0x28, 0x00, 0x00, 0x00, 0x00, 0x00, 0x98, 0xD8,
    0x48, 0xFF, 0x28, 0x00, 0x00, 0x00, 0x00, 0x00, 0x98, 0xD8,
    0x48, 0xFF, 0x28, 0x00, 0x00, 0x00, 0x00, 0x00, 0x98, 0xD8,
    0x48, 0xFF, 0x28, 0x00, 0x00, 0x00, 0x00, 0x00, 0x98, 0xD8,
    0x48, 0xFF, 0x28, 0x00, 0x00, 0x00, 0x00, 0x00, 0x98, 0xD8,
    0x48, 0xFF, 0x28, 0x00, 0x00, 0x00, 0x00, 0x00, 0x98, 0xD8,
    0x48, 0xFF, 0x28, 0x00, 0x00, 0x00, 0x00, 0x00, 0x98, 0xD8,
    0x48, 0xFF, 0x28, 0x00, 0x00, 0x00, 0x00, 0x00, 0x98, 0xD8,
    0x48, 0xFF, 0x32, 0x0C, 0x0C, 0x0C, 0x0C, 0x0C, 0x9C, 0xD8,
    0x48, 0xFF, 0xFF, 0xFF, 0xFF, 0xFF, 0xFF, 0xFF, 0xFF, 0xD8,
    0x0F, 0x38, 0x38, 0x38, 0x38, 0x38, 0x38, 0x38, 0x38, 0x2F,
    0x00, 0x00, 0x00, 0x00, 0x00, 0x00, 0x00, 0x00, 0x00, 0x00,
    0x00, 0x00, 0x00, 0x00, 0x00, 0x00, 0x00, 0x00, 0x00, 0x00,
    0x00, 0x00, 0x00, 0x00, 0x00, 0x00, 0x00, 0x00, 0x00, 0x00,
    0x00, 0x00, 0x00, 0x00, 0x00, 0x00, 0x00, 0x00, 0x00, 0x00,

    /* Unicode: U+0093 */
    0x00, 0x00, 0x00, 0x00, 0x00, 0x00, 0x00, 0x00, 0x00, 0x00,
    0x00, 0x00, 0x00, 0x00, 0x00, 0x00, 0x00, 0x00, 0x00, 0x00,
    0x00, 0x00, 0x00, 0x00, 0x00, 0x00, 0x00, 0x00, 0x00, 0x00,
    0x00, 0x00, 0x00, 0x00, 0x00, 0x00, 0x00, 0x00, 0x00, 0x00,
    0x00, 0x00, 0x00, 0x00, 0x00, 0x00, 0x00, 0x00, 0x00, 0x00,
    0x02, 0x08, 0x08, 0x08, 0x08, 0x08, 0x08, 0x08, 0x08, 0x06,
    0x48, 0xFF, 0xFF, 0xFF, 0xFF, 0xFF, 0xFF, 0xFF, 0xFF, 0xD8,
    0x48, 0xFF, 0x57, 0x38, 0x38, 0x38, 0x38, 0x38, 0xAE, 0xD8,
    0x48, 0xFF, 0x28, 0x00, 0x00, 0x00, 0x00, 0x00, 0x98, 0xD8,
    0x48, 0xFF, 0x28, 0x00, 0x00, 0x00, 0x00, 0x00, 0x98, 0xD8,
    0x48, 0xFF, 0x28, 0x00, 0x00, 0x00, 0x00, 0x00, 0x98, 0xD8,
    0x48, 0xFF, 0x28, 0x00, 0x00, 0x00, 0x00, 0x00, 0x98, 0xD8,
    0x48, 0xFF, 0x28, 0x00, 0x00, 0x00, 0x00, 0x00, 0x98, 0xD8,
    0x48, 0xFF, 0x28, 0x00, 0x00, 0x00, 0x00, 0x00, 0x98, 0xD8,
    0x48, 0xFF, 0x28, 0x00, 0x00, 0x00, 0x00, 0x00, 0x98, 0xD8,
    0x48, 0xFF, 0x28, 0x00, 0x00, 0x00, 0x00, 0x00, 0x98, 0xD8,
    0x48, 0xFF, 0x32, 0x0C, 0x0C, 0x0C, 0x0C, 0x0C, 0x9C, 0xD8,
    0x48, 0xFF, 0xFF, 0xFF, 0xFF, 0xFF, 0xFF, 0xFF, 0xFF, 0xD8,
    0x0F, 0x38, 0x38, 0x38, 0x38, 0x38, 0x38, 0x38, 0x38, 0x2F,
    0x00, 0x00, 0x00, 0x00, 0x00, 0x00, 0x00, 0x00, 0x00, 0x00,
    0x00, 0x00, 0x00, 0x00, 0x00, 0x00, 0x00, 0x00, 0x00, 0x00,
    0x00, 0x00, 0x00, 0x00, 0x00, 0x00, 0x00, 0x00, 0x00, 0x00,
    0x00, 0x00, 0x00, 0x00, 0x00, 0x00, 0x00, 0x00, 0x00, 0x00,

    /* Unicode: U+0094 */
    0x00, 0x00, 0x00, 0x00, 0x00, 0x00, 0x00, 0x00, 0x00, 0x00,
    0x00, 0x00, 0x00, 0x00, 0x00, 0x00, 0x00, 0x00, 0x00, 0x00,
    0x00, 0x00, 0x00, 0x00, 0x00, 0x00, 0x00, 0x00, 0x00, 0x00,
    0x00, 0x00, 0x00, 0x00, 0x00, 0x00, 0x00, 0x00, 0x00, 0x00,
    0x00, 0x00, 0x00, 0x00, 0x00, 0x00, 0x00, 0x00, 0x00, 0x00,
    0x02, 0x08, 0x08, 0x08, 0x08, 0x08, 0x08, 0x08, 0x08, 0x06,
    0x48, 0xFF, 0xFF, 0xFF, 0xFF, 0xFF, 0xFF, 0xFF, 0xFF, 0xD8,
    0x48, 0xFF, 0x57, 0x38, 0x38, 0x38, 0x38, 0x38, 0xAE, 0xD8,
    0x48, 0xFF, 0x28, 0x00, 0x00, 0x00, 0x00, 0x00, 0x98, 0xD8,
    0x48, 0xFF, 0x28, 0x00, 0x00, 0x00, 0x00, 0x00, 0x98, 0xD8,
    0x48, 0xFF, 0x28, 0x00, 0x00, 0x00, 0x00, 0x00, 0x98, 0xD8,
    0x48, 0xFF, 0x28, 0x00, 0x00, 0x00, 0x00, 0x00, 0x98, 0xD8,
    0x48, 0xFF, 0x28, 0x00, 0x00, 0x00, 0x00, 0x00, 0x98, 0xD8,
    0x48, 0xFF, 0x28, 0x00, 0x00, 0x00, 0x00, 0x00, 0x98, 0xD8,
    0x48, 0xFF, 0x28, 0x00, 0x00, 0x00, 0x00, 0x00, 0x98, 0xD8,
    0x48, 0xFF, 0x28, 0x00, 0x00, 0x00, 0x00, 0x00, 0x98, 0xD8,
    0x48, 0xFF, 0x32, 0x0C, 0x0C, 0x0C, 0x0C, 0x0C, 0x9C, 0xD8,
    0x48, 0xFF, 0xFF, 0xFF, 0xFF, 0xFF, 0xFF, 0xFF, 0xFF, 0xD8,
    0x0F, 0x38, 0x38, 0x38, 0x38, 0x38, 0x38, 0x38, 0x38, 0x2F,
    0x00, 0x00, 0x00, 0x00, 0x00, 0x00, 0x00, 0x00, 0x00, 0x00,
    0x00, 0x00, 0x00, 0x00, 0x00, 0x00, 0x00, 0x00, 0x00, 0x00,
    0x00, 0x00, 0x00, 0x00, 0x00, 0x00, 0x00, 0x00, 0x00, 0x00,
    0x00, 0x00, 0x00, 0x00, 0x00, 0x00, 0x00, 0x00, 0x00, 0x00,

    /* Unicode: U+0095 */
    0x00, 0x00, 0x00, 0x00, 0x00, 0x00, 0x00, 0x00, 0x00, 0x00,
    0x00, 0x00, 0x00, 0x00, 0x00, 0x00, 0x00, 0x00, 0x00, 0x00,
    0x00, 0x00, 0x00, 0x00, 0x00, 0x00, 0x00, 0x00, 0x00, 0x00,
    0x00, 0x00, 0x00, 0x00, 0x00, 0x00, 0x00, 0x00, 0x00, 0x00,
    0x00, 0x00, 0x00, 0x00, 0x00, 0x00, 0x00, 0x00, 0x00, 0x00,
    0x02, 0x08, 0x08, 0x08, 0x08, 0x08, 0x08, 0x08, 0x08, 0x06,
    0x48, 0xFF, 0xFF, 0xFF, 0xFF, 0xFF, 0xFF, 0xFF, 0xFF, 0xD8,
    0x48, 0xFF, 0x57, 0x38, 0x38, 0x38, 0x38, 0x38, 0xAE, 0xD8,
    0x48, 0xFF, 0x28, 0x00, 0x00, 0x00, 0x00, 0x00, 0x98, 0xD8,
    0x48, 0xFF, 0x28, 0x00, 0x00, 0x00, 0x00, 0x00, 0x98, 0xD8,
    0x48, 0xFF, 0x28, 0x00, 0x00, 0x00, 0x00, 0x00, 0x98, 0xD8,
    0x48, 0xFF, 0x28, 0x00, 0x00, 0x00, 0x00, 0x00, 0x98, 0xD8,
    0x48, 0xFF, 0x28, 0x00, 0x00, 0x00, 0x00, 0x00, 0x98, 0xD8,
    0x48, 0xFF, 0x28, 0x00, 0x00, 0x00, 0x00, 0x00, 0x98, 0xD8,
    0x48, 0xFF, 0x28, 0x00, 0x00, 0x00, 0x00, 0x00, 0x98, 0xD8,
    0x48, 0xFF, 0x28, 0x00, 0x00, 0x00, 0x00, 0x00, 0x98, 0xD8,
    0x48, 0xFF, 0x32, 0x0C, 0x0C, 0x0C, 0x0C, 0x0C, 0x9C, 0xD8,
    0x48, 0xFF, 0xFF, 0xFF, 0xFF, 0xFF, 0xFF, 0xFF, 0xFF, 0xD8,
    0x0F, 0x38, 0x38, 0x38, 0x38, 0x38, 0x38, 0x38, 0x38, 0x2F,
    0x00, 0x00, 0x00, 0x00, 0x00, 0x00, 0x00, 0x00, 0x00, 0x00,
    0x00, 0x00, 0x00, 0x00, 0x00, 0x00, 0x00, 0x00, 0x00, 0x00,
    0x00, 0x00, 0x00, 0x00, 0x00, 0x00, 0x00, 0x00, 0x00, 0x00,
    0x00, 0x00, 0x00, 0x00, 0x00, 0x00, 0x00, 0x00, 0x00, 0x00,

    /* Unicode: U+0096 */
    0x00, 0x00, 0x00, 0x00, 0x00, 0x00, 0x00, 0x00, 0x00, 0x00,
    0x00, 0x00, 0x00, 0x00, 0x00, 0x00, 0x00, 0x00, 0x00, 0x00,
    0x00, 0x00, 0x00, 0x00, 0x00, 0x00, 0x00, 0x00, 0x00, 0x00,
    0x00, 0x00, 0x00, 0x00, 0x00, 0x00, 0x00, 0x00, 0x00, 0x00,
    0x00, 0x00, 0x00, 0x00, 0x00, 0x00, 0x00, 0x00, 0x00, 0x00,
    0x02, 0x08, 0x08, 0x08, 0x08, 0x08, 0x08, 0x08, 0x08, 0x06,
    0x48, 0xFF, 0xFF, 0xFF, 0xFF, 0xFF, 0xFF, 0xFF, 0xFF, 0xD8,
    0x48, 0xFF, 0x57, 0x38, 0x38, 0x38, 0x38, 0x38, 0xAE, 0xD8,
    0x48, 0xFF, 0x28, 0x00, 0x00, 0x00, 0x00, 0x00, 0x98, 0xD8,
    0x48, 0xFF, 0x28, 0x00, 0x00, 0x00, 0x00, 0x00, 0x98, 0xD8,
    0x48, 0xFF, 0x28, 0x00, 0x00, 0x00, 0x00, 0x00, 0x98, 0xD8,
    0x48, 0xFF, 0x28, 0x00, 0x00, 0x00, 0x00, 0x00, 0x98, 0xD8,
    0x48, 0xFF, 0x28, 0x00, 0x00, 0x00, 0x00, 0x00, 0x98, 0xD8,
    0x48, 0xFF, 0x28, 0x00, 0x00, 0x00, 0x00, 0x00, 0x98, 0xD8,
    0x48, 0xFF, 0x28, 0x00, 0x00, 0x00, 0x00, 0x00, 0x98, 0xD8,
    0x48, 0xFF, 0x28, 0x00, 0x00, 0x00, 0x00, 0x00, 0x98, 0xD8,
    0x48, 0xFF, 0x32, 0x0C, 0x0C, 0x0C, 0x0C, 0x0C, 0x9C, 0xD8,
    0x48, 0xFF, 0xFF, 0xFF, 0xFF, 0xFF, 0xFF, 0xFF, 0xFF, 0xD8,
    0x0F, 0x38, 0x38, 0x38, 0x38, 0x38, 0x38, 0x38, 0x38, 0x2F,
    0x00, 0x00, 0x00, 0x00, 0x00, 0x00, 0x00, 0x00, 0x00, 0x00,
    0x00, 0x00, 0x00, 0x00, 0x00, 0x00, 0x00, 0x00, 0x00, 0x00,
    0x00, 0x00, 0x00, 0x00, 0x00, 0x00, 0x00, 0x00, 0x00, 0x00,
    0x00, 0x00, 0x00, 0x00, 0x00, 0x00, 0x00, 0x00, 0x00, 0x00,

    /* Unicode: U+0097 */
    0x00, 0x00, 0x00, 0x00, 0x00, 0x00, 0x00, 0x00, 0x00, 0x00,
    0x00, 0x00, 0x00, 0x00, 0x00, 0x00, 0x00, 0x00, 0x00, 0x00,
    0x00, 0x00, 0x00, 0x00, 0x00, 0x00, 0x00, 0x00, 0x00, 0x00,
    0x00, 0x00, 0x00, 0x00, 0x00, 0x00, 0x00, 0x00, 0x00, 0x00,
    0x00, 0x00, 0x00, 0x00, 0x00, 0x00, 0x00, 0x00, 0x00, 0x00,
    0x02, 0x08, 0x08, 0x08, 0x08, 0x08, 0x08, 0x08, 0x08, 0x06,
    0x48, 0xFF, 0xFF, 0xFF, 0xFF, 0xFF, 0xFF, 0xFF, 0xFF, 0xD8,
    0x48, 0xFF, 0x57, 0x38, 0x38, 0x38, 0x38, 0x38, 0xAE, 0xD8,
    0x48, 0xFF, 0x28, 0x00, 0x00, 0x00, 0x00, 0x00, 0x98, 0xD8,
    0x48, 0xFF, 0x28, 0x00, 0x00, 0x00, 0x00, 0x00, 0x98, 0xD8,
    0x48, 0xFF, 0x28, 0x00, 0x00, 0x00, 0x00, 0x00, 0x98, 0xD8,
    0x48, 0xFF, 0x28, 0x00, 0x00, 0x00, 0x00, 0x00, 0x98, 0xD8,
    0x48, 0xFF, 0x28, 0x00, 0x00, 0x00, 0x00, 0x00, 0x98, 0xD8,
    0x48, 0xFF, 0x28, 0x00, 0x00, 0x00, 0x00, 0x00, 0x98, 0xD8,
    0x48, 0xFF, 0x28, 0x00, 0x00, 0x00, 0x00, 0x00, 0x98, 0xD8,
    0x48, 0xFF, 0x28, 0x00, 0x00, 0x00, 0x00, 0x00, 0x98, 0xD8,
    0x48, 0xFF, 0x32, 0x0C, 0x0C, 0x0C, 0x0C, 0x0C, 0x9C, 0xD8,
    0x48, 0xFF, 0xFF, 0xFF, 0xFF, 0xFF, 0xFF, 0xFF, 0xFF, 0xD8,
    0x0F, 0x38, 0x38, 0x38, 0x38, 0x38, 0x38, 0x38, 0x38, 0x2F,
    0x00, 0x00, 0x00, 0x00, 0x00, 0x00, 0x00, 0x00, 0x00, 0x00,
    0x00, 0x00, 0x00, 0x00, 0x00, 0x00, 0x00, 0x00, 0x00, 0x00,
    0x00, 0x00, 0x00, 0x00, 0x00, 0x00, 0x00, 0x00, 0x00, 0x00,
    0x00, 0x00, 0x00, 0x00, 0x00, 0x00, 0x00, 0x00, 0x00, 0x00,

    /* Unicode: U+0098 */
    0x00, 0x00, 0x00, 0x00, 0x00, 0x00, 0x00, 0x00, 0x00, 0x00,
    0x00, 0x00, 0x00, 0x00, 0x00, 0x00, 0x00, 0x00, 0x00, 0x00,
    0x00, 0x00, 0x00, 0x00, 0x00, 0x00, 0x00, 0x00, 0x00, 0x00,
    0x00, 0x00, 0x00, 0x00, 0x00, 0x00, 0x00, 0x00, 0x00, 0x00,
    0x00, 0x00, 0x00, 0x00, 0x00, 0x00, 0x00, 0x00, 0x00, 0x00,
    0x02, 0x08, 0x08, 0x08, 0x08, 0x08, 0x08, 0x08, 0x08, 0x06,
    0x48, 0xFF, 0xFF, 0xFF, 0xFF, 0xFF, 0xFF, 0xFF, 0xFF, 0xD8,
    0x48, 0xFF, 0x57, 0x38, 0x38, 0x38, 0x38, 0x38, 0xAE, 0xD8,
    0x48, 0xFF, 0x28, 0x00, 0x00, 0x00, 0x00, 0x00, 0x98, 0xD8,
    0x48, 0xFF, 0x28, 0x00, 0x00, 0x00, 0x00, 0x00, 0x98, 0xD8,
    0x48, 0xFF, 0x28, 0x00, 0x00, 0x00, 0x00, 0x00, 0x98, 0xD8,
    0x48, 0xFF, 0x28, 0x00, 0x00, 0x00, 0x00, 0x00, 0x98, 0xD8,
    0x48, 0xFF, 0x28, 0x00, 0x00, 0x00, 0x00, 0x00, 0x98, 0xD8,
    0x48, 0xFF, 0x28, 0x00, 0x00, 0x00, 0x00, 0x00, 0x98, 0xD8,
    0x48, 0xFF, 0x28, 0x00, 0x00, 0x00, 0x00, 0x00, 0x98, 0xD8,
    0x48, 0xFF, 0x28, 0x00, 0x00, 0x00, 0x00, 0x00, 0x98, 0xD8,
    0x48, 0xFF, 0x32, 0x0C, 0x0C, 0x0C, 0x0C, 0x0C, 0x9C, 0xD8,
    0x48, 0xFF, 0xFF, 0xFF, 0xFF, 0xFF, 0xFF, 0xFF, 0xFF, 0xD8,
    0x0F, 0x38, 0x38, 0x38, 0x38, 0x38, 0x38, 0x38, 0x38, 0x2F,
    0x00, 0x00, 0x00, 0x00, 0x00, 0x00, 0x00, 0x00, 0x00, 0x00,
    0x00, 0x00, 0x00, 0x00, 0x00, 0x00, 0x00, 0x00, 0x00, 0x00,
    0x00, 0x00, 0x00, 0x00, 0x00, 0x00, 0x00, 0x00, 0x00, 0x00,
    0x00, 0x00, 0x00, 0x00, 0x00, 0x00, 0x00, 0x00, 0x00, 0x00,

    /* Unicode: U+0099 */
    0x00, 0x00, 0x00, 0x00, 0x00, 0x00, 0x00, 0x00, 0x00, 0x00,
    0x00, 0x00, 0x00, 0x00, 0x00, 0x00, 0x00, 0x00, 0x00, 0x00,
    0x00, 0x00, 0x00, 0x00, 0x00, 0x00, 0x00, 0x00, 0x00, 0x00,
    0x00, 0x00, 0x00, 0x00, 0x00, 0x00, 0x00, 0x00, 0x00, 0x00,
    0x00, 0x00, 0x00, 0x00, 0x00, 0x00, 0x00, 0x00, 0x00, 0x00,
    0x02, 0x08, 0x08, 0x08, 0x08, 0x08, 0x08, 0x08, 0x08, 0x06,
    0x48, 0xFF, 0xFF, 0xFF, 0xFF, 0xFF, 0xFF, 0xFF, 0xFF, 0xD8,
    0x48, 0xFF, 0x57, 0x38, 0x38, 0x38, 0x38, 0x38, 0xAE, 0xD8,
    0x48, 0xFF, 0x28, 0x00, 0x00, 0x00, 0x00, 0x00, 0x98, 0xD8,
    0x48, 0xFF, 0x28, 0x00, 0x00, 0x00, 0x00, 0x00, 0x98, 0xD8,
    0x48, 0xFF, 0x28, 0x00, 0x00, 0x00, 0x00, 0x00, 0x98, 0xD8,
    0x48, 0xFF, 0x28, 0x00, 0x00, 0x00, 0x00, 0x00, 0x98, 0xD8,
    0x48, 0xFF, 0x28, 0x00, 0x00, 0x00, 0x00, 0x00, 0x98, 0xD8,
    0x48, 0xFF, 0x28, 0x00, 0x00, 0x00, 0x00, 0x00, 0x98, 0xD8,
    0x48, 0xFF, 0x28, 0x00, 0x00, 0x00, 0x00, 0x00, 0x98, 0xD8,
    0x48, 0xFF, 0x28, 0x00, 0x00, 0x00, 0x00, 0x00, 0x98, 0xD8,
    0x48, 0xFF, 0x32, 0x0C, 0x0C, 0x0C, 0x0C, 0x0C, 0x9C, 0xD8,
    0x48, 0xFF, 0xFF, 0xFF, 0xFF, 0xFF, 0xFF, 0xFF, 0xFF, 0xD8,
    0x0F, 0x38, 0x38, 0x38, 0x38, 0x38, 0x38, 0x38, 0x38, 0x2F,
    0x00, 0x00, 0x00, 0x00, 0x00, 0x00, 0x00, 0x00, 0x00, 0x00,
    0x00, 0x00, 0x00, 0x00, 0x00, 0x00, 0x00, 0x00, 0x00, 0x00,
    0x00, 0x00, 0x00, 0x00, 0x00, 0x00, 0x00, 0x00, 0x00, 0x00,
    0x00, 0x00, 0x00, 0x00, 0x00, 0x00, 0x00, 0x00, 0x00, 0x00,

    /* Unicode: U+009A */
    0x00, 0x00, 0x00, 0x00, 0x00, 0x00, 0x00, 0x00, 0x00, 0x00,
    0x00, 0x00, 0x00, 0x00, 0x00, 0x00, 0x00, 0x00, 0x00, 0x00,
    0x00, 0x00, 0x00, 0x00, 0x00, 0x00, 0x00, 0x00, 0x00, 0x00,
    0x00, 0x00, 0x00, 0x00, 0x00, 0x00, 0x00, 0x00, 0x00, 0x00,
    0x00, 0x00, 0x00, 0x00, 0x00, 0x00, 0x00, 0x00, 0x00, 0x00,
    0x02, 0x08, 0x08, 0x08, 0x08, 0x08, 0x08, 0x08, 0x08, 0x06,
    0x48, 0xFF, 0xFF, 0xFF, 0xFF, 0xFF, 0xFF, 0xFF, 0xFF, 0xD8,
    0x48, 0xFF, 0x57, 0x38, 0x38, 0x38, 0x38, 0x38, 0xAE, 0xD8,
    0x48, 0xFF, 0x28, 0x00, 0x00, 0x00, 0x00, 0x00, 0x98, 0xD8,
    0x48, 0xFF, 0x28, 0x00, 0x00, 0x00, 0x00, 0x00, 0x98, 0xD8,
    0x48, 0xFF, 0x28, 0x00, 0x00, 0x00, 0x00, 0x00, 0x98, 0xD8,
    0x48, 0xFF, 0x28, 0x00, 0x00, 0x00, 0x00, 0x00, 0x98, 0xD8,
    0x48, 0xFF, 0x28, 0x00, 0x00, 0x00, 0x00, 0x00, 0x98, 0xD8,
    0x48, 0xFF, 0x28, 0x00, 0x00, 0x00, 0x00, 0x00, 0x98, 0xD8,
    0x48, 0xFF, 0x28, 0x00, 0x00, 0x00, 0x00, 0x00, 0x98, 0xD8,
    0x48, 0xFF, 0x28, 0x00, 0x00, 0x00, 0x00, 0x00, 0x98, 0xD8,
    0x48, 0xFF, 0x32, 0x0C, 0x0C, 0x0C, 0x0C, 0x0C, 0x9C, 0xD8,
    0x48, 0xFF, 0xFF, 0xFF, 0xFF, 0xFF, 0xFF, 0xFF, 0xFF, 0xD8,
    0x0F, 0x38, 0x38, 0x38, 0x38, 0x38, 0x38, 0x38, 0x38, 0x2F,
    0x00, 0x00, 0x00, 0x00, 0x00, 0x00, 0x00, 0x00, 0x00, 0x00,
    0x00, 0x00, 0x00, 0x00, 0x00, 0x00, 0x00, 0x00, 0x00, 0x00,
    0x00, 0x00, 0x00, 0x00, 0x00, 0x00, 0x00, 0x00, 0x00, 0x00,
    0x00, 0x00, 0x00, 0x00, 0x00, 0x00, 0x00, 0x00, 0x00, 0x00,

    /* Unicode: U+009B */
    0x00, 0x00, 0x00, 0x00, 0x00, 0x00, 0x00, 0x00, 0x00, 0x00,
    0x00, 0x00, 0x00, 0x00, 0x00, 0x00, 0x00, 0x00, 0x00, 0x00,
    0x00, 0x00, 0x00, 0x00, 0x00, 0x00, 0x00, 0x00, 0x00, 0x00,
    0x00, 0x00, 0x00, 0x00, 0x00, 0x00, 0x00, 0x00, 0x00, 0x00,
    0x00, 0x00, 0x00, 0x00, 0x00, 0x00, 0x00, 0x00, 0x00, 0x00,
    0x02, 0x08, 0x08, 0x08, 0x08, 0x08, 0x08, 0x08, 0x08, 0x06,
    0x48, 0xFF, 0xFF, 0xFF, 0xFF, 0xFF, 0xFF, 0xFF, 0xFF, 0xD8,
    0x48, 0xFF, 0x57, 0x38, 0x38, 0x38, 0x38, 0x38, 0xAE, 0xD8,
    0x48, 0xFF, 0x28, 0x00, 0x00, 0x00, 0x00, 0x00, 0x98, 0xD8,
    0x48, 0xFF, 0x28, 0x00, 0x00, 0x00, 0x00, 0x00, 0x98, 0xD8,
    0x48, 0xFF, 0x28, 0x00, 0x00, 0x00, 0x00, 0x00, 0x98, 0xD8,
    0x48, 0xFF, 0x28, 0x00, 0x00, 0x00, 0x00, 0x00, 0x98, 0xD8,
    0x48, 0xFF, 0x28, 0x00, 0x00, 0x00, 0x00, 0x00, 0x98, 0xD8,
    0x48, 0xFF, 0x28, 0x00, 0x00, 0x00, 0x00, 0x00, 0x98, 0xD8,
    0x48, 0xFF, 0x28, 0x00, 0x00, 0x00, 0x00, 0x00, 0x98, 0xD8,
    0x48, 0xFF, 0x28, 0x00, 0x00, 0x00, 0x00, 0x00, 0x98, 0xD8,
    0x48, 0xFF, 0x32, 0x0C, 0x0C, 0x0C, 0x0C, 0x0C, 0x9C, 0xD8,
    0x48, 0xFF, 0xFF, 0xFF, 0xFF, 0xFF, 0xFF, 0xFF, 0xFF, 0xD8,
    0x0F, 0x38, 0x38, 0x38, 0x38, 0x38, 0x38, 0x38, 0x38, 0x2F,
    0x00, 0x00, 0x00, 0x00, 0x00, 0x00, 0x00, 0x00, 0x00, 0x00,
    0x00, 0x00, 0x00, 0x00, 0x00, 0x00, 0x00, 0x00, 0x00, 0x00,
    0x00, 0x00, 0x00, 0x00, 0x00, 0x00, 0x00, 0x00, 0x00, 0x00,
    0x00, 0x00, 0x00, 0x00, 0x00, 0x00, 0x00, 0x00, 0x00, 0x00,

    /* Unicode: U+009C */
    0x00, 0x00, 0x00, 0x00, 0x00, 0x00, 0x00, 0x00, 0x00, 0x00,
    0x00, 0x00, 0x00, 0x00, 0x00, 0x00, 0x00, 0x00, 0x00, 0x00,
    0x00, 0x00, 0x00, 0x00, 0x00, 0x00, 0x00, 0x00, 0x00, 0x00,
    0x00, 0x00, 0x00, 0x00, 0x00, 0x00, 0x00, 0x00, 0x00, 0x00,
    0x00, 0x00, 0x00, 0x00, 0x00, 0x00, 0x00, 0x00, 0x00, 0x00,
    0x02, 0x08, 0x08, 0x08, 0x08, 0x08, 0x08, 0x08, 0x08, 0x06,
    0x48, 0xFF, 0xFF, 0xFF, 0xFF, 0xFF, 0xFF, 0xFF, 0xFF, 0xD8,
    0x48, 0xFF, 0x57, 0x38, 0x38, 0x38, 0x38, 0x38, 0xAE, 0xD8,
    0x48, 0xFF, 0x28, 0x00, 0x00, 0x00, 0x00, 0x00, 0x98, 0xD8,
    0x48, 0xFF, 0x28, 0x00, 0x00, 0x00, 0x00, 0x00, 0x98, 0xD8,
    0x48, 0xFF, 0x28, 0x00, 0x00, 0x00, 0x00, 0x00, 0x98, 0xD8,
    0x48, 0xFF, 0x28, 0x00, 0x00, 0x00, 0x00, 0x00, 0x98, 0xD8,
    0x48, 0xFF, 0x28, 0x00, 0x00, 0x00, 0x00, 0x00, 0x98, 0xD8,
    0x48, 0xFF, 0x28, 0x00, 0x00, 0x00, 0x00, 0x00, 0x98, 0xD8,
    0x48, 0xFF, 0x28, 0x00, 0x00, 0x00, 0x00, 0x00, 0x98, 0xD8,
    0x48, 0xFF, 0x28, 0x00, 0x00, 0x00, 0x00, 0x00, 0x98, 0xD8,
    0x48, 0xFF, 0x32, 0x0C, 0x0C, 0x0C, 0x0C, 0x0C, 0x9C, 0xD8,
    0x48, 0xFF, 0xFF, 0xFF, 0xFF, 0xFF, 0xFF, 0xFF, 0xFF, 0xD8,
    0x0F, 0x38, 0x38, 0x38, 0x38, 0x38, 0x38, 0x38, 0x38, 0x2F,
    0x00, 0x00, 0x00, 0x00, 0x00, 0x00, 0x00, 0x00, 0x00, 0x00,
    0x00, 0x00, 0x00, 0x00, 0x00, 0x00, 0x00, 0x00, 0x00, 0x00,
    0x00, 0x00, 0x00, 0x00, 0x00, 0x00, 0x00, 0x00, 0x00, 0x00,
    0x00, 0x00, 0x00, 0x00, 0x00, 0x00, 0x00, 0x00, 0x00, 0x00,

    /* Unicode: U+009D */
    0x00, 0x00, 0x00, 0x00, 0x00, 0x00, 0x00, 0x00, 0x00, 0x00,
    0x00, 0x00, 0x00, 0x00, 0x00, 0x00, 0x00, 0x00, 0x00, 0x00,
    0x00, 0x00, 0x00, 0x00, 0x00, 0x00, 0x00, 0x00, 0x00, 0x00,
    0x00, 0x00, 0x00, 0x00, 0x00, 0x00, 0x00, 0x00, 0x00, 0x00,
    0x00, 0x00, 0x00, 0x00, 0x00, 0x00, 0x00, 0x00, 0x00, 0x00,
    0x02, 0x08, 0x08, 0x08, 0x08, 0x08, 0x08, 0x08, 0x08, 0x06,
    0x48, 0xFF, 0xFF, 0xFF, 0xFF, 0xFF, 0xFF, 0xFF, 0xFF, 0xD8,
    0x48, 0xFF, 0x57, 0x38, 0x38, 0x38, 0x38, 0x38, 0xAE, 0xD8,
    0x48, 0xFF, 0x28, 0x00, 0x00, 0x00, 0x00, 0x00, 0x98, 0xD8,
    0x48, 0xFF, 0x28, 0x00, 0x00, 0x00, 0x00, 0x00, 0x98, 0xD8,
    0x48, 0xFF, 0x28, 0x00, 0x00, 0x00, 0x00, 0x00, 0x98, 0xD8,
    0x48, 0xFF, 0x28, 0x00, 0x00, 0x00, 0x00, 0x00, 0x98, 0xD8,
    0x48, 0xFF, 0x28, 0x00, 0x00, 0x00, 0x00, 0x00, 0x98, 0xD8,
    0x48, 0xFF, 0x28, 0x00, 0x00, 0x00, 0x00, 0x00, 0x98, 0xD8,
    0x48, 0xFF, 0x28, 0x00, 0x00, 0x00, 0x00, 0x00, 0x98, 0xD8,
    0x48, 0xFF, 0x28, 0x00, 0x00, 0x00, 0x00, 0x00, 0x98, 0xD8,
    0x48, 0xFF, 0x32, 0x0C, 0x0C, 0x0C, 0x0C, 0x0C, 0x9C, 0xD8,
    0x48, 0xFF, 0xFF, 0xFF, 0xFF, 0xFF, 0xFF, 0xFF, 0xFF, 0xD8,
    0x0F, 0x38, 0x38, 0x38, 0x38, 0x38, 0x38, 0x38, 0x38, 0x2F,
    0x00, 0x00, 0x00, 0x00, 0x00, 0x00, 0x00, 0x00, 0x00, 0x00,
    0x00, 0x00, 0x00, 0x00, 0x00, 0x00, 0x00, 0x00, 0x00, 0x00,
    0x00, 0x00, 0x00, 0x00, 0x00, 0x00, 0x00, 0x00, 0x00, 0x00,
    0x00, 0x00, 0x00, 0x00, 0x00, 0x00, 0x00, 0x00, 0x00, 0x00,

    /* Unicode: U+009E */
    0x00, 0x00, 0x00, 0x00, 0x00, 0x00, 0x00, 0x00, 0x00, 0x00,
    0x00, 0x00, 0x00, 0x00, 0x00, 0x00, 0x00, 0x00, 0x00, 0x00,
    0x00, 0x00, 0x00, 0x00, 0x00, 0x00, 0x00, 0x00, 0x00, 0x00,
    0x00, 0x00, 0x00, 0x00, 0x00, 0x00, 0x00, 0x00, 0x00, 0x00,
    0x00, 0x00, 0x00, 0x00, 0x00, 0x00, 0x00, 0x00, 0x00, 0x00,
    0x02, 0x08, 0x08, 0x08, 0x08, 0x08, 0x08, 0x08, 0x08, 0x06,
    0x48, 0xFF, 0xFF, 0xFF, 0xFF, 0xFF, 0xFF, 0xFF, 0xFF, 0xD8,
    0x48, 0xFF, 0x57, 0x38, 0x38, 0x38, 0x38, 0x38, 0xAE, 0xD8,
    0x48, 0xFF, 0x28, 0x00, 0x00, 0x00, 0x00, 0x00, 0x98, 0xD8,
    0x48, 0xFF, 0x28, 0x00, 0x00, 0x00, 0x00, 0x00, 0x98, 0xD8,
    0x48, 0xFF, 0x28, 0x00, 0x00, 0x00, 0x00, 0x00, 0x98, 0xD8,
    0x48, 0xFF, 0x28, 0x00, 0x00, 0x00, 0x00, 0x00, 0x98, 0xD8,
    0x48, 0xFF, 0x28, 0x00, 0x00, 0x00, 0x00, 0x00, 0x98, 0xD8,
    0x48, 0xFF, 0x28, 0x00, 0x00, 0x00, 0x00, 0x00, 0x98, 0xD8,
    0x48, 0xFF, 0x28, 0x00, 0x00, 0x00, 0x00, 0x00, 0x98, 0xD8,
    0x48, 0xFF, 0x28, 0x00, 0x00, 0x00, 0x00, 0x00, 0x98, 0xD8,
    0x48, 0xFF, 0x32, 0x0C, 0x0C, 0x0C, 0x0C, 0x0C, 0x9C, 0xD8,
    0x48, 0xFF, 0xFF, 0xFF, 0xFF, 0xFF, 0xFF, 0xFF, 0xFF, 0xD8,
    0x0F, 0x38, 0x38, 0x38, 0x38, 0x38, 0x38, 0x38, 0x38, 0x2F,
    0x00, 0x00, 0x00, 0x00, 0x00, 0x00, 0x00, 0x00, 0x00, 0x00,
    0x00, 0x00, 0x00, 0x00, 0x00, 0x00, 0x00, 0x00, 0x00, 0x00,
    0x00, 0x00, 0x00, 0x00, 0x00, 0x00, 0x00, 0x00, 0x00, 0x00,
    0x00, 0x00, 0x00, 0x00, 0x00, 0x00, 0x00, 0x00, 0x00, 0x00,

    /* Unicode: U+009F */
    0x00, 0x00, 0x00, 0x00, 0x00, 0x00, 0x00, 0x00, 0x00, 0x00,
    0x00, 0x00, 0x00, 0x00, 0x00, 0x00, 0x00, 0x00, 0x00, 0x00,
    0x00, 0x00, 0x00, 0x00, 0x00, 0x00, 0x00, 0x00, 0x00, 0x00,
    0x00, 0x00, 0x00, 0x00, 0x00, 0x00, 0x00, 0x00, 0x00, 0x00,
    0x00, 0x00, 0x00, 0x00, 0x00, 0x00, 0x00, 0x00, 0x00, 0x00,
    0x02, 0x08, 0x08, 0x08, 0x08, 0x08, 0x08, 0x08, 0x08, 0x06,
    0x48, 0xFF, 0xFF, 0xFF, 0xFF, 0xFF, 0xFF, 0xFF, 0xFF, 0xD8,
    0x48, 0xFF, 0x57, 0x38, 0x38, 0x38, 0x38, 0x38, 0xAE, 0xD8,
    0x48, 0xFF, 0x28, 0x00, 0x00, 0x00, 0x00, 0x00, 0x98, 0xD8,
    0x48, 0xFF, 0x28, 0x00, 0x00, 0x00, 0x00, 0x00, 0x98, 0xD8,
    0x48, 0xFF, 0x28, 0x00, 0x00, 0x00, 0x00, 0x00, 0x98, 0xD8,
    0x48, 0xFF, 0x28, 0x00, 0x00, 0x00, 0x00, 0x00, 0x98, 0xD8,
    0x48, 0xFF, 0x28, 0x00, 0x00, 0x00, 0x00, 0x00, 0x98, 0xD8,
    0x48, 0xFF, 0x28, 0x00, 0x00, 0x00, 0x00, 0x00, 0x98, 0xD8,
    0x48, 0xFF, 0x28, 0x00, 0x00, 0x00, 0x00, 0x00, 0x98, 0xD8,
    0x48, 0xFF, 0x28, 0x00, 0x00, 0x00, 0x00, 0x00, 0x98, 0xD8,
    0x48, 0xFF, 0x32, 0x0C, 0x0C, 0x0C, 0x0C, 0x0C, 0x9C, 0xD8,
    0x48, 0xFF, 0xFF, 0xFF, 0xFF, 0xFF, 0xFF, 0xFF, 0xFF, 0xD8,
    0x0F, 0x38, 0x38, 0x38, 0x38, 0x38, 0x38, 0x38, 0x38, 0x2F,
    0x00, 0x00, 0x00, 0x00, 0x00, 0x00, 0x00, 0x00, 0x00, 0x00,
    0x00, 0x00, 0x00, 0x00, 0x00, 0x00, 0x00, 0x00, 0x00, 0x00,
    0x00, 0x00, 0x00, 0x00, 0x00, 0x00, 0x00, 0x00, 0x00, 0x00,
    0x00, 0x00, 0x00, 0x00, 0x00, 0x00, 0x00, 0x00, 0x00, 0x00,

    /* Unicode: U+00A0 */
    0x00, 0x00, 0x00, 0x00, 0x00,
    0x00, 0x00, 0x00, 0x00, 0x00,
    0x00, 0x00, 0x00, 0x00, 0x00,
    0x00, 0x00, 0x00, 0x00, 0x00,
    0x00, 0x00, 0x00, 0x00, 0x00,
    0x00, 0x00, 0x00, 0x00, 0x00,
    0x00, 0x00, 0x00, 0x00, 0x00,
    0x00, 0x00, 0x00, 0x00, 0x00,
    0x00, 0x00, 0x00, 0x00, 0x00,
    0x00, 0x00, 0x00, 0x00, 0x00,
    0x00, 0x00, 0x00, 0x00, 0x00,
    0x00, 0x00, 0x00, 0x00, 0x00,
    0x00, 0x00, 0x00, 0x00, 0x00,
    0x00, 0x00, 0x00, 0x00, 0x00,
    0x00, 0x00, 0x00, 0x00, 0x00,
    0x00, 0x00, 0x00, 0x00, 0x00,
    0x00, 0x00, 0x00, 0x00, 0x00,
    0x00, 0x00, 0x00, 0x00, 0x00,
    0x00, 0x00, 0x00, 0x00, 0x00,
    0x00, 0x00, 0x00, 0x00, 0x00,
    0x00, 0x00, 0x00, 0x00, 0x00,
    0x00, 0x00, 0x00, 0x00, 0x00,
    0x00, 0x00, 0x00, 0x00, 0x00,

    /* Unicode: U+00A1 */
    0x00, 0x00, 0x00,
    0x00, 0x00, 0x00,
    0x00, 0x00, 0x00,
    0x00, 0x00, 0x00,
    0x00, 0x00, 0x00,
    0x00, 0x00, 0x00,
    0x00, 0x00, 0x00,
    0x00, 0x00, 0x00,
    0x7A, 0xF3, 0x52,
    0x99, 0xFF, 0x6B,
    0x02, 0x1C, 0x00,
    0x00, 0x00, 0x00,
    0x49, 0xFF, 0x1C,
    0x52, 0xFF, 0x26,
    0x5C, 0xFF, 0x30,
    0x65, 0xFF, 0x3A,
    0x6E, 0xFF, 0x43,
    0x78, 0xFF, 0x4D,
    0x81, 0xFF, 0x57,
    0x8A, 0xFF, 0x61,
    0x93, 0xFF, 0x6B,
    0x00, 0x00, 0x00,
    0x00, 0x00, 0x00,

    /* Unicode: U+00A2 */
    0x00, 0x00, 0x00, 0x00, 0x00, 0x00, 0x00, 0x00, 0x00, 0x00,
    0x00, 0x00, 0x00, 0x00, 0x00, 0x00, 0x00, 0x00, 0x00, 0x00,
    0x00, 0x00, 0x00, 0x00, 0x00, 0x00, 0x00, 0x00, 0x00, 0x00,
    0x00, 0x00, 0x00, 0x00, 0x00, 0x00, 0x00, 0x00, 0x00, 0x00,
    0x00, 0x00, 0x00, 0x00, 0x00, 0x00, 0x00, 0x00, 0x00, 0x00,
    0x00, 0x00, 0x00, 0x00, 0x00, 0x00, 0x00, 0x00, 0x00, 0x00,
    0x00, 0x00, 0x00, 0x00, 0x00, 0xEC, 0x3C, 0x00, 0x00, 0x00,
    0x00, 0x00, 0x00, 0x00, 0x00, 0xEC, 0x3C, 0x00, 0x00, 0x00,
    0x00, 0x00, 0x01, 0x53, 0xAA, 0xFB, 0xCD, 0x85, 0x19, 0x00,
    0x00, 0x07, 0xB0, 0xFF, 0xEF, 0xFB, 0xE3, 0xFF, 0xEB, 0x2E,
    0x00, 0x89, 0xFF, 0x9A, 0x07, 0xEC, 0x3C, 0x42, 0xDC, 0x49,
    0x0A, 0xF3, 0xD9, 0x03, 0x00, 0xEC, 0x3C, 0x00, 0x01, 0x00,
    0x31, 0xFF, 0x94, 0x00, 0x00, 0xEC, 0x3C, 0x00, 0x00, 0x00,
    0x33, 0xFF, 0x90, 0x00, 0x00, 0xEC, 0x3C, 0x00, 0x00, 0x00,
    0x0E, 0xF8, 0xCD, 0x00, 0x00, 0xEC, 0x3C, 0x00, 0x00, 0x00,
    0x00, 0x9C, 0xFF, 0x7A, 0x00, 0xEC, 0x3C, 0x26, 0xBA, 0x35,
    0x00, 0x0F, 0xCB, 0xFF, 0xD4, 0xF8, 0xCA, 0xF8, 0xF7, 0x41,
    0x00, 0x00, 0x09, 0x75, 0xCB, 0xFE, 0xE5, 0xA6, 0x2E, 0x00,
    0x00, 0x00, 0x00, 0x00, 0x00, 0xEC, 0x3C, 0x00, 0x00, 0x00,
    0x00, 0x00, 0x00, 0x00, 0x00, 0xEC, 0x3C, 0x00, 0x00, 0x00,
    0x00, 0x00, 0x00, 0x00, 0x00, 0x00, 0x00, 0x00, 0x00, 0x00,
    0x00, 0x00, 0x00, 0x00, 0x00, 0x00, 0x00, 0x00, 0x00, 0x00,
    0x00, 0x00, 0x00, 0x00, 0x00, 0x00, 0x00, 0x00, 0x00, 0x00,

    /* Unicode: U+00A3 */
    0x00, 0x00, 0x00, 0x00, 0x00, 0x00, 0x00, 0x00, 0x00, 0x00, 0x00, 0x00,
    0x00, 0x00, 0x00, 0x00, 0x00, 0x00, 0x00, 0x00, 0x00, 0x00, 0x00, 0x00,
    0x00, 0x00, 0x00, 0x00, 0x00, 0x00, 0x00, 0x00, 0x00, 0x00, 0x00, 0x00,
    0x00, 0x00, 0x00, 0x00, 0x00, 0x00, 0x00, 0x00, 0x00, 0x00, 0x00, 0x00,
    0x00, 0x00, 0x00, 0x00, 0x00, 0x00, 0x00, 0x00, 0x00, 0x00, 0x00, 0x00,
    0x00, 0x00, 0x00, 0x00, 0x32, 0xA0, 0xE0, 0xF7, 0xEB, 0xCD, 0x86, 0x12,
    0x00, 0x00, 0x00, 0x61, 0xFC, 0xF9, 0xB6, 0x98, 0xA7, 0xD0, 0xFC, 0x1E,
    0x00, 0x00, 0x18, 0xF9, 0xE6, 0x21, 0x00, 0x00, 0x00, 0x00, 0x23, 0x00,
    0x00, 0x00, 0x64, 0xFF, 0x71, 0x00, 0x00, 0x00, 0x00, 0x00, 0x00, 0x00,
    0x00, 0x00, 0x7E, 0xFF, 0x4A, 0x00, 0x00, 0x00, 0x00, 0x00, 0x00, 0x00,
    0x41, 0x90, 0xC8, 0xFF, 0xAF, 0x90, 0x90, 0x90, 0x90, 0x0B, 0x00, 0x00,
    0x74, 0xFF, 0xFF, 0xFF, 0xFF, 0xFF, 0xFF, 0xFF, 0xFF, 0x14, 0x00, 0x00,
    0x00, 0x00, 0x80, 0xFF, 0x48, 0x00, 0x00, 0x00, 0x00, 0x00, 0x00, 0x00,
    0x00, 0x00, 0x80, 0xFF, 0x48, 0x00, 0x00, 0x00, 0x00, 0x00, 0x00, 0x00,
    0x00, 0x00, 0x80, 0xFF, 0x48, 0x00, 0x00, 0x00, 0x00, 0x00, 0x00, 0x00,
    0x00, 0x00, 0x80, 0xFF, 0x48, 0x00, 0x00, 0x00, 0x00, 0x00, 0x00, 0x00,
    0x41, 0x90, 0xC8, 0xFF, 0xAF, 0x90, 0x90, 0x90, 0x90, 0x90, 0x90, 0x0D,
    0x74, 0xFF, 0xFF, 0xFF, 0xFF, 0xFF, 0xFF, 0xFF, 0xFF, 0xFF, 0xFF, 0x18,
    0x00, 0x00, 0x00, 0x00, 0x00, 0x00, 0x00, 0x00, 0x00, 0x00, 0x00, 0x00,
    0x00, 0x00, 0x00, 0x00, 0x00, 0x00, 0x00, 0x00, 0x00, 0x00, 0x00, 0x00,
    0x00, 0x00, 0x00, 0x00, 0x00, 0x00, 0x00, 0x00, 0x00, 0x00, 0x00, 0x00,
    0x00, 0x00, 0x00, 0x00, 0x00, 0x00, 0x00, 0x00, 0x00, 0x00, 0x00, 0x00,
    0x00, 0x00, 0x00, 0x00, 0x00, 0x00, 0x00, 0x00, 0x00, 0x00, 0x00, 0x00,

    /* Unicode: U+00A4 */
    0x00, 0x00, 0x00, 0x00, 0x00, 0x00, 0x00, 0x00, 0x00, 0x00, 0x00, 0x00, 0x00,
    0x00, 0x00, 0x00, 0x00, 0x00, 0x00, 0x00, 0x00, 0x00, 0x00, 0x00, 0x00, 0x00,
    0x00, 0x00, 0x00, 0x00, 0x00, 0x00, 0x00, 0x00, 0x00, 0x00, 0x00, 0x00, 0x00,
    0x00, 0x00, 0x00, 0x00, 0x00, 0x00, 0x00, 0x00, 0x00, 0x00, 0x00, 0x00, 0x00,
    0x00, 0x00, 0x00, 0x00, 0x00, 0x00, 0x00, 0x00, 0x00, 0x00, 0x00, 0x00, 0x00,
    0x00, 0x00, 0x00, 0x00, 0x00, 0x00, 0x00, 0x00, 0x00, 0x00, 0x00, 0x00, 0x00,
    0x0E, 0xB4, 0x1E, 0x00, 0x00, 0x00, 0x00, 0x00, 0x00, 0x00, 0x6D, 0x77, 0x00,
    0x28, 0xEE, 0xDA, 0x30, 0x9A, 0xE8, 0xF4, 0xC9, 0x5B, 0x61, 0xFE, 0xAF, 0x00,
    0x00, 0x38, 0xF4, 0xFF, 0xF8, 0xB0, 0x99, 0xCF, 0xFF, 0xFF, 0xBC, 0x07, 0x00,
    0x00, 0x02, 0xD5, 0xDC, 0x24, 0x00, 0x00, 0x00, 0x61, 0xFE, 0x72, 0x00, 0x00,
    0x00, 0x4D, 0xFF, 0x3B, 0x00, 0x00, 0x00, 0x00, 0x00, 0x97, 0xEA, 0x01, 0x00,
    0x00, 0x80, 0xE9, 0x00, 0x00, 0x00, 0x00, 0x00, 0x00, 0x42, 0xFF, 0x1F, 0x00,
    0x00, 0x80, 0xE8, 0x00, 0x00, 0x00, 0x00, 0x00, 0x00, 0x41, 0xFF, 0x28, 0x00,
    0x00, 0x4D, 0xFF, 0x39, 0x00, 0x00, 0x00, 0x00, 0x00, 0x95, 0xED, 0x03, 0x00,
    0x00, 0x02, 0xD2, 0xDA, 0x21, 0x00, 0x00, 0x00, 0x5E, 0xFD, 0x79, 0x00, 0x00,
    0x00, 0x2C, 0xEE, 0xFF, 0xF7, 0xAF, 0x99, 0xCC, 0xFF, 0xFF, 0xAE, 0x03, 0x00,
    0x1F, 0xE5, 0xE2, 0x35, 0x94, 0xDE, 0xF4, 0xCB, 0x5E, 0x70, 0xFF, 0x9E, 0x00,
    0x16, 0xC5, 0x27, 0x00, 0x00, 0x00, 0x00, 0x00, 0x00, 0x00, 0x7D, 0x89, 0x00,
    0x00, 0x00, 0x00, 0x00, 0x00, 0x00, 0x00, 0x00, 0x00, 0x00, 0x00, 0x00, 0x00,
    0x00, 0x00, 0x00, 0x00, 0x00, 0x00, 0x00, 0x00, 0x00, 0x00, 0x00, 0x00, 0x00,
    0x00, 0x00, 0x00, 0x00, 0x00, 0x00, 0x00, 0x00, 0x00, 0x00, 0x00, 0x00, 0x00,
    0x00, 0x00, 0x00, 0x00, 0x00, 0x00, 0x00, 0x00, 0x00, 0x00, 0x00, 0x00, 0x00,
    0x00, 0x00, 0x00, 0x00, 0x00, 0x00, 0x00, 0x00, 0x00, 0x00, 0x00, 0x00, 0x00,

    /* Unicode: U+00A5 */
    0x00, 0x00, 0x00, 0x00, 0x00, 0x00, 0x00, 0x00, 0x00, 0x00, 0x00, 0x00, 0x00, 0x00,
    0x00, 0x00, 0x00, 0x00, 0x00, 0x00, 0x00, 0x00, 0x00, 0x00, 0x00, 0x00, 0x00, 0x00,
    0x00, 0x00, 0x00, 0x00, 0x00, 0x00, 0x00, 0x00, 0x00, 0x00, 0x00, 0x00, 0x00, 0x00,
    0x00, 0x00, 0x00, 0x00, 0x00, 0x00, 0x00, 0x00, 0x00, 0x00, 0x00, 0x00, 0x00, 0x00,
    0x00, 0x00, 0x00, 0x00, 0x00, 0x00, 0x00, 0x00, 0x00, 0x00, 0x00, 0x00, 0x00, 0x00,
    0x01, 0xB8, 0xFB, 0x36, 0x00, 0x00, 0x00, 0x00, 0x00, 0x00, 0x00, 0x64, 0xFF, 0x71,
    0x00, 0x18, 0xEB, 0xDB, 0x0B, 0x00, 0x00, 0x00, 0x00, 0x00, 0x25, 0xF4, 0xBB, 0x01,
    0x00, 0x00, 0x4E, 0xFF, 0x9C, 0x00, 0x00, 0x00, 0x00, 0x05, 0xCB, 0xED, 0x1A, 0x00,
    0x00, 0x00, 0x00, 0x98, 0xFF, 0x52, 0x00, 0x00, 0x00, 0x87, 0xFF, 0x53, 0x00, 0x00,
    0x00, 0x00, 0x00, 0x0A, 0xD7, 0xEC, 0x1A, 0x00, 0x3F, 0xFD, 0x9E, 0x00, 0x00, 0x00,
    0x00, 0x00, 0x00, 0x00, 0x32, 0xFA, 0xBB, 0x12, 0xE2, 0xDD, 0x0D, 0x00, 0x00, 0x00,
    0x00, 0x00, 0x00, 0x00, 0x00, 0x77, 0xFF, 0xDF, 0xFC, 0x38, 0x00, 0x00, 0x00, 0x00,
    0x00, 0x00, 0x4E, 0xF0, 0xF0, 0xF1, 0xFF, 0xFF, 0xFD, 0xF0, 0xF0, 0xF0, 0x0B, 0x00,
    0x00, 0x00, 0x09, 0x1C, 0x1C, 0x1C, 0x95, 0xFF, 0x55, 0x1C, 0x1C, 0x1C, 0x01, 0x00,
    0x00, 0x00, 0x2F, 0x90, 0x90, 0x90, 0xCB, 0xFF, 0xAC, 0x90, 0x90, 0x90, 0x06, 0x00,
    0x00, 0x00, 0x54, 0xFF, 0xFF, 0xFF, 0xFF, 0xFF, 0xFF, 0xFF, 0xFF, 0xFF, 0x0C, 0x00,
    0x00, 0x00, 0x00, 0x00, 0x00, 0x00, 0x88, 0xFF, 0x40, 0x00, 0x00, 0x00, 0x00, 0x00,
    0x00, 0x00, 0x00, 0x00, 0x00, 0x00, 0x88, 0xFF, 0x40, 0x00, 0x00, 0x00, 0x00, 0x00,
    0x00, 0x00, 0x00, 0x00, 0x00, 0x00, 0x00, 0x00, 0x00, 0x00, 0x00, 0x00, 0x00, 0x00,
    0x00, 0x00, 0x00, 0x00, 0x00, 0x00, 0x00, 0x00, 0x00, 0x00, 0x00, 0x00, 0x00, 0x00,
    0x00, 0x00, 0x00, 0x00, 0x00, 0x00, 0x00, 0x00, 0x00, 0x00, 0x00, 0x00, 0x00, 0x00,
    0x00, 0x00, 0x00, 0x00, 0x00, 0x00, 0x00, 0x00, 0x00, 0x00, 0x00, 0x00, 0x00, 0x00,
    0x00, 0x00, 0x00, 0x00, 0x00, 0x00, 0x00, 0x00, 0x00, 0x00, 0x00, 0x00, 0x00, 0x00,

    /* Unicode: U+00A6 */
    0x00, 0x00, 0x00,
    0x00, 0x00, 0x00,
    0x00, 0x00, 0x00,
    0x00, 0x00, 0x00,
    0x1C, 0xFF, 0x7C,
    0x1C, 0xFF, 0x7C,
    0x1C, 0xFF, 0x7C,
    0x1C, 0xFF, 0x7C,
    0x1C, 0xFF, 0x7C,
    0x1C, 0xFF, 0x7C,
    0x1C, 0xFF, 0x7C,
    0x00, 0x00, 0x00,
    0x00, 0x00, 0x00,
    0x00, 0x00, 0x00,
    0x00, 0x00, 0x00,
    0x1C, 0xFF, 0x7C,
    0x1C, 0xFF, 0x7C,
    0x1C, 0xFF, 0x7C,
    0x1C, 0xFF, 0x7C,
    0x1C, 0xFF, 0x7C,
    0x1C, 0xFF, 0x7C,
    0x1C, 0xFF, 0x7C,
    0x00, 0x00, 0x00,

    /* Unicode: U+00A7 */
    0x00, 0x00, 0x00, 0x00, 0x00, 0x00, 0x00, 0x00, 0x00,
    0x00, 0x00, 0x00, 0x00, 0x00, 0x00, 0x00, 0x00, 0x00,
    0x00, 0x00, 0x00, 0x00, 0x00, 0x00, 0x00, 0x00, 0x00,
    0x00, 0x00, 0x00, 0x00, 0x00, 0x00, 0x00, 0x00, 0x00,
    0x00, 0x00, 0x00, 0x00, 0x00, 0x00, 0x00, 0x00, 0x00,
    0x00, 0x00, 0x47, 0xBD, 0xE9, 0xF8, 0xD4, 0x86, 0x12,
    0x00, 0x63, 0xFF, 0xDB, 0x9E, 0x99, 0xCD, 0xFF, 0x53,
    0x00, 0xD9, 0xCC, 0x04, 0x00, 0x00, 0x00, 0x46, 0x07,
    0x00, 0xE4, 0xB0, 0x00, 0x00, 0x00, 0x00, 0x00, 0x00,
    0x00, 0x9D, 0xFF, 0xA9, 0x46, 0x07, 0x00, 0x00, 0x00,
    0x00, 0x42, 0xFF, 0xFF, 0xFF, 0xF4, 0xA2, 0x1E, 0x00,
    0x15, 0xEF, 0xB9, 0x25, 0x4D, 0x9D, 0xFB, 0xE2, 0x0B,
    0x51, 0xFF, 0x34, 0x00, 0x00, 0x00, 0x54, 0xFF, 0x4E,
    0x3C, 0xFF, 0x85, 0x02, 0x00, 0x00, 0x3D, 0xFF, 0x4D,
    0x00, 0xA7, 0xFF, 0xDC, 0x8F, 0x62, 0xDD, 0xDE, 0x09,
    0x00, 0x00, 0x44, 0x9A, 0xE0, 0xFF, 0xFF, 0x46, 0x00,
    0x00, 0x00, 0x00, 0x00, 0x00, 0x40, 0xE7, 0xC3, 0x00,
    0x00, 0x02, 0x00, 0x00, 0x00, 0x00, 0x9D, 0xF1, 0x00,
    0x36, 0xC9, 0x53, 0x13, 0x08, 0x3F, 0xEA, 0xC3, 0x00,
    0x3D, 0xE8, 0xFF, 0xFF, 0xFF, 0xFF, 0xEA, 0x30, 0x00,
    0x00, 0x08, 0x4F, 0x81, 0x88, 0x62, 0x10, 0x00, 0x00,
    0x00, 0x00, 0x00, 0x00, 0x00, 0x00, 0x00, 0x00, 0x00,
    0x00, 0x00, 0x00, 0x00, 0x00, 0x00, 0x00, 0x00, 0x00,

    /* Unicode: U+00A8 */
    0x00, 0x00, 0x00, 0x00, 0x00, 0x00,
    0x00, 0x00, 0x00, 0x00, 0x00, 0x00,
    0x00, 0x00, 0x00, 0x00, 0x00, 0x00,
    0x00, 0x00, 0x00, 0x00, 0x00, 0x00,
    0x05, 0x73, 0x2F, 0x00, 0x4A, 0x5E,
    0x17, 0xE5, 0x76, 0x00, 0xA8, 0xCC,
    0x00, 0x00, 0x00, 0x00, 0x00, 0x00,
    0x00, 0x00, 0x00, 0x00, 0x00, 0x00,
    0x00, 0x00, 0x00, 0x00, 0x00, 0x00,
    0x00, 0x00, 0x00, 0x00, 0x00, 0x00,
    0x00, 0x00, 0x00, 0x00, 0x00, 0x00,
    0x00, 0x00, 0x00, 0x00, 0x00, 0x00,
    0x00, 0x00, 0x00, 0x00, 0x00, 0x00,
    0x00, 0x00, 0x00, 0x00, 0x00, 0x00,
    0x00, 0x00, 0x00, 0x00, 0x00, 0x00,
    0x00, 0x00, 0x00, 0x00, 0x00, 0x00,
    0x00, 0x00, 0x00, 0x00, 0x00, 0x00,
    0x00, 0x00, 0x00, 0x00, 0x00, 0x00,
    0x00, 0x00, 0x00, 0x00, 0x00, 0x00,
    0x00, 0x00, 0x00, 0x00, 0x00, 0x00,
    0x00, 0x00, 0x00, 0x00, 0x00, 0x00,
    0x00, 0x00, 0x00, 0x00, 0x00, 0x00,
    0x00, 0x00, 0x00, 0x00, 0x00, 0x00,

    /* Unicode: U+00A9 */
    0x00, 0x00, 0x00, 0x00, 0x00, 0x00, 0x00, 0x00, 0x00, 0x00, 0x00, 0x00, 0x00, 0x00,
    0x00, 0x00, 0x00, 0x00, 0x00, 0x00, 0x00, 0x00, 0x00, 0x00, 0x00, 0x00, 0x00, 0x00,
    0x00, 0x00, 0x00, 0x00, 0x00, 0x00, 0x00, 0x00, 0x00, 0x00, 0x00, 0x00, 0x00, 0x00,
    0x00, 0x00, 0x00, 0x00, 0x00, 0x00, 0x00, 0x00, 0x00, 0x00, 0x00, 0x00, 0x00, 0x00,
    0x00, 0x00, 0x00, 0x00, 0x03, 0x49, 0x76, 0x85, 0x65, 0x1C, 0x00, 0x00, 0x00, 0x00,
    0x00, 0x00, 0x00, 0x45, 0xDE, 0xFF, 0xFF, 0xFF, 0xFF, 0xFB, 0x9A, 0x09, 0x00, 0x00,
    0x00, 0x00, 0x59, 0xFC, 0xB3, 0x49, 0x17, 0x09, 0x28, 0x7A, 0xEA, 0xC9, 0x08, 0x00,
    0x00, 0x22, 0xF1, 0x63, 0x00, 0x17, 0x6E, 0x86, 0x54, 0x03, 0x18, 0xCE, 0x8F, 0x00,
    0x00, 0x94, 0x87, 0x00, 0x41, 0xF1, 0xFF, 0xFF, 0xFF, 0xB7, 0x03, 0x1E, 0xEC, 0x10,
    0x00, 0xE1, 0x12, 0x07, 0xE8, 0xD2, 0x34, 0x0E, 0x56, 0xBF, 0x16, 0x00, 0x99, 0x5D,
    0x0E, 0xCB, 0x00, 0x47, 0xFF, 0x31, 0x00, 0x00, 0x00, 0x00, 0x00, 0x00, 0x5F, 0x7F,
    0x1A, 0xBE, 0x00, 0x61, 0xFE, 0x04, 0x00, 0x00, 0x00, 0x00, 0x00, 0x00, 0x54, 0x89,
    0x02, 0xDF, 0x00, 0x47, 0xFF, 0x31, 0x00, 0x00, 0x00, 0x00, 0x00, 0x00, 0x7B, 0x6B,
    0x00, 0xBF, 0x45, 0x07, 0xE8, 0xD2, 0x33, 0x0D, 0x56, 0xC0, 0x16, 0x03, 0xDB, 0x29,
    0x00, 0x58, 0xDD, 0x13, 0x41, 0xF1, 0xFF, 0xFF, 0xFF, 0xB6, 0x03, 0x89, 0xBE, 0x00,
    0x00, 0x00, 0xB2, 0xDC, 0x3D, 0x18, 0x6F, 0x87, 0x55, 0x17, 0x9D, 0xF3, 0x24, 0x00,
    0x00, 0x00, 0x0C, 0xB1, 0xFF, 0xD5, 0xA5, 0x99, 0xBA, 0xF9, 0xE9, 0x3B, 0x00, 0x00,
    0x00, 0x00, 0x00, 0x01, 0x53, 0xBB, 0xE8, 0xF4, 0xD3, 0x81, 0x15, 0x00, 0x00, 0x00,
    0x00, 0x00, 0x00, 0x00, 0x00, 0x00, 0x00, 0x00, 0x00, 0x00, 0x00, 0x00, 0x00, 0x00,
    0x00, 0x00, 0x00, 0x00, 0x00, 0x00, 0x00, 0x00, 0x00, 0x00, 0x00, 0x00, 0x00, 0x00,
    0x00, 0x00, 0x00, 0x00, 0x00, 0x00, 0x00, 0x00, 0x00, 0x00, 0x00, 0x00, 0x00, 0x00,
    0x00, 0x00, 0x00, 0x00, 0x00, 0x00, 0x00, 0x00, 0x00, 0x00, 0x00, 0x00, 0x00, 0x00,
    0x00, 0x00, 0x00, 0x00, 0x00, 0x00, 0x00, 0x00, 0x00, 0x00, 0x00, 0x00, 0x00, 0x00,

    /* Unicode: U+00AA */
    0x00, 0x00, 0x00, 0x00, 0x00, 0x00, 0x00,
    0x00, 0x00, 0x00, 0x00, 0x00, 0x00, 0x00,
    0x00, 0x00, 0x00, 0x00, 0x00, 0x00, 0x00,
    0x00, 0x00, 0x00, 0x00, 0x00, 0x00, 0x00,
    0x00, 0x52, 0xD3, 0xF6, 0xCB, 0x35, 0x00,
    0x09, 0xED, 0xB3, 0x99, 0xE3, 0xD8, 0x00,
    0x00, 0x0C, 0x00, 0x00, 0x3B, 0xFF, 0x0F,
    0x00, 0x7F, 0xD9, 0xE0, 0xE4, 0xFF, 0x1C,
    0x38, 0xEF, 0x11, 0x00, 0x33, 0xFF, 0x1C,
    0x3B, 0xFF, 0xB0, 0x9F, 0xDE, 0xFF, 0x1C,
    0x00, 0x8E, 0xF0, 0xE4, 0x5B, 0xFF, 0x1C,
    0x00, 0x00, 0x00, 0x00, 0x00, 0x00, 0x00,
    0x00, 0x00, 0x00, 0x00, 0x00, 0x00, 0x00,
    0x00, 0x00, 0x00, 0x00, 0x00, 0x00, 0x00,
    0x00, 0x00, 0x00, 0x00, 0x00, 0x00, 0x00,
    0x00, 0x00, 0x00, 0x00, 0x00, 0x00, 0x00,
    0x00, 0x00, 0x00, 0x00, 0x00, 0x00, 0x00,
    0x00, 0x00, 0x00, 0x00, 0x00, 0x00, 0x00,
    0x00, 0x00, 0x00, 0x00, 0x00, 0x00, 0x00,
    0x00, 0x00, 0x00, 0x00, 0x00, 0x00, 0x00,
    0x00, 0x00, 0x00, 0x00, 0x00, 0x00, 0x00,
    0x00, 0x00, 0x00, 0x00, 0x00, 0x00, 0x00,
    0x00, 0x00, 0x00, 0x00, 0x00, 0x00, 0x00,

    /* Unicode: U+00AB */
    0x00, 0x00, 0x00, 0x00, 0x00, 0x00, 0x00, 0x00, 0x00,
    0x00, 0x00, 0x00, 0x00, 0x00, 0x00, 0x00, 0x00, 0x00,
    0x00, 0x00, 0x00, 0x00, 0x00, 0x00, 0x00, 0x00, 0x00,
    0x00, 0x00, 0x00, 0x00, 0x00, 0x00, 0x00, 0x00, 0x00,
    0x00, 0x00, 0x00, 0x00, 0x00, 0x00, 0x00, 0x00, 0x00,
    0x00, 0x00, 0x00, 0x00, 0x00, 0x00, 0x00, 0x00, 0x00,
    0x00, 0x00, 0x00, 0x00, 0x00, 0x00, 0x00, 0x00, 0x00,
    0x00, 0x00, 0x00, 0x00, 0x00, 0x00, 0x00, 0x00, 0x00,
    0x00, 0x00, 0x00, 0x00, 0x00, 0x00, 0x00, 0x00, 0x00,
    0x00, 0x00, 0x00, 0x00, 0x00, 0x00, 0x00, 0x00, 0x00,
    0x00, 0x00, 0x11, 0xE1, 0xA4, 0x00, 0x7F, 0xF3, 0x24,
    0x00, 0x00, 0xAE, 0xDF, 0x0E, 0x3E, 0xFC, 0x61, 0x00,
    0x00, 0x6C, 0xFC, 0x3A, 0x13, 0xE4, 0xAA, 0x00, 0x00,
    0x0A, 0xF2, 0xA6, 0x00, 0x88, 0xFD, 0x1C, 0x00, 0x00,
    0x00, 0x71, 0xF9, 0x31, 0x16, 0xE6, 0x9E, 0x00, 0x00,
    0x00, 0x00, 0xB1, 0xD9, 0x0C, 0x41, 0xFD, 0x5A, 0x00,
    0x00, 0x00, 0x11, 0xE1, 0xA2, 0x00, 0x7F, 0xF2, 0x23,
    0x00, 0x00, 0x00, 0x00, 0x00, 0x00, 0x00, 0x00, 0x00,
    0x00, 0x00, 0x00, 0x00, 0x00, 0x00, 0x00, 0x00, 0x00,
    0x00, 0x00, 0x00, 0x00, 0x00, 0x00, 0x00, 0x00, 0x00,
    0x00, 0x00, 0x00, 0x00, 0x00, 0x00, 0x00, 0x00, 0x00,
    0x00, 0x00, 0x00, 0x00, 0x00, 0x00, 0x00, 0x00, 0x00,
    0x00, 0x00, 0x00, 0x00, 0x00, 0x00, 0x00, 0x00, 0x00,

    /* Unicode: U+00AC */
    0x00, 0x00, 0x00, 0x00, 0x00, 0x00, 0x00, 0x00, 0x00,
    0x00, 0x00, 0x00, 0x00, 0x00, 0x00, 0x00, 0x00, 0x00,
    0x00, 0x00, 0x00, 0x00, 0x00, 0x00, 0x00, 0x00, 0x00,
    0x00, 0x00, 0x00, 0x00, 0x00, 0x00, 0x00, 0x00, 0x00,
    0x00, 0x00, 0x00, 0x00, 0x00, 0x00, 0x00, 0x00, 0x00,
    0x00, 0x00, 0x00, 0x00, 0x00, 0x00, 0x00, 0x00, 0x00,
    0x00, 0x00, 0x00, 0x00, 0x00, 0x00, 0x00, 0x00, 0x00,
    0x00, 0x00, 0x00, 0x00, 0x00, 0x00, 0x00, 0x00, 0x00,
    0x00, 0x00, 0x00, 0x00, 0x00, 0x00, 0x00, 0x00, 0x00,
    0x00, 0x00, 0x00, 0x00, 0x00, 0x00, 0x00, 0x00, 0x00,
    0x72, 0x90, 0x90, 0x90, 0x90, 0x90, 0x90, 0x90, 0x26,
    0xCC, 0xFF, 0xFF, 0xFF, 0xFF, 0xFF, 0xFF, 0xFF, 0x44,
    0x00, 0x00, 0x00, 0x00, 0x00, 0x00, 0x44, 0xFF, 0x44,
    0x00, 0x00, 0x00, 0x00, 0x00, 0x00, 0x44, 0xFF, 0x44,
    0x00, 0x00, 0x00, 0x00, 0x00, 0x00, 0x44, 0xFF, 0x44,
    0x00, 0x00, 0x00, 0x00, 0x00, 0x00, 0x20, 0x7C, 0x20,
    0x00, 0x00, 0x00, 0x00, 0x00, 0x00, 0x00, 0x00, 0x00,
    0x00, 0x00, 0x00, 0x00, 0x00, 0x00, 0x00, 0x00, 0x00,
    0x00, 0x00, 0x00, 0x00, 0x00, 0x00, 0x00, 0x00, 0x00,
    0x00, 0x00, 0x00, 0x00, 0x00, 0x00, 0x00, 0x00, 0x00,
    0x00, 0x00, 0x00, 0x00, 0x00, 0x00, 0x00, 0x00, 0x00,
    0x00, 0x00, 0x00, 0x00, 0x00, 0x00, 0x00, 0x00, 0x00,
    0x00, 0x00, 0x00, 0x00, 0x00, 0x00, 0x00, 0x00, 0x00,

    /* Unicode: U+00AD */
    0x00, 0x00, 0x00, 0x00, 0x00,
    0x00, 0x00, 0x00, 0x00, 0x00,
    0x00, 0x00, 0x00, 0x00, 0x00,
    0x00, 0x00, 0x00, 0x00, 0x00,
    0x00, 0x00, 0x00, 0x00, 0x00,
    0x00, 0x00, 0x00, 0x00, 0x00,
    0x00, 0x00, 0x00, 0x00, 0x00,
    0x00, 0x00, 0x00, 0x00, 0x00,
    0x00, 0x00, 0x00, 0x00, 0x00,
    0x00, 0x00, 0x00, 0x00, 0x00,
    0x00, 0x00, 0x00, 0x00, 0x00,
    0x00, 0x00, 0x00, 0x00, 0x00,
    0x8B, 0x90, 0x90, 0x90, 0x7E,
    0xF8, 0xFF, 0xFF, 0xFF, 0xE0,
    0x00, 0x00, 0x00, 0x00, 0x00,
    0x00, 0x00, 0x00, 0x00, 0x00,
    0x00, 0x00, 0x00, 0x00, 0x00,
    0x00, 0x00, 0x00, 0x00, 0x00,
    0x00, 0x00, 0x00, 0x00, 0x00,
    0x00, 0x00, 0x00, 0x00, 0x00,
    0x00, 0x00, 0x00, 0x00, 0x00,
    0x00, 0x00, 0x00, 0x00, 0x00,
    0x00, 0x00, 0x00, 0x00, 0x00,

    /* Unicode: U+00AE */
    0x00, 0x00, 0x00, 0x00, 0x00, 0x00, 0x00, 0x00, 0x00, 0x00, 0x00, 0x00, 0x00, 0x00,
    0x00, 0x00, 0x00, 0x00, 0x00, 0x00, 0x00, 0x00, 0x00, 0x00, 0x00, 0x00, 0x00, 0x00,
    0x00, 0x00, 0x00, 0x00, 0x00, 0x00, 0x00, 0x00, 0x00, 0x00, 0x00, 0x00, 0x00, 0x00,
    0x00, 0x00, 0x00, 0x00, 0x00, 0x00, 0x00, 0x00, 0x00, 0x00, 0x00, 0x00, 0x00, 0x00,
    0x00, 0x00, 0x00, 0x00, 0x03, 0x49, 0x76, 0x85, 0x65, 0x1C, 0x00, 0x00, 0x00, 0x00,
    0x00, 0x00, 0x00, 0x45, 0xDE, 0xFF, 0xFF, 0xFF, 0xFF, 0xFB, 0x9A, 0x09, 0x00, 0x00,
    0x00, 0x00, 0x59, 0xFC, 0xB3, 0x49, 0x17, 0x09, 0x28, 0x7A, 0xEA, 0xC9, 0x08, 0x00,
    0x00, 0x22, 0xF1, 0x63, 0x31, 0x90, 0x90, 0x8B, 0x65, 0x0A, 0x18, 0xCE, 0x8F, 0x00,
    0x00, 0x94, 0x87, 0x00, 0x58, 0xFF, 0xFF, 0xFF, 0xFF, 0xD4, 0x09, 0x1E, 0xEC, 0x10,
    0x00, 0xE1, 0x12, 0x00, 0x58, 0xE0, 0x00, 0x04, 0x38, 0xEF, 0x55, 0x00, 0x99, 0x5D,
    0x0E, 0xCB, 0x00, 0x00, 0x58, 0xE0, 0x00, 0x00, 0x01, 0xD4, 0x68, 0x00, 0x5F, 0x7F,
    0x1A, 0xBE, 0x00, 0x00, 0x58, 0xF2, 0x90, 0x93, 0xC6, 0xFA, 0x25, 0x00, 0x54, 0x89,
    0x02, 0xDF, 0x00, 0x00, 0x58, 0xFF, 0xFF, 0xFF, 0xFF, 0x50, 0x00, 0x00, 0x7B, 0x6B,
    0x00, 0xBF, 0x45, 0x00, 0x58, 0xE4, 0x00, 0x04, 0xBC, 0x97, 0x00, 0x03, 0xDB, 0x29,
    0x00, 0x58, 0xDD, 0x13, 0x4A, 0xC0, 0x00, 0x00, 0x12, 0xC5, 0x3A, 0x89, 0xBE, 0x00,
    0x00, 0x00, 0xB2, 0xDC, 0x3D, 0x00, 0x00, 0x00, 0x00, 0x14, 0x9D, 0xF3, 0x24, 0x00,
    0x00, 0x00, 0x0C, 0xB1, 0xFF, 0xD5, 0xA5, 0x99, 0xBA, 0xF9, 0xE9, 0x3B, 0x00, 0x00,
    0x00, 0x00, 0x00, 0x01, 0x53, 0xBB, 0xE8, 0xF4, 0xD3, 0x81, 0x15, 0x00, 0x00, 0x00,
    0x00, 0x00, 0x00, 0x00, 0x00, 0x00, 0x00, 0x00, 0x00, 0x00, 0x00, 0x00, 0x00, 0x00,
    0x00, 0x00, 0x00, 0x00, 0x00, 0x00, 0x00, 0x00, 0x00, 0x00, 0x00, 0x00, 0x00, 0x00,
    0x00, 0x00, 0x00, 0x00, 0x00, 0x00, 0x00, 0x00, 0x00, 0x00, 0x00, 0x00, 0x00, 0x00,
    0x00, 0x00, 0x00, 0x00, 0x00, 0x00, 0x00, 0x00, 0x00, 0x00, 0x00, 0x00, 0x00, 0x00,
    0x00, 0x00, 0x00, 0x00, 0x00, 0x00, 0x00, 0x00, 0x00, 0x00, 0x00, 0x00, 0x00, 0x00,

    /* Unicode: U+00AF */
    0x00, 0x00, 0x00, 0x00, 0x00, 0x00, 0x00,
    0x00, 0x00, 0x00, 0x00, 0x00, 0x00, 0x00,
    0x00, 0x00, 0x00, 0x00, 0x00, 0x00, 0x00,
    0x00, 0x00, 0x00, 0x00, 0x00, 0x00, 0x00,
    0x4C, 0x90, 0x90, 0x90, 0x90, 0x90, 0x2F,
    0x88, 0xFF, 0xFF, 0xFF, 0xFF, 0xFF, 0x54,
    0x00, 0x00, 0x00, 0x00, 0x00, 0x00, 0x00,
    0x00, 0x00, 0x00, 0x00, 0x00, 0x00, 0x00,
    0x00, 0x00, 0x00, 0x00, 0x00, 0x00, 0x00,
    0x00, 0x00, 0x00, 0x00, 0x00, 0x00, 0x00,
    0x00, 0x00, 0x00, 0x00, 0x00, 0x00, 0x00,
    0x00, 0x00, 0x00, 0x00, 0x00, 0x00, 0x00,
    0x00, 0x00, 0x00, 0x00, 0x00, 0x00, 0x00,
    0x00, 0x00, 0x00, 0x00, 0x00, 0x00, 0x00,
    0x00, 0x00, 0x00, 0x00, 0x00, 0x00, 0x00,
    0x00, 0x00, 0x00, 0x00, 0x00, 0x00, 0x00,
    0x00, 0x00, 0x00, 0x00, 0x00, 0x00, 0x00,
    0x00, 0x00, 0x00, 0x00, 0x00, 0x00, 0x00,
    0x00, 0x00, 0x00, 0x00, 0x00, 0x00, 0x00,
    0x00, 0x00, 0x00, 0x00, 0x00, 0x00, 0x00,
    0x00, 0x00, 0x00, 0x00, 0x00, 0x00, 0x00,
    0x00, 0x00, 0x00, 0x00, 0x00, 0x00, 0x00,
    0x00, 0x00, 0x00, 0x00, 0x00, 0x00, 0x00,

    /* Unicode: U+00B0 */
    0x00, 0x00, 0x00, 0x00, 0x00, 0x00, 0x00,
    0x00, 0x00, 0x00, 0x00, 0x00, 0x00, 0x00,
    0x00, 0x00, 0x00, 0x00, 0x00, 0x00, 0x00,
    0x00, 0x00, 0x00, 0x00, 0x00, 0x00, 0x00,
    0x00, 0x00, 0x38, 0x84, 0x6C, 0x0E, 0x00,
    0x00, 0x5F, 0xFE, 0xFF, 0xFF, 0xD7, 0x0E,
    0x06, 0xEE, 0x79, 0x0D, 0x2C, 0xD4, 0x7E,
    0x27, 0xDF, 0x00, 0x00, 0x00, 0x5C, 0xB2,
    0x15, 0xF5, 0x1C, 0x00, 0x00, 0x91, 0x9E,
    0x00, 0xAF, 0xE9, 0x9C, 0xBB, 0xFD, 0x3A,
    0x00, 0x0F, 0xA6, 0xF4, 0xDD, 0x57, 0x00,
    0x00, 0x00, 0x00, 0x00, 0x00, 0x00, 0x00,
    0x00, 0x00, 0x00, 0x00, 0x00, 0x00, 0x00,
    0x00, 0x00, 0x00, 0x00, 0x00, 0x00, 0x00,
    0x00, 0x00, 0x00, 0x00, 0x00, 0x00, 0x00,
    0x00, 0x00, 0x00, 0x00, 0x00, 0x00, 0x00,
    0x00, 0x00, 0x00, 0x00, 0x00, 0x00, 0x00,
    0x00, 0x00, 0x00, 0x00, 0x00, 0x00, 0x00,
    0x00, 0x00, 0x00, 0x00, 0x00, 0x00, 0x00,
    0x00, 0x00, 0x00, 0x00, 0x00, 0x00, 0x00,
    0x00, 0x00, 0x00, 0x00, 0x00, 0x00, 0x00,
    0x00, 0x00, 0x00, 0x00, 0x00, 0x00, 0x00,
    0x00, 0x00, 0x00, 0x00, 0x00, 0x00, 0x00,

    /* Unicode: U+00B1 */
    0x00, 0x00, 0x00, 0x00, 0x00, 0x00, 0x00, 0x00, 0x00,
    0x00, 0x00, 0x00, 0x00, 0x00, 0x00, 0x00, 0x00, 0x00,
    0x00, 0x00, 0x00, 0x00, 0x00, 0x00, 0x00, 0x00, 0x00,
    0x00, 0x00, 0x00, 0x00, 0x00, 0x00, 0x00, 0x00, 0x00,
    0x00, 0x00, 0x00, 0x00, 0x00, 0x00, 0x00, 0x00, 0x00,
    0x00, 0x00, 0x00, 0x00, 0x00, 0x00, 0x00, 0x00, 0x00,
    0x00, 0x00, 0x00, 0x00, 0x00, 0x00, 0x00, 0x00, 0x00,
    0x00, 0x00, 0x00, 0x84, 0xFF, 0x00, 0x00, 0x00, 0x00,
    0x00, 0x00, 0x00, 0x84, 0xFF, 0x00, 0x00, 0x00, 0x00,
    0x00, 0x00, 0x00, 0x84, 0xFF, 0x00, 0x00, 0x00, 0x00,
    0xCC, 0xFF, 0xFF, 0xFF, 0xFF, 0xFF, 0xFF, 0xFF, 0x44,
    0x72, 0x90, 0x90, 0xC9, 0xFF, 0x90, 0x90, 0x90, 0x26,
    0x00, 0x00, 0x00, 0x84, 0xFF, 0x00, 0x00, 0x00, 0x00,
    0x00, 0x00, 0x00, 0x84, 0xFF, 0x00, 0x00, 0x00, 0x00,
    0x00, 0x00, 0x00, 0x84, 0xFF, 0x00, 0x00, 0x00, 0x00,
    0x00, 0x00, 0x00, 0x00, 0x00, 0x00, 0x00, 0x00, 0x00,
    0x72, 0x90, 0x90, 0x90, 0x90, 0x90, 0x90, 0x90, 0x26,
    0xCC, 0xFF, 0xFF, 0xFF, 0xFF, 0xFF, 0xFF, 0xFF, 0x44,
    0x00, 0x00, 0x00, 0x00, 0x00, 0x00, 0x00, 0x00, 0x00,
    0x00, 0x00, 0x00, 0x00, 0x00, 0x00, 0x00, 0x00, 0x00,
    0x00, 0x00, 0x00, 0x00, 0x00, 0x00, 0x00, 0x00, 0x00,
    0x00, 0x00, 0x00, 0x00, 0x00, 0x00, 0x00, 0x00, 0x00,
    0x00, 0x00, 0x00, 0x00, 0x00, 0x00, 0x00, 0x00, 0x00,

    /* Unicode: U+00B2 */
    0x00, 0x00, 0x00, 0x00, 0x00, 0x00, 0x00,
    0x00, 0x00, 0x00, 0x00, 0x00, 0x00, 0x00,
    0x00, 0x00, 0x00, 0x00, 0x00, 0x00, 0x00,
    0x00, 0x00, 0x00, 0x00, 0x00, 0x00, 0x00,
    0x00, 0x60, 0xD6, 0xF8, 0xE0, 0x7C, 0x00,
    0x40, 0xFE, 0xB9, 0x97, 0xC3, 0xFF, 0x56,
    0x00, 0x22, 0x00, 0x00, 0x00, 0xDA, 0x6D,
    0x00, 0x00, 0x00, 0x00, 0x41, 0xDB, 0x11,
    0x00, 0x00, 0x00, 0x60, 0xCF, 0x1E, 0x00,
    0x00, 0x04, 0x91, 0xBF, 0x10, 0x00, 0x00,
    0x0C, 0xBE, 0xF8, 0x96, 0x90, 0x90, 0x79,
    0x2C, 0xFF, 0xFF, 0xFF, 0xFF, 0xFF, 0xD8,
    0x00, 0x00, 0x00, 0x00, 0x00, 0x00, 0x00,
    0x00, 0x00, 0x00, 0x00, 0x00, 0x00, 0x00,
    0x00, 0x00, 0x00, 0x00, 0x00, 0x00, 0x00,
    0x00, 0x00, 0x00, 0x00, 0x00, 0x00, 0x00,
    0x00, 0x00, 0x00, 0x00, 0x00, 0x00, 0x00,
    0x00, 0x00, 0x00, 0x00, 0x00, 0x00, 0x00,
    0x00, 0x00, 0x00, 0x00, 0x00, 0x00, 0x00,
    0x00, 0x00, 0x00, 0x00, 0x00, 0x00, 0x00,
    0x00, 0x00, 0x00, 0x00, 0x00, 0x00, 0x00,
    0x00, 0x00, 0x00, 0x00, 0x00, 0x00, 0x00,
    0x00, 0x00, 0x00, 0x00, 0x00, 0x00, 0x00,

    /* Unicode: U+00B3 */
    0x00, 0x00, 0x00, 0x00, 0x00, 0x00, 0x00,
    0x00, 0x00, 0x00, 0x00, 0x00, 0x00, 0x00,
    0x00, 0x00, 0x00, 0x00, 0x00, 0x00, 0x00,
    0x00, 0x00, 0x00, 0x00, 0x00, 0x00, 0x00,
    0x48, 0xFF, 0xFF, 0xFF, 0xFF, 0xFF, 0x80,
    0x28, 0x90, 0x90, 0x90, 0xB9, 0xF7, 0x3D,
    0x00, 0x00, 0x00, 0x31, 0xE4, 0x48, 0x00,
    0x00, 0x00, 0x16, 0xEF, 0xC8, 0x4B, 0x00,
    0x00, 0x00, 0x0A, 0x41, 0x59, 0xD6, 0x7A,
    0x06, 0x14, 0x00, 0x00, 0x00, 0x7F, 0xCE,
    0x57, 0xF5, 0xB4, 0x97, 0xAB, 0xF8, 0x9A,
    0x04, 0x78, 0xD8, 0xF9, 0xE4, 0x95, 0x0C,
    0x00, 0x00, 0x00, 0x00, 0x00, 0x00, 0x00,
    0x00, 0x00, 0x00, 0x00, 0x00, 0x00, 0x00,
    0x00, 0x00, 0x00, 0x00, 0x00, 0x00, 0x00,
    0x00, 0x00, 0x00, 0x00, 0x00, 0x00, 0x00,
    0x00, 0x00, 0x00, 0x00, 0x00, 0x00, 0x00,
    0x00, 0x00, 0x00, 0x00, 0x00, 0x00, 0x00,
    0x00, 0x00, 0x00, 0x00, 0x00, 0x00, 0x00,
    0x00, 0x00, 0x00, 0x00, 0x00, 0x00, 0x00,
    0x00, 0x00, 0x00, 0x00, 0x00, 0x00, 0x00,
    0x00, 0x00, 0x00, 0x00, 0x00, 0x00, 0x00,
    0x00, 0x00, 0x00, 0x00, 0x00, 0x00, 0x00,

    /* Unicode: U+00B4 */
    0x00, 0x00, 0x00, 0x00, 0x00,
    0x00, 0x00, 0x00, 0x00, 0x00,
    0x00, 0x00, 0x00, 0x00, 0x00,
    0x00, 0x00, 0x00, 0x00, 0x00,
    0x00, 0x00, 0x5F, 0x80, 0x31,
    0x00, 0x7B, 0xFE, 0x7C, 0x00,
    0x76, 0xF4, 0x51, 0x00, 0x00,
    0x00, 0x00, 0x00, 0x00, 0x00,
    0x00, 0x00, 0x00, 0x00, 0x00,
    0x00, 0x00, 0x00, 0x00, 0x00,
    0x00, 0x00, 0x00, 0x00, 0x00,
    0x00, 0x00, 0x00, 0x00, 0x00,
    0x00, 0x00, 0x00, 0x00, 0x00,
    0x00, 0x00, 0x00, 0x00, 0x00,
    0x00, 0x00, 0x00, 0x00, 0x00,
    0x00, 0x00, 0x00, 0x00, 0x00,
    0x00, 0x00, 0x00, 0x00, 0x00,
    0x00, 0x00, 0x00, 0x00, 0x00,
    0x00, 0x00, 0x00, 0x00, 0x00,
    0x00, 0x00, 0x00, 0x00, 0x00,
    0x00, 0x00, 0x00, 0x00, 0x00,
    0x00, 0x00, 0x00, 0x00, 0x00,
    0x00, 0x00, 0x00, 0x00, 0x00,

    /* Unicode: U+00B5 */
    0x00, 0x00, 0x00, 0x00, 0x00, 0x00, 0x00, 0x00, 0x00, 0x00,
    0x00, 0x00, 0x00, 0x00, 0x00, 0x00, 0x00, 0x00, 0x00, 0x00,
    0x00, 0x00, 0x00, 0x00, 0x00, 0x00, 0x00, 0x00, 0x00, 0x00,
    0x00, 0x00, 0x00, 0x00, 0x00, 0x00, 0x00, 0x00, 0x00, 0x00,
    0x00, 0x00, 0x00, 0x00, 0x00, 0x00, 0x00, 0x00, 0x00, 0x00,
    0x00, 0x00, 0x00, 0x00, 0x00, 0x00, 0x00, 0x00, 0x00, 0x00,
    0x00, 0x00, 0x00, 0x00, 0x00, 0x00, 0x00, 0x00, 0x00, 0x00,
    0x00, 0x00, 0x00, 0x00, 0x00, 0x00, 0x00, 0x00, 0x00, 0x00,
    0x2E, 0x80, 0x2E, 0x00, 0x00, 0x00, 0x00, 0x0E, 0x80, 0x50,
    0x5C, 0xFF, 0x5C, 0x00, 0x00, 0x00, 0x00, 0x1C, 0xFF, 0xA0,
    0x5C, 0xFF, 0x5C, 0x00, 0x00, 0x00, 0x00, 0x1C, 0xFF, 0xA0,
    0x5C, 0xFF, 0x5C, 0x00, 0x00, 0x00, 0x00, 0x1C, 0xFF, 0xA0,
    0x5C, 0xFF, 0x5C, 0x00, 0x00, 0x00, 0x00, 0x1C, 0xFF, 0xA0,
    0x5C, 0xFF, 0x5D, 0x00, 0x00, 0x00, 0x00, 0x24, 0xFF, 0xA0,
    0x5C, 0xFF, 0x78, 0x00, 0x00, 0x00, 0x00, 0x4E, 0xFF, 0xA0,
    0x5C, 0xFF, 0xDA, 0x0C, 0x00, 0x00, 0x0F, 0xCE, 0xFF, 0xA0,
    0x5C, 0xFF, 0xFF, 0xE3, 0x99, 0x9F, 0xE6, 0xDE, 0xFF, 0xA0,
    0x5C, 0xFF, 0x81, 0xB7, 0xF5, 0xF1, 0xAC, 0x22, 0xE8, 0x91,
    0x5C, 0xFF, 0x5C, 0x00, 0x00, 0x00, 0x00, 0x00, 0x00, 0x00,
    0x5C, 0xFF, 0x5C, 0x00, 0x00, 0x00, 0x00, 0x00, 0x00, 0x00,
    0x5C, 0xFF, 0x5C, 0x00, 0x00, 0x00, 0x00, 0x00, 0x00, 0x00,
    0x2C, 0x7C, 0x2C, 0x00, 0x00, 0x00, 0x00, 0x00, 0x00, 0x00,
    0x00, 0x00, 0x00, 0x00, 0x00, 0x00, 0x00, 0x00, 0x00, 0x00,

    /* Unicode: U+00B6 */
    0x00, 0x00, 0x00, 0x00, 0x00, 0x00, 0x00, 0x00, 0x00, 0x00,
    0x00, 0x00, 0x00, 0x00, 0x00, 0x00, 0x00, 0x00, 0x00, 0x00,
    0x00, 0x00, 0x00, 0x00, 0x00, 0x00, 0x00, 0x00, 0x00, 0x00,
    0x00, 0x00, 0x00, 0x00, 0x00, 0x00, 0x00, 0x00, 0x00, 0x00,
    0x00, 0x21, 0xA2, 0xE0, 0xFD, 0xFF, 0xFF, 0xFF, 0xFF, 0xC8,
    0x1D, 0xED, 0xFF, 0xFF, 0xFF, 0xCB, 0x90, 0x90, 0xDB, 0xC8,
    0x84, 0xFF, 0xFF, 0xFF, 0xFF, 0x88, 0x00, 0x00, 0xAC, 0xC8,
    0xA2, 0xFF, 0xFF, 0xFF, 0xFF, 0x88, 0x00, 0x00, 0xAC, 0xC8,
    0x80, 0xFF, 0xFF, 0xFF, 0xFF, 0x88, 0x00, 0x00, 0xAC, 0xC8,
    0x19, 0xE8, 0xFF, 0xFF, 0xFF, 0x88, 0x00, 0x00, 0xAC, 0xC8,
    0x00, 0x18, 0x97, 0xD1, 0xFD, 0x88, 0x00, 0x00, 0xAC, 0xC8,
    0x00, 0x00, 0x00, 0x00, 0xE8, 0x88, 0x00, 0x00, 0xAC, 0xC8,
    0x00, 0x00, 0x00, 0x00, 0xE8, 0x88, 0x00, 0x00, 0xAC, 0xC8,
    0x00, 0x00, 0x00, 0x00, 0xE8, 0x88, 0x00, 0x00, 0xAC, 0xC8,
    0x00, 0x00, 0x00, 0x00, 0xE8, 0x88, 0x00, 0x00, 0xAC, 0xC8,
    0x00, 0x00, 0x00, 0x00, 0xE8, 0x88, 0x00, 0x00, 0xAC, 0xC8,
    0x00, 0x00, 0x00, 0x00, 0xE8, 0x88, 0x00, 0x00, 0xAC, 0xC8,
    0x00, 0x00, 0x00, 0x00, 0xE8, 0x88, 0x00, 0x00, 0xAC, 0xC8,
    0x00, 0x00, 0x00, 0x00, 0xE8, 0x88, 0x00, 0x00, 0xAC, 0xC8,
    0x00, 0x00, 0x00, 0x00, 0xE8, 0x88, 0x00, 0x00, 0xAC, 0xC8,
    0x00, 0x00, 0x00, 0x00, 0x0A, 0x06, 0x00, 0x00, 0x08, 0x09,
    0x00, 0x00, 0x00, 0x00, 0x00, 0x00, 0x00, 0x00, 0x00, 0x00,
    0x00, 0x00, 0x00, 0x00, 0x00, 0x00, 0x00, 0x00, 0x00, 0x00,

    /* Unicode: U+00B7 */
    0x00, 0x00, 0x00,
    0x00, 0x00, 0x00,
    0x00, 0x00, 0x00,
    0x00, 0x00, 0x00,
    0x00, 0x00, 0x00,
    0x00, 0x00, 0x00,
    0x00, 0x00, 0x00,
    0x00, 0x00, 0x00,
    0x00, 0x00, 0x00,
    0x00, 0x00, 0x00,
    0x00, 0x00, 0x00,
    0x59, 0xC8, 0x32,
    0xC6, 0xFF, 0x8E,
    0x74, 0xF0, 0x44,
    0x00, 0x00, 0x00,
    0x00, 0x00, 0x00,
    0x00, 0x00, 0x00,
    0x00, 0x00, 0x00,
    0x00, 0x00, 0x00,
    0x00, 0x00, 0x00,
    0x00, 0x00, 0x00,
    0x00, 0x00, 0x00,
    0x00, 0x00, 0x00,

    /* Unicode: U+00B8 */
    0x00, 0x00, 0x00, 0x00, 0x00,
    0x00, 0x00, 0x00, 0x00, 0x00,
    0x00, 0x00, 0x00, 0x00, 0x00,
    0x00, 0x00, 0x00, 0x00, 0x00,
    0x00, 0x00, 0x00, 0x00, 0x00,
    0x00, 0x00, 0x00, 0x00, 0x00,
    0x00, 0x00, 0x00, 0x00, 0x00,
    0x00, 0x00, 0x00, 0x00, 0x00,
    0x00, 0x00, 0x00, 0x00, 0x00,
    0x00, 0x00, 0x00, 0x00, 0x00,
    0x00, 0x00, 0x00, 0x00, 0x00,
    0x00, 0x00, 0x00, 0x00, 0x00,
    0x00, 0x00, 0x00, 0x00, 0x00,
    0x00, 0x00, 0x00, 0x00, 0x00,
    0x00, 0x00, 0x00, 0x00, 0x00,
    0x00, 0x00, 0x00, 0x00, 0x00,
    0x00, 0x00, 0x00, 0x00, 0x00,
    0x00, 0x00, 0x00, 0x00, 0x00,
    0x00, 0x42, 0xC0, 0x00, 0x00,
    0x00, 0x45, 0xAF, 0xBD, 0x04,
    0x4C, 0xA1, 0xB1, 0xFF, 0x1D,
    0x5F, 0xEB, 0xEE, 0x8A, 0x00,
    0x00, 0x00, 0x00, 0x00, 0x00,

    /* Unicode: U+00B9 */
    0x00, 0x00, 0x00, 0x00, 0x00, 0x00,
    0x00, 0x00, 0x00, 0x00, 0x00, 0x00,
    0x00, 0x00, 0x00, 0x00, 0x00, 0x00,
    0x00, 0x00, 0x00, 0x00, 0x00, 0x00,
    0x64, 0xFF, 0xFF, 0xD4, 0x00, 0x00,
    0x38, 0x90, 0xC2, 0xD4, 0x00, 0x00,
    0x00, 0x00, 0x74, 0xD4, 0x00, 0x00,
    0x00, 0x00, 0x74, 0xD4, 0x00, 0x00,
    0x00, 0x00, 0x74, 0xD4, 0x00, 0x00,
    0x00, 0x00, 0x74, 0xD4, 0x00, 0x00,
    0x4E, 0x90, 0xC2, 0xEC, 0x90, 0x5E,
    0x8C, 0xFF, 0xFF, 0xFF, 0xFF, 0xA8,
    0x00, 0x00, 0x00, 0x00, 0x00, 0x00,
    0x00, 0x00, 0x00, 0x00, 0x00, 0x00,
    0x00, 0x00, 0x00, 0x00, 0x00, 0x00,
    0x00, 0x00, 0x00, 0x00, 0x00, 0x00,
    0x00, 0x00, 0x00, 0x00, 0x00, 0x00,
    0x00, 0x00, 0x00, 0x00, 0x00, 0x00,
    0x00, 0x00, 0x00, 0x00, 0x00, 0x00,
    0x00, 0x00, 0x00, 0x00, 0x00, 0x00,
    0x00, 0x00, 0x00, 0x00, 0x00, 0x00,
    0x00, 0x00, 0x00, 0x00, 0x00, 0x00,
    0x00, 0x00, 0x00, 0x00, 0x00, 0x00,

    /* Unicode: U+00BA */
    0x00, 0x00, 0x00, 0x00, 0x00, 0x00, 0x00,
    0x00, 0x00, 0x00, 0x00, 0x00, 0x00, 0x00,
    0x00, 0x00, 0x00, 0x00, 0x00, 0x00, 0x00,
    0x00, 0x00, 0x00, 0x00, 0x00, 0x00, 0x00,
    0x00, 0x27, 0xBB, 0xF5, 0xE3, 0x7A, 0x02,
    0x09, 0xE2, 0xE6, 0x9C, 0xB7, 0xFF, 0x73,
    0x50, 0xF1, 0x16, 0x00, 0x00, 0x84, 0xD7,
    0x63, 0xD7, 0x00, 0x00, 0x00, 0x53, 0xEA,
    0x2F, 0xFF, 0x6A, 0x0B, 0x25, 0xC9, 0xB7,
    0x00, 0x95, 0xFF, 0xFF, 0xFF, 0xEE, 0x2D,
    0x00, 0x00, 0x4B, 0x86, 0x74, 0x1A, 0x00,
    0x00, 0x00, 0x00, 0x00, 0x00, 0x00, 0x00,
    0x00, 0x00, 0x00, 0x00, 0x00, 0x00, 0x00,
    0x00, 0x00, 0x00, 0x00, 0x00, 0x00, 0x00,
    0x00, 0x00, 0x00, 0x00, 0x00, 0x00, 0x00,
    0x00, 0x00, 0x00, 0x00, 0x00, 0x00, 0x00,
    0x00, 0x00, 0x00, 0x00, 0x00, 0x00, 0x00,
    0x00, 0x00, 0x00, 0x00, 0x00, 0x00, 0x00,
    0x00, 0x00, 0x00, 0x00, 0x00, 0x00, 0x00,
    0x00, 0x00, 0x00, 0x00, 0x00, 0x00, 0x00,
    0x00, 0x00, 0x00, 0x00, 0x00, 0x00, 0x00,
    0x00, 0x00, 0x00, 0x00, 0x00, 0x00, 0x00,
    0x00, 0x00, 0x00, 0x00, 0x00, 0x00, 0x00,

    /* Unicode: U+00BB */
    0x00, 0x00, 0x00, 0x00, 0x00, 0x00, 0x00, 0x00, 0x00,
    0x00, 0x00, 0x00, 0x00, 0x00, 0x00, 0x00, 0x00, 0x00,
    0x00, 0x00, 0x00, 0x00, 0x00, 0x00, 0x00, 0x00, 0x00,
    0x00, 0x00, 0x00, 0x00, 0x00, 0x00, 0x00, 0x00, 0x00,
    0x00, 0x00, 0x00, 0x00, 0x00, 0x00, 0x00, 0x00, 0x00,
    0x00, 0x00, 0x00, 0x00, 0x00, 0x00, 0x00, 0x00, 0x00,
    0x00, 0x00, 0x00, 0x00, 0x00, 0x00, 0x00, 0x00, 0x00,
    0x00, 0x00, 0x00, 0x00, 0x00, 0x00, 0x00, 0x00, 0x00,
    0x00, 0x00, 0x00, 0x00, 0x00, 0x00, 0x00, 0x00, 0x00,
    0x00, 0x00, 0x00, 0x00, 0x00, 0x00, 0x00, 0x00, 0x00,
    0x1B, 0xED, 0x90, 0x00, 0x95, 0xEA, 0x19, 0x00, 0x00,
    0x00, 0x51, 0xFE, 0x4B, 0x08, 0xD4, 0xBC, 0x02, 0x00,
    0x00, 0x00, 0x99, 0xEB, 0x19, 0x2D, 0xF7, 0x79, 0x00,
    0x00, 0x00, 0x0F, 0xF7, 0x98, 0x00, 0x93, 0xF9, 0x13,
    0x00, 0x00, 0x8C, 0xF0, 0x21, 0x25, 0xF2, 0x85, 0x00,
    0x00, 0x4A, 0xFE, 0x53, 0x07, 0xCD, 0xC3, 0x03, 0x00,
    0x1A, 0xEB, 0x93, 0x00, 0x92, 0xEB, 0x1B, 0x00, 0x00,
    0x00, 0x00, 0x00, 0x00, 0x00, 0x00, 0x00, 0x00, 0x00,
    0x00, 0x00, 0x00, 0x00, 0x00, 0x00, 0x00, 0x00, 0x00,
    0x00, 0x00, 0x00, 0x00, 0x00, 0x00, 0x00, 0x00, 0x00,
    0x00, 0x00, 0x00, 0x00, 0x00, 0x00, 0x00, 0x00, 0x00,
    0x00, 0x00, 0x00, 0x00, 0x00, 0x00, 0x00, 0x00, 0x00,
    0x00, 0x00, 0x00, 0x00, 0x00, 0x00, 0x00, 0x00, 0x00,

    /* Unicode: U+00BC */
    0x00, 0x00, 0x00, 0x00, 0x00, 0x00, 0x00, 0x00, 0x00, 0x00, 0x00, 0x00, 0x00, 0x00, 0x00, 0x00, 0x00, 0x00,
    0x00, 0x00, 0x00, 0x00, 0x00, 0x00, 0x00, 0x00, 0x00, 0x00, 0x00, 0x00, 0x00, 0x00, 0x00, 0x00, 0x00, 0x00,
    0x00, 0x00, 0x00, 0x00, 0x00, 0x00, 0x00, 0x00, 0x00, 0x00, 0x00, 0x00, 0x00, 0x00, 0x00, 0x00, 0x00, 0x00,
    0x00, 0x00, 0x00, 0x00, 0x00, 0x00, 0x00, 0x00, 0x00, 0x00, 0x00, 0x00, 0x00, 0x00, 0x00, 0x00, 0x00, 0x00,
    0x00, 0x00, 0x00, 0x00, 0x00, 0x00, 0x00, 0x00, 0x00, 0x00, 0x00, 0x00, 0x00, 0x00, 0x00, 0x00, 0x00, 0x00,
    0x64, 0xFF, 0xFF, 0xD4, 0x00, 0x00, 0x00, 0x00, 0x00, 0x00, 0x00, 0x69, 0xE3, 0x0F, 0x00, 0x00, 0x00, 0x00,
    0x38, 0x90, 0xC2, 0xD4, 0x00, 0x00, 0x00, 0x00, 0x00, 0x00, 0x1F, 0xF2, 0x4A, 0x00, 0x00, 0x00, 0x00, 0x00,
    0x00, 0x00, 0x74, 0xD4, 0x00, 0x00, 0x00, 0x00, 0x00, 0x00, 0xBB, 0xA0, 0x00, 0x00, 0x00, 0x00, 0x00, 0x00,
    0x00, 0x00, 0x74, 0xD4, 0x00, 0x00, 0x00, 0x00, 0x00, 0x66, 0xE6, 0x11, 0x00, 0x00, 0x00, 0x00, 0x00, 0x00,
    0x00, 0x00, 0x74, 0xD4, 0x00, 0x00, 0x00, 0x00, 0x1D, 0xF1, 0x4E, 0x00, 0x00, 0x00, 0x00, 0x00, 0x00, 0x00,
    0x00, 0x00, 0x74, 0xD4, 0x00, 0x00, 0x00, 0x00, 0xB7, 0xA4, 0x00, 0x00, 0x00, 0x75, 0xE2, 0x10, 0x00, 0x00,
    0x00, 0x00, 0x74, 0xD4, 0x00, 0x00, 0x00, 0x62, 0xE8, 0x13, 0x00, 0x00, 0x2B, 0xF6, 0x43, 0x00, 0x00, 0x00,
    0x8C, 0xFF, 0xFF, 0xFF, 0xFF, 0xA8, 0x1B, 0xF0, 0x52, 0x00, 0x00, 0x05, 0xCE, 0x8F, 0x00, 0x00, 0x00, 0x00,
    0x4E, 0x90, 0x90, 0x90, 0x90, 0x5E, 0xB4, 0xA9, 0x00, 0x00, 0x00, 0x85, 0xD5, 0x08, 0x3C, 0x56, 0x00, 0x00,
    0x00, 0x00, 0x00, 0x00, 0x00, 0x5F, 0xEA, 0x15, 0x00, 0x00, 0x38, 0xF7, 0x32, 0x00, 0x78, 0xAC, 0x00, 0x00,
    0x00, 0x00, 0x00, 0x00, 0x19, 0xEE, 0x56, 0x00, 0x00, 0x00, 0xB5, 0xFD, 0xF4, 0xF4, 0xF9, 0xFC, 0xF4, 0x1E,
    0x00, 0x00, 0x00, 0x00, 0xB1, 0xAD, 0x00, 0x00, 0x00, 0x00, 0x1A, 0x24, 0x24, 0x24, 0xA3, 0xB7, 0x24, 0x04,
    0x00, 0x00, 0x00, 0x5B, 0xED, 0x17, 0x00, 0x00, 0x00, 0x00, 0x00, 0x00, 0x00, 0x00, 0x94, 0xAC, 0x00, 0x00,
    0x00, 0x00, 0x00, 0x00, 0x00, 0x00, 0x00, 0x00, 0x00, 0x00, 0x00, 0x00, 0x00, 0x00, 0x00, 0x00, 0x00, 0x00,
    0x00, 0x00, 0x00, 0x00, 0x00, 0x00, 0x00, 0x00, 0x00, 0x00, 0x00, 0x00, 0x00, 0x00, 0x00, 0x00, 0x00, 0x00,
    0x00, 0x00, 0x00, 0x00, 0x00, 0x00, 0x00, 0x00, 0x00, 0x00, 0x00, 0x00, 0x00, 0x00, 0x00, 0x00, 0x00, 0x00,
    0x00, 0x00, 0x00, 0x00, 0x00, 0x00, 0x00, 0x00, 0x00, 0x00, 0x00, 0x00, 0x00, 0x00, 0x00, 0x00, 0x00, 0x00,
    0x00, 0x00, 0x00, 0x00, 0x00, 0x00, 0x00, 0x00, 0x00, 0x00, 0x00, 0x00, 0x00, 0x00, 0x00, 0x00, 0x00, 0x00,

    /* Unicode: U+00BD */
    0x00, 0x00, 0x00, 0x00, 0x00, 0x00, 0x00, 0x00, 0x00, 0x00, 0x00, 0x00, 0x00, 0x00, 0x00, 0x00, 0x00,
    0x00, 0x00, 0x00, 0x00, 0x00, 0x00, 0x00, 0x00, 0x00, 0x00, 0x00, 0x00, 0x00, 0x00, 0x00, 0x00, 0x00,
    0x00, 0x00, 0x00, 0x00, 0x00, 0x00, 0x00, 0x00, 0x00, 0x00, 0x00, 0x00, 0x00, 0x00, 0x00, 0x00, 0x00,
    0x00, 0x00, 0x00, 0x00, 0x00, 0x00, 0x00, 0x00, 0x00, 0x00, 0x00, 0x00, 0x00, 0x00, 0x00, 0x00, 0x00,
    0x00, 0x00, 0x00, 0x00, 0x00, 0x00, 0x00, 0x00, 0x00, 0x00, 0x00, 0x00, 0x00, 0x00, 0x00, 0x00, 0x00,
    0x64, 0xFF, 0xFF, 0xD4, 0x00, 0x00, 0x00, 0x00, 0x00, 0x00, 0x00, 0x69, 0xE3, 0x0F, 0x00, 0x00, 0x00,
    0x38, 0x90, 0xC2, 0xD4, 0x00, 0x00, 0x00, 0x00, 0x00, 0x00, 0x1F, 0xF2, 0x4A, 0x00, 0x00, 0x00, 0x00,
    0x00, 0x00, 0x74, 0xD4, 0x00, 0x00, 0x00, 0x00, 0x00, 0x00, 0xBB, 0xA0, 0x00, 0x00, 0x00, 0x00, 0x00,
    0x00, 0x00, 0x74, 0xD4, 0x00, 0x00, 0x00, 0x00, 0x00, 0x66, 0xE6, 0x11, 0x00, 0x00, 0x00, 0x00, 0x00,
    0x00, 0x00, 0x74, 0xD4, 0x00, 0x00, 0x00, 0x00, 0x1D, 0xF1, 0x4E, 0x00, 0x00, 0x00, 0x00, 0x00, 0x00,
    0x00, 0x00, 0x74, 0xD4, 0x00, 0x00, 0x00, 0x00, 0xB7, 0xA4, 0x01, 0x75, 0xDF, 0xF8, 0xD9, 0x65, 0x00,
    0x00, 0x00, 0x74, 0xD4, 0x00, 0x00, 0x00, 0x62, 0xE8, 0x13, 0x60, 0xFA, 0xB2, 0x97, 0xD0, 0xFF, 0x37,
    0x8C, 0xFF, 0xFF, 0xFF, 0xFF, 0xA8, 0x1B, 0xF0, 0x52, 0x00, 0x02, 0x1F, 0x00, 0x00, 0x05, 0xF5, 0x4D,
    0x4E, 0x90, 0x90, 0x90, 0x90, 0x5E, 0xB4, 0xA9, 0x00, 0x00, 0x00, 0x00, 0x00, 0x00, 0x5D, 0xC9, 0x06,
    0x00, 0x00, 0x00, 0x00, 0x00, 0x5F, 0xEA, 0x15, 0x00, 0x00, 0x00, 0x00, 0x00, 0x79, 0xC1, 0x11, 0x00,
    0x00, 0x00, 0x00, 0x00, 0x19, 0xEE, 0x56, 0x00, 0x00, 0x00, 0x00, 0x0B, 0xAA, 0xA8, 0x07, 0x00, 0x00,
    0x00, 0x00, 0x00, 0x00, 0xB1, 0xAD, 0x00, 0x00, 0x00, 0x00, 0x19, 0xD1, 0xEF, 0x91, 0x90, 0x90, 0x67,
    0x00, 0x00, 0x00, 0x5B, 0xED, 0x17, 0x00, 0x00, 0x00, 0x00, 0x4C, 0xFF, 0xFF, 0xFF, 0xFF, 0xFF, 0xB8,
    0x00, 0x00, 0x00, 0x00, 0x00, 0x00, 0x00, 0x00, 0x00, 0x00, 0x00, 0x00, 0x00, 0x00, 0x00, 0x00, 0x00,
    0x00, 0x00, 0x00, 0x00, 0x00, 0x00, 0x00, 0x00, 0x00, 0x00, 0x00, 0x00, 0x00, 0x00, 0x00, 0x00, 0x00,
    0x00, 0x00, 0x00, 0x00, 0x00, 0x00, 0x00, 0x00, 0x00, 0x00, 0x00, 0x00, 0x00, 0x00, 0x00, 0x00, 0x00,
    0x00, 0x00, 0x00, 0x00, 0x00, 0x00, 0x00, 0x00, 0x00, 0x00, 0x00, 0x00, 0x00, 0x00, 0x00, 0x00, 0x00,
    0x00, 0x00, 0x00, 0x00, 0x00, 0x00, 0x00, 0x00, 0x00, 0x00, 0x00, 0x00, 0x00, 0x00, 0x00, 0x00, 0x00,

    /* Unicode: U+00BE */
    0x00, 0x00, 0x00, 0x00, 0x00, 0x00, 0x00, 0x00, 0x00, 0x00, 0x00, 0x00, 0x00, 0x00, 0x00, 0x00, 0x00, 0x00, 0x00,
    0x00, 0x00, 0x00, 0x00, 0x00, 0x00, 0x00, 0x00, 0x00, 0x00, 0x00, 0x00, 0x00, 0x00, 0x00, 0x00, 0x00, 0x00, 0x00,
    0x00, 0x00, 0x00, 0x00, 0x00, 0x00, 0x00, 0x00, 0x00, 0x00, 0x00, 0x00, 0x00, 0x00, 0x00, 0x00, 0x00, 0x00, 0x00,
    0x00, 0x00, 0x00, 0x00, 0x00, 0x00, 0x00, 0x00, 0x00, 0x00, 0x00, 0x00, 0x00, 0x00, 0x00, 0x00, 0x00, 0x00, 0x00,
    0x00, 0x00, 0x00, 0x00, 0x00, 0x00, 0x00, 0x00, 0x00, 0x00, 0x00, 0x00, 0x00, 0x00, 0x00, 0x00, 0x00, 0x00, 0x00,
    0x48, 0xFF, 0xFF, 0xFF, 0xFF, 0xFF, 0x80, 0x00, 0x00, 0x00, 0x00, 0x00, 0x69, 0xE3, 0x0F, 0x00, 0x00, 0x00, 0x00,
    0x28, 0x90, 0x90, 0x90, 0xB6, 0xFA, 0x3E, 0x00, 0x00, 0x00, 0x00, 0x1F, 0xF2, 0x4A, 0x00, 0x00, 0x00, 0x00, 0x00,
    0x00, 0x00, 0x00, 0x1E, 0xE2, 0x5D, 0x00, 0x00, 0x00, 0x00, 0x00, 0xBB, 0xA0, 0x00, 0x00, 0x00, 0x00, 0x00, 0x00,
    0x00, 0x00, 0x0D, 0xDA, 0xBC, 0x18, 0x00, 0x00, 0x00, 0x00, 0x66, 0xE6, 0x11, 0x00, 0x00, 0x00, 0x00, 0x00, 0x00,
    0x00, 0x00, 0x16, 0x91, 0xAC, 0xEF, 0x47, 0x00, 0x00, 0x1D, 0xF1, 0x4E, 0x00, 0x00, 0x00, 0x00, 0x00, 0x00, 0x00,
    0x00, 0x00, 0x00, 0x00, 0x00, 0x81, 0xC3, 0x00, 0x00, 0xB7, 0xA4, 0x00, 0x00, 0x00, 0x75, 0xE2, 0x10, 0x00, 0x00,
    0x28, 0x84, 0x27, 0x08, 0x20, 0xBF, 0xC1, 0x00, 0x62, 0xE8, 0x13, 0x00, 0x00, 0x2B, 0xF6, 0x43, 0x00, 0x00, 0x00,
    0x3F, 0xF3, 0xFF, 0xFF, 0xFF, 0xFA, 0x49, 0x1B, 0xF0, 0x52, 0x00, 0x00, 0x05, 0xCE, 0x8F, 0x00, 0x00, 0x00, 0x00,
    0x00, 0x16, 0x68, 0x89, 0x72, 0x23, 0x00, 0xB4, 0xA9, 0x00, 0x00, 0x00, 0x85, 0xD5, 0x08, 0x3C, 0x56, 0x00, 0x00,
    0x00, 0x00, 0x00, 0x00, 0x00, 0x00, 0x5F, 0xEA, 0x15, 0x00, 0x00, 0x38, 0xF7, 0x32, 0x00, 0x78, 0xAC, 0x00, 0x00,
    0x00, 0x00, 0x00, 0x00, 0x00, 0x19, 0xEE, 0x56, 0x00, 0x00, 0x00, 0xB5, 0xFD, 0xF4, 0xF4, 0xF9, 0xFC, 0xF4, 0x1E,
    0x00, 0x00, 0x00, 0x00, 0x00, 0xB1, 0xAD, 0x00, 0x00, 0x00, 0x00, 0x1A, 0x24, 0x24, 0x24, 0xA3, 0xB7, 0x24, 0x04,
    0x00, 0x00, 0x00, 0x00, 0x5B, 0xED, 0x17, 0x00, 0x00, 0x00, 0x00, 0x00, 0x00, 0x00, 0x00, 0x94, 0xAC, 0x00, 0x00,
    0x00, 0x00, 0x00, 0x00, 0x00, 0x00, 0x00, 0x00, 0x00, 0x00, 0x00, 0x00, 0x00, 0x00, 0x00, 0x00, 0x00, 0x00, 0x00,
    0x00, 0x00, 0x00, 0x00, 0x00, 0x00, 0x00, 0x00, 0x00, 0x00, 0x00, 0x00, 0x00, 0x00, 0x00, 0x00, 0x00, 0x00, 0x00,
    0x00, 0x00, 0x00, 0x00, 0x00, 0x00, 0x00, 0x00, 0x00, 0x00, 0x00, 0x00, 0x00, 0x00, 0x00, 0x00, 0x00, 0x00, 0x00,
    0x00, 0x00, 0x00, 0x00, 0x00, 0x00, 0x00, 0x00, 0x00, 0x00, 0x00, 0x00, 0x00, 0x00, 0x00, 0x00, 0x00, 0x00, 0x00,
    0x00, 0x00, 0x00, 0x00, 0x00, 0x00, 0x00, 0x00, 0x00, 0x00, 0x00, 0x00, 0x00, 0x00, 0x00, 0x00, 0x00, 0x00, 0x00,

    /* Unicode: U+00BF */
    0x00, 0x00, 0x00, 0x00, 0x00, 0x00, 0x00, 0x00, 0x00, 0x00,
    0x00, 0x00, 0x00, 0x00, 0x00, 0x00, 0x00, 0x00, 0x00, 0x00,
    0x00, 0x00, 0x00, 0x00, 0x00, 0x00, 0x00, 0x00, 0x00, 0x00,
    0x00, 0x00, 0x00, 0x00, 0x00, 0x00, 0x00, 0x00, 0x00, 0x00,
    0x00, 0x00, 0x00, 0x00, 0x00, 0x00, 0x00, 0x00, 0x00, 0x00,
    0x00, 0x00, 0x00, 0x00, 0x00, 0x00, 0x00, 0x00, 0x00, 0x00,
    0x00, 0x00, 0x00, 0x00, 0x00, 0x00, 0x00, 0x00, 0x00, 0x00,
    0x00, 0x00, 0x00, 0x00, 0x00, 0x00, 0x00, 0x00, 0x00, 0x00,
    0x00, 0x00, 0x00, 0x93, 0xEF, 0x3D, 0x00, 0x00, 0x00, 0x00,
    0x00, 0x00, 0x00, 0xB5, 0xFF, 0x52, 0x00, 0x00, 0x00, 0x00,
    0x00, 0x00, 0x00, 0x05, 0x19, 0x00, 0x00, 0x00, 0x00, 0x00,
    0x00, 0x00, 0x00, 0x07, 0x0C, 0x02, 0x00, 0x00, 0x00, 0x00,
    0x00, 0x00, 0x00, 0xB1, 0xFF, 0x17, 0x00, 0x00, 0x00, 0x00,
    0x00, 0x00, 0x42, 0xFB, 0xBD, 0x00, 0x00, 0x00, 0x00, 0x00,
    0x00, 0x45, 0xF6, 0xD8, 0x19, 0x00, 0x00, 0x00, 0x00, 0x00,
    0x25, 0xF6, 0xD5, 0x17, 0x00, 0x00, 0x00, 0x00, 0x00, 0x00,
    0x93, 0xFF, 0x34, 0x00, 0x00, 0x00, 0x00, 0x00, 0x00, 0x00,
    0xBB, 0xFF, 0x22, 0x00, 0x00, 0x00, 0x00, 0x23, 0x0F, 0x00,
    0x8D, 0xFF, 0xC2, 0x31, 0x07, 0x17, 0x66, 0xEA, 0xD4, 0x05,
    0x11, 0xC3, 0xFF, 0xFF, 0xFF, 0xFF, 0xFF, 0xDC, 0x3A, 0x00,
    0x00, 0x00, 0x41, 0x79, 0x91, 0x81, 0x4B, 0x06, 0x00, 0x00,
    0x00, 0x00, 0x00, 0x00, 0x00, 0x00, 0x00, 0x00, 0x00, 0x00,
    0x00, 0x00, 0x00, 0x00, 0x00, 0x00, 0x00, 0x00, 0x00, 0x00,

    /* Unicode: U+00C0 */
    0x00, 0x00, 0x00, 0x00, 0x00, 0x00, 0x00, 0x00, 0x00, 0x00, 0x00, 0x00, 0x00, 0x00, 0x00,
    0x00, 0x00, 0x00, 0x00, 0x33, 0x80, 0x5D, 0x00, 0x00, 0x00, 0x00, 0x00, 0x00, 0x00, 0x00,
    0x00, 0x00, 0x00, 0x00, 0x01, 0x80, 0xFE, 0x76, 0x00, 0x00, 0x00, 0x00, 0x00, 0x00, 0x00,
    0x00, 0x00, 0x00, 0x00, 0x00, 0x00, 0x54, 0xF5, 0x72, 0x00, 0x00, 0x00, 0x00, 0x00, 0x00,
    0x00, 0x00, 0x00, 0x00, 0x00, 0x00, 0x00, 0x00, 0x00, 0x00, 0x00, 0x00, 0x00, 0x00, 0x00,
    0x00, 0x00, 0x00, 0x00, 0x00, 0x00, 0x89, 0xFF, 0xAF, 0x00, 0x00, 0x00, 0x00, 0x00, 0x00,
    0x00, 0x00, 0x00, 0x00, 0x00, 0x0A, 0xEE, 0xFE, 0xFD, 0x23, 0x00, 0x00, 0x00, 0x00, 0x00,
    0x00, 0x00, 0x00, 0x00, 0x00, 0x69, 0xFF, 0x76, 0xFF, 0x91, 0x00, 0x00, 0x00, 0x00, 0x00,
    0x00, 0x00, 0x00, 0x00, 0x01, 0xD7, 0xD8, 0x01, 0xB9, 0xF2, 0x0E, 0x00, 0x00, 0x00, 0x00,
    0x00, 0x00, 0x00, 0x00, 0x4A, 0xFF, 0x68, 0x00, 0x47, 0xFF, 0x72, 0x00, 0x00, 0x00, 0x00,
    0x00, 0x00, 0x00, 0x00, 0xBA, 0xED, 0x0A, 0x00, 0x00, 0xD4, 0xDF, 0x03, 0x00, 0x00, 0x00,
    0x00, 0x00, 0x00, 0x2B, 0xFF, 0x85, 0x00, 0x00, 0x00, 0x63, 0xFF, 0x53, 0x00, 0x00, 0x00,
    0x00, 0x00, 0x00, 0x9B, 0xFA, 0x1A, 0x00, 0x00, 0x00, 0x07, 0xE9, 0xC4, 0x00, 0x00, 0x00,
    0x00, 0x00, 0x13, 0xF6, 0xFF, 0xFF, 0xFF, 0xFF, 0xFF, 0xFF, 0xFF, 0xFF, 0x35, 0x00, 0x00,
    0x00, 0x00, 0x7B, 0xFF, 0x8F, 0x80, 0x80, 0x80, 0x80, 0x80, 0x81, 0xFB, 0xA5, 0x00, 0x00,
    0x00, 0x05, 0xE5, 0xD3, 0x00, 0x00, 0x00, 0x00, 0x00, 0x00, 0x00, 0xB0, 0xFA, 0x1B, 0x00,
    0x00, 0x5C, 0xFF, 0x6E, 0x00, 0x00, 0x00, 0x00, 0x00, 0x00, 0x00, 0x4B, 0xFF, 0x86, 0x00,
    0x00, 0xCB, 0xF8, 0x12, 0x00, 0x00, 0x00, 0x00, 0x00, 0x00, 0x00, 0x03, 0xE3, 0xED, 0x0A,
    0x00, 0x00, 0x00, 0x00, 0x00, 0x00, 0x00, 0x00, 0x00, 0x00, 0x00, 0x00, 0x00, 0x00, 0x00,
    0x00, 0x00, 0x00, 0x00, 0x00, 0x00, 0x00, 0x00, 0x00, 0x00, 0x00, 0x00, 0x00, 0x00, 0x00,
    0x00, 0x00, 0x00, 0x00, 0x00, 0x00, 0x00, 0x00, 0x00, 0x00, 0x00, 0x00, 0x00, 0x00, 0x00,
    0x00, 0x00, 0x00, 0x00, 0x00, 0x00, 0x00, 0x00, 0x00, 0x00, 0x00, 0x00, 0x00, 0x00, 0x00,
    0x00, 0x00, 0x00, 0x00, 0x00, 0x00, 0x00, 0x00, 0x00, 0x00, 0x00, 0x00, 0x00, 0x00, 0x00,

    /* Unicode: U+00C1 */
    0x00, 0x00, 0x00, 0x00, 0x00, 0x00, 0x00, 0x00, 0x00, 0x00, 0x00, 0x00, 0x00, 0x00, 0x00,
    0x00, 0x00, 0x00, 0x00, 0x00, 0x00, 0x00, 0x00, 0x47, 0x80, 0x49, 0x00, 0x00, 0x00, 0x00,
    0x00, 0x00, 0x00, 0x00, 0x00, 0x00, 0x00, 0x50, 0xFA, 0xA3, 0x07, 0x00, 0x00, 0x00, 0x00,
    0x00, 0x00, 0x00, 0x00, 0x00, 0x00, 0x4C, 0xF7, 0x78, 0x00, 0x00, 0x00, 0x00, 0x00, 0x00,
    0x00, 0x00, 0x00, 0x00, 0x00, 0x00, 0x00, 0x00, 0x00, 0x00, 0x00, 0x00, 0x00, 0x00, 0x00,
    0x00, 0x00, 0x00, 0x00, 0x00, 0x00, 0x89, 0xFF, 0xAF, 0x00, 0x00, 0x00, 0x00, 0x00, 0x00,
    0x00, 0x00, 0x00, 0x00, 0x00, 0x0A, 0xEE, 0xFE, 0xFD, 0x23, 0x00, 0x00, 0x00, 0x00, 0x00,
    0x00, 0x00, 0x00, 0x00, 0x00, 0x69, 0xFF, 0x76, 0xFF, 0x91, 0x00, 0x00, 0x00, 0x00, 0x00,
    0x00, 0x00, 0x00, 0x00, 0x01, 0xD7, 0xD8, 0x01, 0xB9, 0xF2, 0x0E, 0x00, 0x00, 0x00, 0x00,
    0x00, 0x00, 0x00, 0x00, 0x4A, 0xFF, 0x68, 0x00, 0x47, 0xFF, 0x72, 0x00, 0x00, 0x00, 0x00,
    0x00, 0x00, 0x00, 0x00, 0xBA, 0xED, 0x0A, 0x00, 0x00, 0xD4, 0xDF, 0x03, 0x00, 0x00, 0x00,
    0x00, 0x00, 0x00, 0x2B, 0xFF, 0x85, 0x00, 0x00, 0x00, 0x63, 0xFF, 0x53, 0x00, 0x00, 0x00,
    0x00, 0x00, 0x00, 0x9B, 0xFA, 0x1A, 0x00, 0x00, 0x00, 0x07, 0xE9, 0xC4, 0x00, 0x00, 0x00,
    0x00, 0x00, 0x13, 0xF6, 0xFF, 0xFF, 0xFF, 0xFF, 0xFF, 0xFF, 0xFF, 0xFF, 0x35, 0x00, 0x00,
    0x00, 0x00, 0x7B, 0xFF, 0x8F, 0x80, 0x80, 0x80, 0x80, 0x80, 0x81, 0xFB, 0xA5, 0x00, 0x00,
    0x00, 0x05, 0xE5, 0xD3, 0x00, 0x00, 0x00, 0x00, 0x00, 0x00, 0x00, 0xB0, 0xFA, 0x1B, 0x00,
    0x00, 0x5C, 0xFF, 0x6E, 0x00, 0x00, 0x00, 0x00, 0x00, 0x00, 0x00, 0x4B, 0xFF, 0x86, 0x00,
    0x00, 0xCB, 0xF8, 0x12, 0x00, 0x00, 0x00, 0x00, 0x00, 0x00, 0x00, 0x03, 0xE3, 0xED, 0x0A,
    0x00, 0x00, 0x00, 0x00, 0x00, 0x00, 0x00, 0x00, 0x00, 0x00, 0x00, 0x00, 0x00, 0x00, 0x00,
    0x00, 0x00, 0x00, 0x00, 0x00, 0x00, 0x00, 0x00, 0x00, 0x00, 0x00, 0x00, 0x00, 0x00, 0x00,
    0x00, 0x00, 0x00, 0x00, 0x00, 0x00, 0x00, 0x00, 0x00, 0x00, 0x00, 0x00, 0x00, 0x00, 0x00,
    0x00, 0x00, 0x00, 0x00, 0x00, 0x00, 0x00, 0x00, 0x00, 0x00, 0x00, 0x00, 0x00, 0x00, 0x00,
    0x00, 0x00, 0x00, 0x00, 0x00, 0x00, 0x00, 0x00, 0x00, 0x00, 0x00, 0x00, 0x00, 0x00, 0x00,

    /* Unicode: U+00C2 */
    0x00, 0x00, 0x00, 0x00, 0x00, 0x00, 0x00, 0x00, 0x00, 0x00, 0x00, 0x00, 0x00, 0x00, 0x00,
    0x00, 0x00, 0x00, 0x00, 0x00, 0x00, 0x3E, 0x80, 0x52, 0x00, 0x00, 0x00, 0x00, 0x00, 0x00,
    0x00, 0x00, 0x00, 0x00, 0x00, 0x3E, 0xF6, 0xC1, 0xFD, 0x5F, 0x00, 0x00, 0x00, 0x00, 0x00,
    0x00, 0x00, 0x00, 0x00, 0x36, 0xF2, 0x7D, 0x00, 0x5A, 0xF6, 0x57, 0x00, 0x00, 0x00, 0x00,
    0x00, 0x00, 0x00, 0x00, 0x00, 0x00, 0x00, 0x00, 0x00, 0x00, 0x00, 0x00, 0x00, 0x00, 0x00,
    0x00, 0x00, 0x00, 0x00, 0x00, 0x00, 0x89, 0xFF, 0xAF, 0x00, 0x00, 0x00, 0x00, 0x00, 0x00,
    0x00, 0x00, 0x00, 0x00, 0x00, 0x0A, 0xEE, 0xFE, 0xFD, 0x23, 0x00, 0x00, 0x00, 0x00, 0x00,
    0x00, 0x00, 0x00, 0x00, 0x00, 0x69, 0xFF, 0x76, 0xFF, 0x91, 0x00, 0x00, 0x00, 0x00, 0x00,
    0x00, 0x00, 0x00, 0x00, 0x01, 0xD7, 0xD8, 0x01, 0xB9, 0xF2, 0x0E, 0x00, 0x00, 0x00, 0x00,
    0x00, 0x00, 0x00, 0x00, 0x4A, 0xFF, 0x68, 0x00, 0x47, 0xFF, 0x72, 0x00, 0x00, 0x00, 0x00,
    0x00, 0x00, 0x00, 0x00, 0xBA, 0xED, 0x0A, 0x00, 0x00, 0xD4, 0xDF, 0x03, 0x00, 0x00, 0x00,
    0x00, 0x00, 0x00, 0x2B, 0xFF, 0x85, 0x00, 0x00, 0x00, 0x63, 0xFF, 0x53, 0x00, 0x00, 0x00,
    0x00, 0x00, 0x00, 0x9B, 0xFA, 0x1A, 0x00, 0x00, 0x00, 0x07, 0xE9, 0xC4, 0x00, 0x00, 0x00,
    0x00, 0x00, 0x13, 0xF6, 0xFF, 0xFF, 0xFF, 0xFF, 0xFF, 0xFF, 0xFF, 0xFF, 0x35, 0x00, 0x00,
    0x00, 0x00, 0x7B, 0xFF, 0x8F, 0x80, 0x80, 0x80, 0x80, 0x80, 0x81, 0xFB, 0xA5, 0x00, 0x00,
    0x00, 0x05, 0xE5, 0xD3, 0x00, 0x00, 0x00, 0x00, 0x00, 0x00, 0x00, 0xB0, 0xFA, 0x1B, 0x00,
    0x00, 0x5C, 0xFF, 0x6E, 0x00, 0x00, 0x00, 0x00, 0x00, 0x00, 0x00, 0x4B, 0xFF, 0x86, 0x00,
    0x00, 0xCB, 0xF8, 0x12, 0x00, 0x00, 0x00, 0x00, 0x00, 0x00, 0x00, 0x03, 0xE3, 0xED, 0x0A,
    0x00, 0x00, 0x00, 0x00, 0x00, 0x00, 0x00, 0x00, 0x00, 0x00, 0x00, 0x00, 0x00, 0x00, 0x00,
    0x00, 0x00, 0x00, 0x00, 0x00, 0x00, 0x00, 0x00, 0x00, 0x00, 0x00, 0x00, 0x00, 0x00, 0x00,
    0x00, 0x00, 0x00, 0x00, 0x00, 0x00, 0x00, 0x00, 0x00, 0x00, 0x00, 0x00, 0x00, 0x00, 0x00,
    0x00, 0x00, 0x00, 0x00, 0x00, 0x00, 0x00, 0x00, 0x00, 0x00, 0x00, 0x00, 0x00, 0x00, 0x00,
    0x00, 0x00, 0x00, 0x00, 0x00, 0x00, 0x00, 0x00, 0x00, 0x00, 0x00, 0x00, 0x00, 0x00, 0x00,

    /* Unicode: U+00C3 */
    0x00, 0x00, 0x00, 0x00, 0x00, 0x00, 0x00, 0x00, 0x00, 0x00, 0x00, 0x00, 0x00, 0x00, 0x00,
    0x00, 0x00, 0x00, 0x00, 0x00, 0x3E, 0x80, 0x2C, 0x00, 0x43, 0x52, 0x00, 0x00, 0x00, 0x00,
    0x00, 0x00, 0x00, 0x00, 0x1D, 0xEB, 0x89, 0xF4, 0xA7, 0xE3, 0x6B, 0x00, 0x00, 0x00, 0x00,
    0x00, 0x00, 0x00, 0x00, 0x5F, 0x9A, 0x00, 0x42, 0xE2, 0xC3, 0x0D, 0x00, 0x00, 0x00, 0x00,
    0x00, 0x00, 0x00, 0x00, 0x00, 0x00, 0x00, 0x00, 0x00, 0x00, 0x00, 0x00, 0x00, 0x00, 0x00,
    0x00, 0x00, 0x00, 0x00, 0x00, 0x00, 0x89, 0xFF, 0xAF, 0x00, 0x00, 0x00, 0x00, 0x00, 0x00,
    0x00, 0x00, 0x00, 0x00, 0x00, 0x0A, 0xEE, 0xFE, 0xFD, 0x23, 0x00, 0x00, 0x00, 0x00, 0x00,
    0x00, 0x00, 0x00, 0x00, 0x00, 0x69, 0xFF, 0x76, 0xFF, 0x91, 0x00, 0x00, 0x00, 0x00, 0x00,
    0x00, 0x00, 0x00, 0x00, 0x01, 0xD7, 0xD8, 0x01, 0xB9, 0xF2, 0x0E, 0x00, 0x00, 0x00, 0x00,
    0x00, 0x00, 0x00, 0x00, 0x4A, 0xFF, 0x68, 0x00, 0x47, 0xFF, 0x72, 0x00, 0x00, 0x00, 0x00,
    0x00, 0x00, 0x00, 0x00, 0xBA, 0xED, 0x0A, 0x00, 0x00, 0xD4, 0xDF, 0x03, 0x00, 0x00, 0x00,
    0x00, 0x00, 0x00, 0x2B, 0xFF, 0x85, 0x00, 0x00, 0x00, 0x63, 0xFF, 0x53, 0x00, 0x00, 0x00,
    0x00, 0x00, 0x00, 0x9B, 0xFA, 0x1A, 0x00, 0x00, 0x00, 0x07, 0xE9, 0xC4, 0x00, 0x00, 0x00,
    0x00, 0x00, 0x13, 0xF6, 0xFF, 0xFF, 0xFF, 0xFF, 0xFF, 0xFF, 0xFF, 0xFF, 0x35, 0x00, 0x00,
    0x00, 0x00, 0x7B, 0xFF, 0x8F, 0x80, 0x80, 0x80, 0x80, 0x80, 0x81, 0xFB, 0xA5, 0x00, 0x00,
    0x00, 0x05, 0xE5, 0xD3, 0x00, 0x00, 0x00, 0x00, 0x00, 0x00, 0x00, 0xB0, 0xFA, 0x1B, 0x00,
    0x00, 0x5C, 0xFF, 0x6E, 0x00, 0x00, 0x00, 0x00, 0x00, 0x00, 0x00, 0x4B, 0xFF, 0x86, 0x00,
    0x00, 0xCB, 0xF8, 0x12, 0x00, 0x00, 0x00, 0x00, 0x00, 0x00, 0x00, 0x03, 0xE3, 0xED, 0x0A,
    0x00, 0x00, 0x00, 0x00, 0x00, 0x00, 0x00, 0x00, 0x00, 0x00, 0x00, 0x00, 0x00, 0x00, 0x00,
    0x00, 0x00, 0x00, 0x00, 0x00, 0x00, 0x00, 0x00, 0x00, 0x00, 0x00, 0x00, 0x00, 0x00, 0x00,
    0x00, 0x00, 0x00, 0x00, 0x00, 0x00, 0x00, 0x00, 0x00, 0x00, 0x00, 0x00, 0x00, 0x00, 0x00,
    0x00, 0x00, 0x00, 0x00, 0x00, 0x00, 0x00, 0x00, 0x00, 0x00, 0x00, 0x00, 0x00, 0x00, 0x00,
    0x00, 0x00, 0x00, 0x00, 0x00, 0x00, 0x00, 0x00, 0x00, 0x00, 0x00, 0x00, 0x00, 0x00, 0x00,

    /* Unicode: U+00C4 */
    0x00, 0x00, 0x00, 0x00, 0x00, 0x00, 0x00, 0x00, 0x00, 0x00, 0x00, 0x00, 0x00, 0x00, 0x00,
    0x00, 0x00, 0x00, 0x00, 0x00, 0x00, 0x00, 0x00, 0x00, 0x00, 0x00, 0x00, 0x00, 0x00, 0x00,
    0x00, 0x00, 0x00, 0x00, 0x00, 0x60, 0x47, 0x00, 0x32, 0x72, 0x04, 0x00, 0x00, 0x00, 0x00,
    0x00, 0x00, 0x00, 0x00, 0x00, 0xD0, 0xA3, 0x00, 0x7B, 0xE4, 0x15, 0x00, 0x00, 0x00, 0x00,
    0x00, 0x00, 0x00, 0x00, 0x00, 0x00, 0x00, 0x00, 0x00, 0x00, 0x00, 0x00, 0x00, 0x00, 0x00,
    0x00, 0x00, 0x00, 0x00, 0x00, 0x00, 0x89, 0xFF, 0xAF, 0x00, 0x00, 0x00, 0x00, 0x00, 0x00,
    0x00, 0x00, 0x00, 0x00, 0x00, 0x0A, 0xEE, 0xFE, 0xFD, 0x23, 0x00, 0x00, 0x00, 0x00, 0x00,
    0x00, 0x00, 0x00, 0x00, 0x00, 0x69, 0xFF, 0x76, 0xFF, 0x91, 0x00, 0x00, 0x00, 0x00, 0x00,
    0x00, 0x00, 0x00, 0x00, 0x01, 0xD7, 0xD8, 0x01, 0xB9, 0xF2, 0x0E, 0x00, 0x00, 0x00, 0x00,
    0x00, 0x00, 0x00, 0x00, 0x4A, 0xFF, 0x68, 0x00, 0x47, 0xFF, 0x72, 0x00, 0x00, 0x00, 0x00,
    0x00, 0x00, 0x00, 0x00, 0xBA, 0xED, 0x0A, 0x00, 0x00, 0xD4, 0xDF, 0x03, 0x00, 0x00, 0x00,
    0x00, 0x00, 0x00, 0x2B, 0xFF, 0x85, 0x00, 0x00, 0x00, 0x63, 0xFF, 0x53, 0x00, 0x00, 0x00,
    0x00, 0x00, 0x00, 0x9B, 0xFA, 0x1A, 0x00, 0x00, 0x00, 0x07, 0xE9, 0xC4, 0x00, 0x00, 0x00,
    0x00, 0x00, 0x13, 0xF6, 0xFF, 0xFF, 0xFF, 0xFF, 0xFF, 0xFF, 0xFF, 0xFF, 0x35, 0x00, 0x00,
    0x00, 0x00, 0x7B, 0xFF, 0x8F, 0x80, 0x80, 0x80, 0x80, 0x80, 0x81, 0xFB, 0xA5, 0x00, 0x00,
    0x00, 0x05, 0xE5, 0xD3, 0x00, 0x00, 0x00, 0x00, 0x00, 0x00, 0x00, 0xB0, 0xFA, 0x1B, 0x00,
    0x00, 0x5C, 0xFF, 0x6E, 0x00, 0x00, 0x00, 0x00, 0x00, 0x00, 0x00, 0x4B, 0xFF, 0x86, 0x00,
    0x00, 0xCB, 0xF8, 0x12, 0x00, 0x00, 0x00, 0x00, 0x00, 0x00, 0x00, 0x03, 0xE3, 0xED, 0x0A,
    0x00, 0x00, 0x00, 0x00, 0x00, 0x00, 0x00, 0x00, 0x00, 0x00, 0x00, 0x00, 0x00, 0x00, 0x00,
    0x00, 0x00, 0x00, 0x00, 0x00, 0x00, 0x00, 0x00, 0x00, 0x00, 0x00, 0x00, 0x00, 0x00, 0x00,
    0x00, 0x00, 0x00, 0x00, 0x00, 0x00, 0x00, 0x00, 0x00, 0x00, 0x00, 0x00, 0x00, 0x00, 0x00,
    0x00, 0x00, 0x00, 0x00, 0x00, 0x00, 0x00, 0x00, 0x00, 0x00, 0x00, 0x00, 0x00, 0x00, 0x00,
    0x00, 0x00, 0x00, 0x00, 0x00, 0x00, 0x00, 0x00, 0x00, 0x00, 0x00, 0x00, 0x00, 0x00, 0x00,

    /* Unicode: U+00C5 */
    0x00, 0x00, 0x00, 0x00, 0x00, 0x00, 0x2D, 0x81, 0x3D, 0x00, 0x00, 0x00, 0x00, 0x00, 0x00,
    0x00, 0x00, 0x00, 0x00, 0x00, 0x19, 0xF3, 0xFF, 0xFC, 0x35, 0x00, 0x00, 0x00, 0x00, 0x00,
    0x00, 0x00, 0x00, 0x00, 0x00, 0x5B, 0x93, 0x0F, 0x74, 0x82, 0x00, 0x00, 0x00, 0x00, 0x00,
    0x00, 0x00, 0x00, 0x00, 0x00, 0x40, 0xE5, 0x9F, 0xD9, 0x67, 0x00, 0x00, 0x00, 0x00, 0x00,
    0x00, 0x00, 0x00, 0x00, 0x00, 0x00, 0x95, 0xF2, 0xAE, 0x07, 0x00, 0x00, 0x00, 0x00, 0x00,
    0x00, 0x00, 0x00, 0x00, 0x00, 0x00, 0x00, 0x00, 0x00, 0x00, 0x00, 0x00, 0x00, 0x00, 0x00,
    0x00, 0x00, 0x00, 0x00, 0x00, 0x00, 0x89, 0xFF, 0xAF, 0x00, 0x00, 0x00, 0x00, 0x00, 0x00,
    0x00, 0x00, 0x00, 0x00, 0x00, 0x0A, 0xEE, 0xFE, 0xFD, 0x23, 0x00, 0x00, 0x00, 0x00, 0x00,
    0x00, 0x00, 0x00, 0x00, 0x00, 0x69, 0xFF, 0x76, 0xFF, 0x91, 0x00, 0x00, 0x00, 0x00, 0x00,
    0x00, 0x00, 0x00, 0x00, 0x01, 0xD7, 0xD8, 0x01, 0xB9, 0xF2, 0x0E, 0x00, 0x00, 0x00, 0x00,
    0x00, 0x00, 0x00, 0x00, 0x4A, 0xFF, 0x68, 0x00, 0x47, 0xFF, 0x72, 0x00, 0x00, 0x00, 0x00,
    0x00, 0x00, 0x00, 0x00, 0xBA, 0xED, 0x0A, 0x00, 0x00, 0xD4, 0xDF, 0x03, 0x00, 0x00, 0x00,
    0x00, 0x00, 0x00, 0x2B, 0xFF, 0x85, 0x00, 0x00, 0x00, 0x63, 0xFF, 0x53, 0x00, 0x00, 0x00,
    0x00, 0x00, 0x00, 0x9B, 0xFA, 0x1A, 0x00, 0x00, 0x00, 0x07, 0xE9, 0xC4, 0x00, 0x00, 0x00,
    0x00, 0x00, 0x13, 0xF6, 0xFF, 0xFF, 0xFF, 0xFF, 0xFF, 0xFF, 0xFF, 0xFF, 0x35, 0x00, 0x00,
    0x00, 0x00, 0x7B, 0xFF, 0x8F, 0x80, 0x80, 0x80, 0x80, 0x80, 0x81, 0xFB, 0xA5, 0x00, 0x00,
    0x00, 0x05, 0xE5, 0xD3, 0x00, 0x00, 0x00, 0x00, 0x00, 0x00, 0x00, 0xB0, 0xFA, 0x1B, 0x00,
    0x00, 0x5C, 0xFF, 0x6E, 0x00, 0x00, 0x00, 0x00, 0x00, 0x00, 0x00, 0x4B, 0xFF, 0x86, 0x00,
    0x00, 0xCB, 0xF8, 0x12, 0x00, 0x00, 0x00, 0x00, 0x00, 0x00, 0x00, 0x03, 0xE3, 0xED, 0x0A,
    0x00, 0x00, 0x00, 0x00, 0x00, 0x00, 0x00, 0x00, 0x00, 0x00, 0x00, 0x00, 0x00, 0x00, 0x00,
    0x00, 0x00, 0x00, 0x00, 0x00, 0x00, 0x00, 0x00, 0x00, 0x00, 0x00, 0x00, 0x00, 0x00, 0x00,
    0x00, 0x00, 0x00, 0x00, 0x00, 0x00, 0x00, 0x00, 0x00, 0x00, 0x00, 0x00, 0x00, 0x00, 0x00,
    0x00, 0x00, 0x00, 0x00, 0x00, 0x00, 0x00, 0x00, 0x00, 0x00, 0x00, 0x00, 0x00, 0x00, 0x00,

    /* Unicode: U+00C6 */
    0x00, 0x00, 0x00, 0x00, 0x00, 0x00, 0x00, 0x00, 0x00, 0x00, 0x00, 0x00, 0x00, 0x00, 0x00, 0x00, 0x00, 0x00, 0x00,
    0x00, 0x00, 0x00, 0x00, 0x00, 0x00, 0x00, 0x00, 0x00, 0x00, 0x00, 0x00, 0x00, 0x00, 0x00, 0x00, 0x00, 0x00, 0x00,
    0x00, 0x00, 0x00, 0x00, 0x00, 0x00, 0x00, 0x00, 0x00, 0x00, 0x00, 0x00, 0x00, 0x00, 0x00, 0x00, 0x00, 0x00, 0x00,
    0x00, 0x00, 0x00, 0x00, 0x00, 0x00, 0x00, 0x00, 0x00, 0x00, 0x00, 0x00, 0x00, 0x00, 0x00, 0x00, 0x00, 0x00, 0x00,
    0x00, 0x00, 0x00, 0x00, 0x00, 0x00, 0x00, 0x00, 0x00, 0x00, 0x00, 0x00, 0x00, 0x00, 0x00, 0x00, 0x00, 0x00, 0x00,
    0x00, 0x00, 0x00, 0x00, 0x00, 0x00, 0x00, 0x01, 0xCC, 0xFF, 0xFF, 0xFF, 0xFF, 0xFF, 0xFF, 0xFF, 0xFF, 0xFF, 0x94,
    0x00, 0x00, 0x00, 0x00, 0x00, 0x00, 0x00, 0x62, 0xFF, 0xC9, 0xFF, 0xC4, 0x90, 0x90, 0x90, 0x90, 0x90, 0x90, 0x53,
    0x00, 0x00, 0x00, 0x00, 0x00, 0x00, 0x0D, 0xE7, 0xC5, 0x51, 0xFF, 0x78, 0x00, 0x00, 0x00, 0x00, 0x00, 0x00, 0x00,
    0x00, 0x00, 0x00, 0x00, 0x00, 0x00, 0x89, 0xFD, 0x31, 0x50, 0xFF, 0x78, 0x00, 0x00, 0x00, 0x00, 0x00, 0x00, 0x00,
    0x00, 0x00, 0x00, 0x00, 0x00, 0x23, 0xF9, 0x97, 0x00, 0x50, 0xFF, 0x78, 0x00, 0x00, 0x00, 0x00, 0x00, 0x00, 0x00,
    0x00, 0x00, 0x00, 0x00, 0x00, 0xB1, 0xED, 0x13, 0x00, 0x50, 0xFF, 0xC4, 0x90, 0x90, 0x90, 0x90, 0x90, 0x72, 0x00,
    0x00, 0x00, 0x00, 0x00, 0x43, 0xFF, 0x69, 0x00, 0x00, 0x50, 0xFF, 0xFF, 0xFF, 0xFF, 0xFF, 0xFF, 0xFF, 0xCC, 0x00,
    0x00, 0x00, 0x00, 0x03, 0xD3, 0xD0, 0x03, 0x00, 0x00, 0x50, 0xFF, 0x78, 0x00, 0x00, 0x00, 0x00, 0x00, 0x00, 0x00,
    0x00, 0x00, 0x00, 0x6C, 0xFF, 0xFF, 0xFF, 0xFF, 0xFF, 0xFF, 0xFF, 0x78, 0x00, 0x00, 0x00, 0x00, 0x00, 0x00, 0x00,
    0x00, 0x00, 0x11, 0xED, 0xCF, 0x90, 0x90, 0x90, 0x90, 0xB3, 0xFF, 0x78, 0x00, 0x00, 0x00, 0x00, 0x00, 0x00, 0x00,
    0x00, 0x00, 0x93, 0xFE, 0x30, 0x00, 0x00, 0x00, 0x00, 0x50, 0xFF, 0x78, 0x00, 0x00, 0x00, 0x00, 0x00, 0x00, 0x00,
    0x00, 0x2A, 0xFB, 0xA5, 0x00, 0x00, 0x00, 0x00, 0x00, 0x50, 0xFF, 0xC4, 0x90, 0x90, 0x90, 0x90, 0x90, 0x90, 0x79,
    0x00, 0xBA, 0xFA, 0x22, 0x00, 0x00, 0x00, 0x00, 0x00, 0x50, 0xFF, 0xFF, 0xFF, 0xFF, 0xFF, 0xFF, 0xFF, 0xFF, 0xD8,
    0x00, 0x00, 0x00, 0x00, 0x00, 0x00, 0x00, 0x00, 0x00, 0x00, 0x00, 0x00, 0x00, 0x00, 0x00, 0x00, 0x00, 0x00, 0x00,
    0x00, 0x00, 0x00, 0x00, 0x00, 0x00, 0x00, 0x00, 0x00, 0x00, 0x00, 0x00, 0x00, 0x00, 0x00, 0x00, 0x00, 0x00, 0x00,
    0x00, 0x00, 0x00, 0x00, 0x00, 0x00, 0x00, 0x00, 0x00, 0x00, 0x00, 0x00, 0x00, 0x00, 0x00, 0x00, 0x00, 0x00, 0x00,
    0x00, 0x00, 0x00, 0x00, 0x00, 0x00, 0x00, 0x00, 0x00, 0x00, 0x00, 0x00, 0x00, 0x00, 0x00, 0x00, 0x00, 0x00, 0x00,
    0x00, 0x00, 0x00, 0x00, 0x00, 0x00, 0x00, 0x00, 0x00, 0x00, 0x00, 0x00, 0x00, 0x00, 0x00, 0x00, 0x00, 0x00, 0x00,

    /* Unicode: U+00C7 */
    0x00, 0x00, 0x00, 0x00, 0x00, 0x00, 0x00, 0x00, 0x00, 0x00, 0x00, 0x00, 0x00,
    0x00, 0x00, 0x00, 0x00, 0x00, 0x00, 0x00, 0x00, 0x00, 0x00, 0x00, 0x00, 0x00,
    0x00, 0x00, 0x00, 0x00, 0x00, 0x00, 0x00, 0x00, 0x00, 0x00, 0x00, 0x00, 0x00,
    0x00, 0x00, 0x00, 0x00, 0x00, 0x00, 0x00, 0x00, 0x00, 0x00, 0x00, 0x00, 0x00,
    0x00, 0x00, 0x00, 0x00, 0x00, 0x00, 0x00, 0x00, 0x00, 0x00, 0x00, 0x00, 0x00,
    0x00, 0x00, 0x00, 0x00, 0x4C, 0xAE, 0xE0, 0xF8, 0xE9, 0xB4, 0x53, 0x00, 0x00,
    0x00, 0x00, 0x11, 0xB1, 0xFF, 0xF6, 0xB4, 0x97, 0xAB, 0xEE, 0xFF, 0xB2, 0x09,
    0x00, 0x03, 0xBD, 0xFF, 0xA2, 0x10, 0x00, 0x00, 0x00, 0x0B, 0x99, 0xCB, 0x11,
    0x00, 0x69, 0xFF, 0xA9, 0x00, 0x00, 0x00, 0x00, 0x00, 0x00, 0x00, 0x09, 0x00,
    0x00, 0xD1, 0xFB, 0x1A, 0x00, 0x00, 0x00, 0x00, 0x00, 0x00, 0x00, 0x00, 0x00,
    0x06, 0xFE, 0xC7, 0x00, 0x00, 0x00, 0x00, 0x00, 0x00, 0x00, 0x00, 0x00, 0x00,
    0x1C, 0xFF, 0xAF, 0x00, 0x00, 0x00, 0x00, 0x00, 0x00, 0x00, 0x00, 0x00, 0x00,
    0x06, 0xFE, 0xC7, 0x00, 0x00, 0x00, 0x00, 0x00, 0x00, 0x00, 0x00, 0x00, 0x00,
    0x00, 0xD2, 0xFB, 0x19, 0x00, 0x00, 0x00, 0x00, 0x00, 0x00, 0x00, 0x00, 0x00,
    0x00, 0x6B, 0xFF, 0xA6, 0x00, 0x00, 0x00, 0x00, 0x00, 0x00, 0x00, 0x02, 0x00,
    0x00, 0x04, 0xBF, 0xFF, 0xA1, 0x10, 0x00, 0x00, 0x00, 0x08, 0x89, 0xB9, 0x09,
    0x00, 0x00, 0x12, 0xB4, 0xFF, 0xF6, 0xB4, 0x97, 0xA9, 0xEB, 0xFF, 0xBF, 0x0F,
    0x00, 0x00, 0x00, 0x01, 0x4E, 0xB0, 0xE2, 0xF9, 0xEA, 0xB7, 0x59, 0x01, 0x00,
    0x00, 0x00, 0x00, 0x00, 0x00, 0x00, 0x6A, 0x98, 0x00, 0x00, 0x00, 0x00, 0x00,
    0x00, 0x00, 0x00, 0x00, 0x00, 0x00, 0x5C, 0xBF, 0x9B, 0x00, 0x00, 0x00, 0x00,
    0x00, 0x00, 0x00, 0x00, 0x00, 0x67, 0x9C, 0xC1, 0xF5, 0x00, 0x00, 0x00, 0x00,
    0x00, 0x00, 0x00, 0x00, 0x00, 0x80, 0xF1, 0xE7, 0x6B, 0x00, 0x00, 0x00, 0x00,
    0x00, 0x00, 0x00, 0x00, 0x00, 0x00, 0x00, 0x00, 0x00, 0x00, 0x00, 0x00, 0x00,

    /* Unicode: U+00C8 */
    0x00, 0x00, 0x00, 0x00, 0x00, 0x00, 0x00, 0x00, 0x00, 0x00, 0x00,
    0x00, 0x00, 0x51, 0x80, 0x3F, 0x00, 0x00, 0x00, 0x00, 0x00, 0x00,
    0x00, 0x00, 0x0B, 0xAF, 0xF7, 0x43, 0x00, 0x00, 0x00, 0x00, 0x00,
    0x00, 0x00, 0x00, 0x01, 0x86, 0xF5, 0x40, 0x00, 0x00, 0x00, 0x00,
    0x00, 0x00, 0x00, 0x00, 0x00, 0x00, 0x00, 0x00, 0x00, 0x00, 0x00,
    0x1C, 0xFF, 0xFF, 0xFF, 0xFF, 0xFF, 0xFF, 0xFF, 0xFF, 0xC8, 0x00,
    0x1C, 0xFF, 0xDD, 0x90, 0x90, 0x90, 0x90, 0x90, 0x90, 0x70, 0x00,
    0x1C, 0xFF, 0xB0, 0x00, 0x00, 0x00, 0x00, 0x00, 0x00, 0x00, 0x00,
    0x1C, 0xFF, 0xB0, 0x00, 0x00, 0x00, 0x00, 0x00, 0x00, 0x00, 0x00,
    0x1C, 0xFF, 0xB0, 0x00, 0x00, 0x00, 0x00, 0x00, 0x00, 0x00, 0x00,
    0x1C, 0xFF, 0xDD, 0x90, 0x90, 0x90, 0x90, 0x90, 0x90, 0x02, 0x00,
    0x1C, 0xFF, 0xFF, 0xFF, 0xFF, 0xFF, 0xFF, 0xFF, 0xFF, 0x04, 0x00,
    0x1C, 0xFF, 0xB0, 0x00, 0x00, 0x00, 0x00, 0x00, 0x00, 0x00, 0x00,
    0x1C, 0xFF, 0xB0, 0x00, 0x00, 0x00, 0x00, 0x00, 0x00, 0x00, 0x00,
    0x1C, 0xFF, 0xB0, 0x00, 0x00, 0x00, 0x00, 0x00, 0x00, 0x00, 0x00,
    0x1C, 0xFF, 0xB0, 0x00, 0x00, 0x00, 0x00, 0x00, 0x00, 0x00, 0x00,
    0x1C, 0xFF, 0xDD, 0x90, 0x90, 0x90, 0x90, 0x90, 0x90, 0x90, 0x04,
    0x1C, 0xFF, 0xFF, 0xFF, 0xFF, 0xFF, 0xFF, 0xFF, 0xFF, 0xFF, 0x08,
    0x00, 0x00, 0x00, 0x00, 0x00, 0x00, 0x00, 0x00, 0x00, 0x00, 0x00,
    0x00, 0x00, 0x00, 0x00, 0x00, 0x00, 0x00, 0x00, 0x00, 0x00, 0x00,
    0x00, 0x00, 0x00, 0x00, 0x00, 0x00, 0x00, 0x00, 0x00, 0x00, 0x00,
    0x00, 0x00, 0x00, 0x00, 0x00, 0x00, 0x00, 0x00, 0x00, 0x00, 0x00,
    0x00, 0x00, 0x00, 0x00, 0x00, 0x00, 0x00, 0x00, 0x00, 0x00, 0x00,

    /* Unicode: U+00C9 */
    0x00, 0x00, 0x00, 0x00, 0x00, 0x00, 0x00, 0x00, 0x00, 0x00, 0x00,
    0x00, 0x00, 0x00, 0x00, 0x00, 0x00, 0x65, 0x80, 0x2B, 0x00, 0x00,
    0x00, 0x00, 0x00, 0x00, 0x00, 0x86, 0xFC, 0x72, 0x00, 0x00, 0x00,
    0x00, 0x00, 0x00, 0x00, 0x82, 0xF1, 0x49, 0x00, 0x00, 0x00, 0x00,
    0x00, 0x00, 0x00, 0x00, 0x00, 0x00, 0x00, 0x00, 0x00, 0x00, 0x00,
    0x1C, 0xFF, 0xFF, 0xFF, 0xFF, 0xFF, 0xFF, 0xFF, 0xFF, 0xC8, 0x00,
    0x1C, 0xFF, 0xDD, 0x90, 0x90, 0x90, 0x90, 0x90, 0x90, 0x70, 0x00,
    0x1C, 0xFF, 0xB0, 0x00, 0x00, 0x00, 0x00, 0x00, 0x00, 0x00, 0x00,
    0x1C, 0xFF, 0xB0, 0x00, 0x00, 0x00, 0x00, 0x00, 0x00, 0x00, 0x00,
    0x1C, 0xFF, 0xB0, 0x00, 0x00, 0x00, 0x00, 0x00, 0x00, 0x00, 0x00,
    0x1C, 0xFF, 0xDD, 0x90, 0x90, 0x90, 0x90, 0x90, 0x90, 0x02, 0x00,
    0x1C, 0xFF, 0xFF, 0xFF, 0xFF, 0xFF, 0xFF, 0xFF, 0xFF, 0x04, 0x00,
    0x1C, 0xFF, 0xB0, 0x00, 0x00, 0x00, 0x00, 0x00, 0x00, 0x00, 0x00,
    0x1C, 0xFF, 0xB0, 0x00, 0x00, 0x00, 0x00, 0x00, 0x00, 0x00, 0x00,
    0x1C, 0xFF, 0xB0, 0x00, 0x00, 0x00, 0x00, 0x00, 0x00, 0x00, 0x00,
    0x1C, 0xFF, 0xB0, 0x00, 0x00, 0x00, 0x00, 0x00, 0x00, 0x00, 0x00,
    0x1C, 0xFF, 0xDD, 0x90, 0x90, 0x90, 0x90, 0x90, 0x90, 0x90, 0x04,
    0x1C, 0xFF, 0xFF, 0xFF, 0xFF, 0xFF, 0xFF, 0xFF, 0xFF, 0xFF, 0x08,
    0x00, 0x00, 0x00, 0x00, 0x00, 0x00, 0x00, 0x00, 0x00, 0x00, 0x00,
    0x00, 0x00, 0x00, 0x00, 0x00, 0x00, 0x00, 0x00, 0x00, 0x00, 0x00,
    0x00, 0x00, 0x00, 0x00, 0x00, 0x00, 0x00, 0x00, 0x00, 0x00, 0x00,
    0x00, 0x00, 0x00, 0x00, 0x00, 0x00, 0x00, 0x00, 0x00, 0x00, 0x00,
    0x00, 0x00, 0x00, 0x00, 0x00, 0x00, 0x00, 0x00, 0x00, 0x00, 0x00,

    /* Unicode: U+00CA */
    0x00, 0x00, 0x00, 0x00, 0x00, 0x00, 0x00, 0x00, 0x00, 0x00, 0x00,
    0x00, 0x00, 0x00, 0x00, 0x5C, 0x80, 0x34, 0x00, 0x00, 0x00, 0x00,
    0x00, 0x00, 0x00, 0x70, 0xFB, 0xC4, 0xEF, 0x31, 0x00, 0x00, 0x00,
    0x00, 0x00, 0x66, 0xF4, 0x4B, 0x01, 0x8E, 0xEC, 0x2C, 0x00, 0x00,
    0x00, 0x00, 0x00, 0x00, 0x00, 0x00, 0x00, 0x00, 0x00, 0x00, 0x00,
    0x1C, 0xFF, 0xFF, 0xFF, 0xFF, 0xFF, 0xFF, 0xFF, 0xFF, 0xC8, 0x00,
    0x1C, 0xFF, 0xDD, 0x90, 0x90, 0x90, 0x90, 0x90, 0x90, 0x70, 0x00,
    0x1C, 0xFF, 0xB0, 0x00, 0x00, 0x00, 0x00, 0x00, 0x00, 0x00, 0x00,
    0x1C, 0xFF, 0xB0, 0x00, 0x00, 0x00, 0x00, 0x00, 0x00, 0x00, 0x00,
    0x1C, 0xFF, 0xB0, 0x00, 0x00, 0x00, 0x00, 0x00, 0x00, 0x00, 0x00,
    0x1C, 0xFF, 0xDD, 0x90, 0x90, 0x90, 0x90, 0x90, 0x90, 0x02, 0x00,
    0x1C, 0xFF, 0xFF, 0xFF, 0xFF, 0xFF, 0xFF, 0xFF, 0xFF, 0x04, 0x00,
    0x1C, 0xFF, 0xB0, 0x00, 0x00, 0x00, 0x00, 0x00, 0x00, 0x00, 0x00,
    0x1C, 0xFF, 0xB0, 0x00, 0x00, 0x00, 0x00, 0x00, 0x00, 0x00, 0x00,
    0x1C, 0xFF, 0xB0, 0x00, 0x00, 0x00, 0x00, 0x00, 0x00, 0x00, 0x00,
    0x1C, 0xFF, 0xB0, 0x00, 0x00, 0x00, 0x00, 0x00, 0x00, 0x00, 0x00,
    0x1C, 0xFF, 0xDD, 0x90, 0x90, 0x90, 0x90, 0x90, 0x90, 0x90, 0x04,
    0x1C, 0xFF, 0xFF, 0xFF, 0xFF, 0xFF, 0xFF, 0xFF, 0xFF, 0xFF, 0x08,
    0x00, 0x00, 0x00, 0x00, 0x00, 0x00, 0x00, 0x00, 0x00, 0x00, 0x00,
    0x00, 0x00, 0x00, 0x00, 0x00, 0x00, 0x00, 0x00, 0x00, 0x00, 0x00,
    0x00, 0x00, 0x00, 0x00, 0x00, 0x00, 0x00, 0x00, 0x00, 0x00, 0x00,
    0x00, 0x00, 0x00, 0x00, 0x00, 0x00, 0x00, 0x00, 0x00, 0x00, 0x00,
    0x00, 0x00, 0x00, 0x00, 0x00, 0x00, 0x00, 0x00, 0x00, 0x00, 0x00,

    /* Unicode: U+00CB */
    0x00, 0x00, 0x00, 0x00, 0x00, 0x00, 0x00, 0x00, 0x00, 0x00, 0x00,
    0x00, 0x00, 0x00, 0x00, 0x00, 0x00, 0x00, 0x00, 0x00, 0x00, 0x00,
    0x00, 0x00, 0x08, 0x75, 0x2A, 0x00, 0x50, 0x58, 0x00, 0x00, 0x00,
    0x00, 0x00, 0x20, 0xE7, 0x6B, 0x00, 0xB4, 0xC0, 0x00, 0x00, 0x00,
    0x00, 0x00, 0x00, 0x00, 0x00, 0x00, 0x00, 0x00, 0x00, 0x00, 0x00,
    0x1C, 0xFF, 0xFF, 0xFF, 0xFF, 0xFF, 0xFF, 0xFF, 0xFF, 0xC8, 0x00,
    0x1C, 0xFF, 0xDD, 0x90, 0x90, 0x90, 0x90, 0x90, 0x90, 0x70, 0x00,
    0x1C, 0xFF, 0xB0, 0x00, 0x00, 0x00, 0x00, 0x00, 0x00, 0x00, 0x00,
    0x1C, 0xFF, 0xB0, 0x00, 0x00, 0x00, 0x00, 0x00, 0x00, 0x00, 0x00,
    0x1C, 0xFF, 0xB0, 0x00, 0x00, 0x00, 0x00, 0x00, 0x00, 0x00, 0x00,
    0x1C, 0xFF, 0xDD, 0x90, 0x90, 0x90, 0x90, 0x90, 0x90, 0x02, 0x00,
    0x1C, 0xFF, 0xFF, 0xFF, 0xFF, 0xFF, 0xFF, 0xFF, 0xFF, 0x04, 0x00,
    0x1C, 0xFF, 0xB0, 0x00, 0x00, 0x00, 0x00, 0x00, 0x00, 0x00, 0x00,
    0x1C, 0xFF, 0xB0, 0x00, 0x00, 0x00, 0x00, 0x00, 0x00, 0x00, 0x00,
    0x1C, 0xFF, 0xB0, 0x00, 0x00, 0x00, 0x00, 0x00, 0x00, 0x00, 0x00,
    0x1C, 0xFF, 0xB0, 0x00, 0x00, 0x00, 0x00, 0x00, 0x00, 0x00, 0x00,
    0x1C, 0xFF, 0xDD, 0x90, 0x90, 0x90, 0x90, 0x90, 0x90, 0x90, 0x04,
    0x1C, 0xFF, 0xFF, 0xFF, 0xFF, 0xFF, 0xFF, 0xFF, 0xFF, 0xFF, 0x08,
    0x00, 0x00, 0x00, 0x00, 0x00, 0x00, 0x00, 0x00, 0x00, 0x00, 0x00,
    0x00, 0x00, 0x00, 0x00, 0x00, 0x00, 0x00, 0x00, 0x00, 0x00, 0x00,
    0x00, 0x00, 0x00, 0x00, 0x00, 0x00, 0x00, 0x00, 0x00, 0x00, 0x00,
    0x00, 0x00, 0x00, 0x00, 0x00, 0x00, 0x00, 0x00, 0x00, 0x00, 0x00,
    0x00, 0x00, 0x00, 0x00, 0x00, 0x00, 0x00, 0x00, 0x00, 0x00, 0x00,

    /* Unicode: U+00CC */
    0x00, 0x00, 0x00, 0x00, 0x00, 0x00,
    0x1A, 0x7E, 0x73, 0x04, 0x00, 0x00,
    0x00, 0x55, 0xF5, 0xA7, 0x03, 0x00,
    0x00, 0x00, 0x32, 0xE3, 0xA3, 0x02,
    0x00, 0x00, 0x00, 0x00, 0x00, 0x00,
    0x00, 0x00, 0x1C, 0xFF, 0xB0, 0x00,
    0x00, 0x00, 0x1C, 0xFF, 0xB0, 0x00,
    0x00, 0x00, 0x1C, 0xFF, 0xB0, 0x00,
    0x00, 0x00, 0x1C, 0xFF, 0xB0, 0x00,
    0x00, 0x00, 0x1C, 0xFF, 0xB0, 0x00,
    0x00, 0x00, 0x1C, 0xFF, 0xB0, 0x00,
    0x00, 0x00, 0x1C, 0xFF, 0xB0, 0x00,
    0x00, 0x00, 0x1C, 0xFF, 0xB0, 0x00,
    0x00, 0x00, 0x1C, 0xFF, 0xB0, 0x00,
    0x00, 0x00, 0x1C, 0xFF, 0xB0, 0x00,
    0x00, 0x00, 0x1C, 0xFF, 0xB0, 0x00,
    0x00, 0x00, 0x1C, 0xFF, 0xB0, 0x00,
    0x00, 0x00, 0x1C, 0xFF, 0xB0, 0x00,
    0x00, 0x00, 0x00, 0x00, 0x00, 0x00,
    0x00, 0x00, 0x00, 0x00, 0x00, 0x00,
    0x00, 0x00, 0x00, 0x00, 0x00, 0x00,
    0x00, 0x00, 0x00, 0x00, 0x00, 0x00,
    0x00, 0x00, 0x00, 0x00, 0x00, 0x00,

    /* Unicode: U+00CD */
    0x00, 0x00, 0x00, 0x00, 0x00, 0x00,
    0x00, 0x00, 0x2D, 0x80, 0x62, 0x00,
    0x00, 0x2B, 0xEB, 0xC7, 0x17, 0x00,
    0x29, 0xE9, 0xA3, 0x07, 0x00, 0x00,
    0x00, 0x00, 0x00, 0x00, 0x00, 0x00,
    0x1C, 0xFF, 0xB0, 0x00, 0x00, 0x00,
    0x1C, 0xFF, 0xB0, 0x00, 0x00, 0x00,
    0x1C, 0xFF, 0xB0, 0x00, 0x00, 0x00,
    0x1C, 0xFF, 0xB0, 0x00, 0x00, 0x00,
    0x1C, 0xFF, 0xB0, 0x00, 0x00, 0x00,
    0x1C, 0xFF, 0xB0, 0x00, 0x00, 0x00,
    0x1C, 0xFF, 0xB0, 0x00, 0x00, 0x00,
    0x1C, 0xFF, 0xB0, 0x00, 0x00, 0x00,
    0x1C, 0xFF, 0xB0, 0x00, 0x00, 0x00,
    0x1C, 0xFF, 0xB0, 0x00, 0x00, 0x00,
    0x1C, 0xFF, 0xB0, 0x00, 0x00, 0x00,
    0x1C, 0xFF, 0xB0, 0x00, 0x00, 0x00,
    0x1C, 0xFF, 0xB0, 0x00, 0x00, 0x00,
    0x00, 0x00, 0x00, 0x00, 0x00, 0x00,
    0x00, 0x00, 0x00, 0x00, 0x00, 0x00,
    0x00, 0x00, 0x00, 0x00, 0x00, 0x00,
    0x00, 0x00, 0x00, 0x00, 0x00, 0x00,
    0x00, 0x00, 0x00, 0x00, 0x00, 0x00,

    /* Unicode: U+00CE */
    0x00, 0x00, 0x00, 0x00, 0x00, 0x00, 0x00, 0x00,
    0x00, 0x00, 0x24, 0x80, 0x6B, 0x01, 0x00, 0x00,
    0x00, 0x1F, 0xE1, 0xCB, 0xF5, 0x91, 0x00, 0x00,
    0x19, 0xDC, 0xA9, 0x07, 0x36, 0xEA, 0x88, 0x00,
    0x00, 0x00, 0x00, 0x00, 0x00, 0x00, 0x00, 0x00,
    0x00, 0x00, 0x1C, 0xFF, 0xB0, 0x00, 0x00, 0x00,
    0x00, 0x00, 0x1C, 0xFF, 0xB0, 0x00, 0x00, 0x00,
    0x00, 0x00, 0x1C, 0xFF, 0xB0, 0x00, 0x00, 0x00,
    0x00, 0x00, 0x1C, 0xFF, 0xB0, 0x00, 0x00, 0x00,
    0x00, 0x00, 0x1C, 0xFF, 0xB0, 0x00, 0x00, 0x00,
    0x00, 0x00, 0x1C, 0xFF, 0xB0, 0x00, 0x00, 0x00,
    0x00, 0x00, 0x1C, 0xFF, 0xB0, 0x00, 0x00, 0x00,
    0x00, 0x00, 0x1C, 0xFF, 0xB0, 0x00, 0x00, 0x00,
    0x00, 0x00, 0x1C, 0xFF, 0xB0, 0x00, 0x00, 0x00,
    0x00, 0x00, 0x1C, 0xFF, 0xB0, 0x00, 0x00, 0x00,
    0x00, 0x00, 0x1C, 0xFF, 0xB0, 0x00, 0x00, 0x00,
    0x00, 0x00, 0x1C, 0xFF, 0xB0, 0x00, 0x00, 0x00,
    0x00, 0x00, 0x1C, 0xFF, 0xB0, 0x00, 0x00, 0x00,
    0x00, 0x00, 0x00, 0x00, 0x00, 0x00, 0x00, 0x00,
    0x00, 0x00, 0x00, 0x00, 0x00, 0x00, 0x00, 0x00,
    0x00, 0x00, 0x00, 0x00, 0x00, 0x00, 0x00, 0x00,
    0x00, 0x00, 0x00, 0x00, 0x00, 0x00, 0x00, 0x00,
    0x00, 0x00, 0x00, 0x00, 0x00, 0x00, 0x00, 0x00,

    /* Unicode: U+00CF */
    0x00, 0x00, 0x00, 0x00, 0x00, 0x00,
    0x00, 0x00, 0x00, 0x00, 0x00, 0x00,
    0x44, 0x63, 0x00, 0x1C, 0x78, 0x14,
    0x9D, 0xD5, 0x01, 0x4D, 0xEA, 0x3C,
    0x00, 0x00, 0x00, 0x00, 0x00, 0x00,
    0x00, 0x1C, 0xFF, 0xB0, 0x00, 0x00,
    0x00, 0x1C, 0xFF, 0xB0, 0x00, 0x00,
    0x00, 0x1C, 0xFF, 0xB0, 0x00, 0x00,
    0x00, 0x1C, 0xFF, 0xB0, 0x00, 0x00,
    0x00, 0x1C, 0xFF, 0xB0, 0x00, 0x00,
    0x00, 0x1C, 0xFF, 0xB0, 0x00, 0x00,
    0x00, 0x1C, 0xFF, 0xB0, 0x00, 0x00,
    0x00, 0x1C, 0xFF, 0xB0, 0x00, 0x00,
    0x00, 0x1C, 0xFF, 0xB0, 0x00, 0x00,
    0x00, 0x1C, 0xFF, 0xB0, 0x00, 0x00,
    0x00, 0x1C, 0xFF, 0xB0, 0x00, 0x00,
    0x00, 0x1C, 0xFF, 0xB0, 0x00, 0x00,
    0x00, 0x1C, 0xFF, 0xB0, 0x00, 0x00,
    0x00, 0x00, 0x00, 0x00, 0x00, 0x00,
    0x00, 0x00, 0x00, 0x00, 0x00, 0x00,
    0x00, 0x00, 0x00, 0x00, 0x00, 0x00,
    0x00, 0x00, 0x00, 0x00, 0x00, 0x00,
    0x00, 0x00, 0x00, 0x00, 0x00, 0x00,

    /* Unicode: U+00D0 */
    0x00, 0x00, 0x00, 0x00, 0x00, 0x00, 0x00, 0x00, 0x00, 0x00, 0x00, 0x00, 0x00, 0x00, 0x00,
    0x00, 0x00, 0x00, 0x00, 0x00, 0x00, 0x00, 0x00, 0x00, 0x00, 0x00, 0x00, 0x00, 0x00, 0x00,
    0x00, 0x00, 0x00, 0x00, 0x00, 0x00, 0x00, 0x00, 0x00, 0x00, 0x00, 0x00, 0x00, 0x00, 0x00,
    0x00, 0x00, 0x00, 0x00, 0x00, 0x00, 0x00, 0x00, 0x00, 0x00, 0x00, 0x00, 0x00, 0x00, 0x00,
    0x00, 0x00, 0x00, 0x00, 0x00, 0x00, 0x00, 0x00, 0x00, 0x00, 0x00, 0x00, 0x00, 0x00, 0x00,
    0x00, 0x00, 0xF8, 0xFF, 0xFF, 0xFF, 0xFF, 0xF9, 0xDF, 0xAF, 0x50, 0x01, 0x00, 0x00, 0x00,
    0x00, 0x00, 0xF8, 0xEC, 0x90, 0x90, 0x90, 0x98, 0xB7, 0xF7, 0xFF, 0xBA, 0x16, 0x00, 0x00,
    0x00, 0x00, 0xF8, 0xD4, 0x00, 0x00, 0x00, 0x00, 0x00, 0x10, 0x9B, 0xFF, 0xC5, 0x05, 0x00,
    0x00, 0x00, 0xF8, 0xD4, 0x00, 0x00, 0x00, 0x00, 0x00, 0x00, 0x00, 0x9E, 0xFF, 0x6E, 0x00,
    0x00, 0x00, 0xF8, 0xD4, 0x00, 0x00, 0x00, 0x00, 0x00, 0x00, 0x00, 0x16, 0xFA, 0xD4, 0x00,
    0x72, 0x90, 0xFF, 0xFF, 0x90, 0x90, 0x90, 0x3A, 0x00, 0x00, 0x00, 0x00, 0xC6, 0xFE, 0x06,
    0xCC, 0xFF, 0xFF, 0xFF, 0xFF, 0xFF, 0xFF, 0x68, 0x00, 0x00, 0x00, 0x00, 0xAF, 0xFF, 0x1C,
    0x00, 0x00, 0xF8, 0xD4, 0x00, 0x00, 0x00, 0x00, 0x00, 0x00, 0x00, 0x00, 0xC6, 0xFE, 0x06,
    0x00, 0x00, 0xF8, 0xD4, 0x00, 0x00, 0x00, 0x00, 0x00, 0x00, 0x00, 0x15, 0xF9, 0xD4, 0x00,
    0x00, 0x00, 0xF8, 0xD4, 0x00, 0x00, 0x00, 0x00, 0x00, 0x00, 0x00, 0x9C, 0xFF, 0x6F, 0x00,
    0x00, 0x00, 0xF8, 0xD4, 0x00, 0x00, 0x00, 0x00, 0x00, 0x0E, 0x97, 0xFF, 0xC8, 0x06, 0x00,
    0x00, 0x00, 0xF8, 0xEC, 0x90, 0x90, 0x90, 0x97, 0xB5, 0xF6, 0xFF, 0xBD, 0x17, 0x00, 0x00,
    0x00, 0x00, 0xF8, 0xFF, 0xFF, 0xFF, 0xFF, 0xFA, 0xE0, 0xB1, 0x54, 0x02, 0x00, 0x00, 0x00,
    0x00, 0x00, 0x00, 0x00, 0x00, 0x00, 0x00, 0x00, 0x00, 0x00, 0x00, 0x00, 0x00, 0x00, 0x00,
    0x00, 0x00, 0x00, 0x00, 0x00, 0x00, 0x00, 0x00, 0x00, 0x00, 0x00, 0x00, 0x00, 0x00, 0x00,
    0x00, 0x00, 0x00, 0x00, 0x00, 0x00, 0x00, 0x00, 0x00, 0x00, 0x00, 0x00, 0x00, 0x00, 0x00,
    0x00, 0x00, 0x00, 0x00, 0x00, 0x00, 0x00, 0x00, 0x00, 0x00, 0x00, 0x00, 0x00, 0x00, 0x00,
    0x00, 0x00, 0x00, 0x00, 0x00, 0x00, 0x00, 0x00, 0x00, 0x00, 0x00, 0x00, 0x00, 0x00, 0x00,

    /* Unicode: U+00D1 */
    0x00, 0x00, 0x00, 0x00, 0x00, 0x00, 0x00, 0x00, 0x00, 0x00, 0x00, 0x00,
    0x00, 0x00, 0x00, 0x00, 0x64, 0x74, 0x11, 0x00, 0x6E, 0x27, 0x00, 0x00,
    0x00, 0x00, 0x00, 0x63, 0xCE, 0xA5, 0xEA, 0xA0, 0xFA, 0x20, 0x00, 0x00,
    0x00, 0x00, 0x00, 0xAB, 0x4E, 0x00, 0x7C, 0xED, 0x8A, 0x00, 0x00, 0x00,
    0x00, 0x00, 0x00, 0x00, 0x00, 0x00, 0x00, 0x00, 0x00, 0x00, 0x00, 0x00,
    0x1C, 0xFF, 0xBB, 0x02, 0x00, 0x00, 0x00, 0x00, 0x00, 0x14, 0xFF, 0xB8,
    0x1C, 0xFF, 0xFF, 0x85, 0x00, 0x00, 0x00, 0x00, 0x00, 0x14, 0xFF, 0xB8,
    0x1C, 0xFF, 0xFF, 0xFE, 0x4E, 0x00, 0x00, 0x00, 0x00, 0x14, 0xFF, 0xB8,
    0x1C, 0xFF, 0xE0, 0xFC, 0xEF, 0x23, 0x00, 0x00, 0x00, 0x14, 0xFF, 0xB8,
    0x1C, 0xFF, 0xB0, 0x74, 0xFF, 0xD0, 0x09, 0x00, 0x00, 0x14, 0xFF, 0xB8,
    0x1C, 0xFF, 0xB0, 0x00, 0xA9, 0xFF, 0xA1, 0x00, 0x00, 0x14, 0xFF, 0xB8,
    0x1C, 0xFF, 0xB0, 0x00, 0x0B, 0xD4, 0xFF, 0x68, 0x00, 0x14, 0xFF, 0xB8,
    0x1C, 0xFF, 0xB0, 0x00, 0x00, 0x25, 0xF0, 0xF9, 0x36, 0x14, 0xFF, 0xB8,
    0x1C, 0xFF, 0xB0, 0x00, 0x00, 0x00, 0x4D, 0xFE, 0xE1, 0x27, 0xFF, 0xB8,
    0x1C, 0xFF, 0xB0, 0x00, 0x00, 0x00, 0x00, 0x83, 0xFF, 0xCA, 0xFF, 0xB8,
    0x1C, 0xFF, 0xB0, 0x00, 0x00, 0x00, 0x00, 0x02, 0xB6, 0xFF, 0xFF, 0xB8,
    0x1C, 0xFF, 0xB0, 0x00, 0x00, 0x00, 0x00, 0x00, 0x11, 0xDD, 0xFF, 0xB8,
    0x1C, 0xFF, 0xB0, 0x00, 0x00, 0x00, 0x00, 0x00, 0x00, 0x2F, 0xF5, 0xB8,
    0x00, 0x00, 0x00, 0x00, 0x00, 0x00, 0x00, 0x00, 0x00, 0x00, 0x00, 0x00,
    0x00, 0x00, 0x00, 0x00, 0x00, 0x00, 0x00, 0x00, 0x00, 0x00, 0x00, 0x00,
    0x00, 0x00, 0x00, 0x00, 0x00, 0x00, 0x00, 0x00, 0x00, 0x00, 0x00, 0x00,
    0x00, 0x00, 0x00, 0x00, 0x00, 0x00, 0x00, 0x00, 0x00, 0x00, 0x00, 0x00,
    0x00, 0x00, 0x00, 0x00, 0x00, 0x00, 0x00, 0x00, 0x00, 0x00, 0x00, 0x00,

    /* Unicode: U+00D2 */
    0x00, 0x00, 0x00, 0x00, 0x00, 0x00, 0x00, 0x00, 0x00, 0x00, 0x00, 0x00, 0x00, 0x00, 0x00,
    0x00, 0x00, 0x00, 0x00, 0x33, 0x80, 0x5D, 0x00, 0x00, 0x00, 0x00, 0x00, 0x00, 0x00, 0x00,
    0x00, 0x00, 0x00, 0x00, 0x01, 0x80, 0xFE, 0x76, 0x00, 0x00, 0x00, 0x00, 0x00, 0x00, 0x00,
    0x00, 0x00, 0x00, 0x00, 0x00, 0x00, 0x54, 0xF5, 0x72, 0x00, 0x00, 0x00, 0x00, 0x00, 0x00,
    0x00, 0x00, 0x00, 0x00, 0x00, 0x00, 0x00, 0x00, 0x00, 0x00, 0x00, 0x00, 0x00, 0x00, 0x00,
    0x00, 0x00, 0x00, 0x00, 0x4A, 0xAD, 0xDF, 0xF8, 0xE4, 0xB8, 0x59, 0x04, 0x00, 0x00, 0x00,
    0x00, 0x00, 0x0F, 0xAE, 0xFF, 0xF6, 0xB3, 0x98, 0xAD, 0xEF, 0xFF, 0xC5, 0x1C, 0x00, 0x00,
    0x00, 0x02, 0xB8, 0xFF, 0xA2, 0x10, 0x00, 0x00, 0x00, 0x09, 0x8B, 0xFF, 0xD3, 0x0A, 0x00,
    0x00, 0x63, 0xFF, 0xA9, 0x00, 0x00, 0x00, 0x00, 0x00, 0x00, 0x00, 0x8D, 0xFF, 0x85, 0x00,
    0x00, 0xCE, 0xFB, 0x1A, 0x00, 0x00, 0x00, 0x00, 0x00, 0x00, 0x00, 0x0A, 0xF0, 0xE9, 0x03,
    0x06, 0xFD, 0xC7, 0x00, 0x00, 0x00, 0x00, 0x00, 0x00, 0x00, 0x00, 0x00, 0xAC, 0xFF, 0x20,
    0x1C, 0xFF, 0xAF, 0x00, 0x00, 0x00, 0x00, 0x00, 0x00, 0x00, 0x00, 0x00, 0x94, 0xFF, 0x38,
    0x06, 0xFD, 0xC7, 0x00, 0x00, 0x00, 0x00, 0x00, 0x00, 0x00, 0x00, 0x00, 0xAC, 0xFF, 0x20,
    0x00, 0xCE, 0xFB, 0x19, 0x00, 0x00, 0x00, 0x00, 0x00, 0x00, 0x00, 0x09, 0xEF, 0xEA, 0x03,
    0x00, 0x65, 0xFF, 0xA6, 0x00, 0x00, 0x00, 0x00, 0x00, 0x00, 0x00, 0x8B, 0xFF, 0x86, 0x00,
    0x00, 0x02, 0xBA, 0xFF, 0xA1, 0x10, 0x00, 0x00, 0x00, 0x09, 0x8A, 0xFF, 0xD4, 0x0B, 0x00,
    0x00, 0x00, 0x10, 0xAF, 0xFF, 0xF6, 0xB3, 0x97, 0xAD, 0xEF, 0xFF, 0xC6, 0x1D, 0x00, 0x00,
    0x00, 0x00, 0x00, 0x00, 0x4B, 0xAD, 0xE0, 0xF8, 0xE5, 0xB9, 0x5A, 0x04, 0x00, 0x00, 0x00,
    0x00, 0x00, 0x00, 0x00, 0x00, 0x00, 0x00, 0x00, 0x00, 0x00, 0x00, 0x00, 0x00, 0x00, 0x00,
    0x00, 0x00, 0x00, 0x00, 0x00, 0x00, 0x00, 0x00, 0x00, 0x00, 0x00, 0x00, 0x00, 0x00, 0x00,
    0x00, 0x00, 0x00, 0x00, 0x00, 0x00, 0x00, 0x00, 0x00, 0x00, 0x00, 0x00, 0x00, 0x00, 0x00,
    0x00, 0x00, 0x00, 0x00, 0x00, 0x00, 0x00, 0x00, 0x00, 0x00, 0x00, 0x00, 0x00, 0x00, 0x00,
    0x00, 0x00, 0x00, 0x00, 0x00, 0x00, 0x00, 0x00, 0x00, 0x00, 0x00, 0x00, 0x00, 0x00, 0x00,

    /* Unicode: U+00D3 */
    0x00, 0x00, 0x00, 0x00, 0x00, 0x00, 0x00, 0x00, 0x00, 0x00, 0x00, 0x00, 0x00, 0x00, 0x00,
    0x00, 0x00, 0x00, 0x00, 0x00, 0x00, 0x00, 0x00, 0x47, 0x80, 0x49, 0x00, 0x00, 0x00, 0x00,
    0x00, 0x00, 0x00, 0x00, 0x00, 0x00, 0x00, 0x50, 0xFA, 0xA3, 0x07, 0x00, 0x00, 0x00, 0x00,
    0x00, 0x00, 0x00, 0x00, 0x00, 0x00, 0x4C, 0xF7, 0x78, 0x00, 0x00, 0x00, 0x00, 0x00, 0x00,
    0x00, 0x00, 0x00, 0x00, 0x00, 0x00, 0x00, 0x00, 0x00, 0x00, 0x00, 0x00, 0x00, 0x00, 0x00,
    0x00, 0x00, 0x00, 0x00, 0x4A, 0xAD, 0xDF, 0xF8, 0xE4, 0xB8, 0x59, 0x04, 0x00, 0x00, 0x00,
    0x00, 0x00, 0x0F, 0xAE, 0xFF, 0xF6, 0xB3, 0x98, 0xAD, 0xEF, 0xFF, 0xC5, 0x1C, 0x00, 0x00,
    0x00, 0x02, 0xB8, 0xFF, 0xA2, 0x10, 0x00, 0x00, 0x00, 0x09, 0x8B, 0xFF, 0xD3, 0x0A, 0x00,
    0x00, 0x63, 0xFF, 0xA9, 0x00, 0x00, 0x00, 0x00, 0x00, 0x00, 0x00, 0x8D, 0xFF, 0x85, 0x00,
    0x00, 0xCE, 0xFB, 0x1A, 0x00, 0x00, 0x00, 0x00, 0x00, 0x00, 0x00, 0x0A, 0xF0, 0xE9, 0x03,
    0x06, 0xFD, 0xC7, 0x00, 0x00, 0x00, 0x00, 0x00, 0x00, 0x00, 0x00, 0x00, 0xAC, 0xFF, 0x20,
    0x1C, 0xFF, 0xAF, 0x00, 0x00, 0x00, 0x00, 0x00, 0x00, 0x00, 0x00, 0x00, 0x94, 0xFF, 0x38,
    0x06, 0xFD, 0xC7, 0x00, 0x00, 0x00, 0x00, 0x00, 0x00, 0x00, 0x00, 0x00, 0xAC, 0xFF, 0x20,
    0x00, 0xCE, 0xFB, 0x19, 0x00, 0x00, 0x00, 0x00, 0x00, 0x00, 0x00, 0x09, 0xEF, 0xEA, 0x03,
    0x00, 0x65, 0xFF, 0xA6, 0x00, 0x00, 0x00, 0x00, 0x00, 0x00, 0x00, 0x8B, 0xFF, 0x86, 0x00,
    0x00, 0x02, 0xBA, 0xFF, 0xA1, 0x10, 0x00, 0x00, 0x00, 0x09, 0x8A, 0xFF, 0xD4, 0x0B, 0x00,
    0x00, 0x00, 0x10, 0xAF, 0xFF, 0xF6, 0xB3, 0x97, 0xAD, 0xEF, 0xFF, 0xC6, 0x1D, 0x00, 0x00,
    0x00, 0x00, 0x00, 0x00, 0x4B, 0xAD, 0xE0, 0xF8, 0xE5, 0xB9, 0x5A, 0x04, 0x00, 0x00, 0x00,
    0x00, 0x00, 0x00, 0x00, 0x00, 0x00, 0x00, 0x00, 0x00, 0x00, 0x00, 0x00, 0x00, 0x00, 0x00,
    0x00, 0x00, 0x00, 0x00, 0x00, 0x00, 0x00, 0x00, 0x00, 0x00, 0x00, 0x00, 0x00, 0x00, 0x00,
    0x00, 0x00, 0x00, 0x00, 0x00, 0x00, 0x00, 0x00, 0x00, 0x00, 0x00, 0x00, 0x00, 0x00, 0x00,
    0x00, 0x00, 0x00, 0x00, 0x00, 0x00, 0x00, 0x00, 0x00, 0x00, 0x00, 0x00, 0x00, 0x00, 0x00,
    0x00, 0x00, 0x00, 0x00, 0x00, 0x00, 0x00, 0x00, 0x00, 0x00, 0x00, 0x00, 0x00, 0x00, 0x00,

    /* Unicode: U+00D4 */
    0x00, 0x00, 0x00, 0x00, 0x00, 0x00, 0x00, 0x00, 0x00, 0x00, 0x00, 0x00, 0x00, 0x00, 0x00,
    0x00, 0x00, 0x00, 0x00, 0x00, 0x00, 0x3E, 0x80, 0x52, 0x00, 0x00, 0x00, 0x00, 0x00, 0x00,
    0x00, 0x00, 0x00, 0x00, 0x00, 0x3E, 0xF6, 0xC1, 0xFD, 0x5F, 0x00, 0x00, 0x00, 0x00, 0x00,
    0x00, 0x00, 0x00, 0x00, 0x36, 0xF2, 0x7D, 0x00, 0x5A, 0xF6, 0x57, 0x00, 0x00, 0x00, 0x00,
    0x00, 0x00, 0x00, 0x00, 0x00, 0x00, 0x00, 0x00, 0x00, 0x00, 0x00, 0x00, 0x00, 0x00, 0x00,
    0x00, 0x00, 0x00, 0x00, 0x4A, 0xAD, 0xDF, 0xF8, 0xE4, 0xB8, 0x59, 0x04, 0x00, 0x00, 0x00,
    0x00, 0x00, 0x0F, 0xAE, 0xFF, 0xF6, 0xB3, 0x98, 0xAD, 0xEF, 0xFF, 0xC5, 0x1C, 0x00, 0x00,
    0x00, 0x02, 0xB8, 0xFF, 0xA2, 0x10, 0x00, 0x00, 0x00, 0x09, 0x8B, 0xFF, 0xD3, 0x0A, 0x00,
    0x00, 0x63, 0xFF, 0xA9, 0x00, 0x00, 0x00, 0x00, 0x00, 0x00, 0x00, 0x8D, 0xFF, 0x85, 0x00,
    0x00, 0xCE, 0xFB, 0x1A, 0x00, 0x00, 0x00, 0x00, 0x00, 0x00, 0x00, 0x0A, 0xF0, 0xE9, 0x03,
    0x06, 0xFD, 0xC7, 0x00, 0x00, 0x00, 0x00, 0x00, 0x00, 0x00, 0x00, 0x00, 0xAC, 0xFF, 0x20,
    0x1C, 0xFF, 0xAF, 0x00, 0x00, 0x00, 0x00, 0x00, 0x00, 0x00, 0x00, 0x00, 0x94, 0xFF, 0x38,
    0x06, 0xFD, 0xC7, 0x00, 0x00, 0x00, 0x00, 0x00, 0x00, 0x00, 0x00, 0x00, 0xAC, 0xFF, 0x20,
    0x00, 0xCE, 0xFB, 0x19, 0x00, 0x00, 0x00, 0x00, 0x00, 0x00, 0x00, 0x09, 0xEF, 0xEA, 0x03,
    0x00, 0x65, 0xFF, 0xA6, 0x00, 0x00, 0x00, 0x00, 0x00, 0x00, 0x00, 0x8B, 0xFF, 0x86, 0x00,
    0x00, 0x02, 0xBA, 0xFF, 0xA1, 0x10, 0x00, 0x00, 0x00, 0x09, 0x8A, 0xFF, 0xD4, 0x0B, 0x00,
    0x00, 0x00, 0x10, 0xAF, 0xFF, 0xF6, 0xB3, 0x97, 0xAD, 0xEF, 0xFF, 0xC6, 0x1D, 0x00, 0x00,
    0x00, 0x00, 0x00, 0x00, 0x4B, 0xAD, 0xE0, 0xF8, 0xE5, 0xB9, 0x5A, 0x04, 0x00, 0x00, 0x00,
    0x00, 0x00, 0x00, 0x00, 0x00, 0x00, 0x00, 0x00, 0x00, 0x00, 0x00, 0x00, 0x00, 0x00, 0x00,
    0x00, 0x00, 0x00, 0x00, 0x00, 0x00, 0x00, 0x00, 0x00, 0x00, 0x00, 0x00, 0x00, 0x00, 0x00,
    0x00, 0x00, 0x00, 0x00, 0x00, 0x00, 0x00, 0x00, 0x00, 0x00, 0x00, 0x00, 0x00, 0x00, 0x00,
    0x00, 0x00, 0x00, 0x00, 0x00, 0x00, 0x00, 0x00, 0x00, 0x00, 0x00, 0x00, 0x00, 0x00, 0x00,
    0x00, 0x00, 0x00, 0x00, 0x00, 0x00, 0x00, 0x00, 0x00, 0x00, 0x00, 0x00, 0x00, 0x00, 0x00,

    /* Unicode: U+00D5 */
    0x00, 0x00, 0x00, 0x00, 0x00, 0x00, 0x00, 0x00, 0x00, 0x00, 0x00, 0x00, 0x00, 0x00, 0x00,
    0x00, 0x00, 0x00, 0x00, 0x00, 0x3E, 0x80, 0x2C, 0x00, 0x43, 0x52, 0x00, 0x00, 0x00, 0x00,
    0x00, 0x00, 0x00, 0x00, 0x1D, 0xEB, 0x89, 0xF4, 0xA7, 0xE3, 0x6B, 0x00, 0x00, 0x00, 0x00,
    0x00, 0x00, 0x00, 0x00, 0x5F, 0x9A, 0x00, 0x42, 0xE2, 0xC3, 0x0D, 0x00, 0x00, 0x00, 0x00,
    0x00, 0x00, 0x00, 0x00, 0x00, 0x00, 0x00, 0x00, 0x00, 0x00, 0x00, 0x00, 0x00, 0x00, 0x00,
    0x00, 0x00, 0x00, 0x00, 0x4A, 0xAD, 0xDF, 0xF8, 0xE4, 0xB8, 0x59, 0x04, 0x00, 0x00, 0x00,
    0x00, 0x00, 0x0F, 0xAE, 0xFF, 0xF6, 0xB3, 0x98, 0xAD, 0xEF, 0xFF, 0xC5, 0x1C, 0x00, 0x00,
    0x00, 0x02, 0xB8, 0xFF, 0xA2, 0x10, 0x00, 0x00, 0x00, 0x09, 0x8B, 0xFF, 0xD3, 0x0A, 0x00,
    0x00, 0x63, 0xFF, 0xA9, 0x00, 0x00, 0x00, 0x00, 0x00, 0x00, 0x00, 0x8D, 0xFF, 0x85, 0x00,
    0x00, 0xCE, 0xFB, 0x1A, 0x00, 0x00, 0x00, 0x00, 0x00, 0x00, 0x00, 0x0A, 0xF0, 0xE9, 0x03,
    0x06, 0xFD, 0xC7, 0x00, 0x00, 0x00, 0x00, 0x00, 0x00, 0x00, 0x00, 0x00, 0xAC, 0xFF, 0x20,
    0x1C, 0xFF, 0xAF, 0x00, 0x00, 0x00, 0x00, 0x00, 0x00, 0x00, 0x00, 0x00, 0x94, 0xFF, 0x38,
    0x06, 0xFD, 0xC7, 0x00, 0x00, 0x00, 0x00, 0x00, 0x00, 0x00, 0x00, 0x00, 0xAC, 0xFF, 0x20,
    0x00, 0xCE, 0xFB, 0x19, 0x00, 0x00, 0x00, 0x00, 0x00, 0x00, 0x00, 0x09, 0xEF, 0xEA, 0x03,
    0x00, 0x65, 0xFF, 0xA6, 0x00, 0x00, 0x00, 0x00, 0x00, 0x00, 0x00, 0x8B, 0xFF, 0x86, 0x00,
    0x00, 0x02, 0xBA, 0xFF, 0xA1, 0x10, 0x00, 0x00, 0x00, 0x09, 0x8A, 0xFF, 0xD4, 0x0B, 0x00,
    0x00, 0x00, 0x10, 0xAF, 0xFF, 0xF6, 0xB3, 0x97, 0xAD, 0xEF, 0xFF, 0xC6, 0x1D, 0x00, 0x00,
    0x00, 0x00, 0x00, 0x00, 0x4B, 0xAD, 0xE0, 0xF8, 0xE5, 0xB9, 0x5A, 0x04, 0x00, 0x00, 0x00,
    0x00, 0x00, 0x00, 0x00, 0x00, 0x00, 0x00, 0x00, 0x00, 0x00, 0x00, 0x00, 0x00, 0x00, 0x00,
    0x00, 0x00, 0x00, 0x00, 0x00, 0x00, 0x00, 0x00, 0x00, 0x00, 0x00, 0x00, 0x00, 0x00, 0x00,
    0x00, 0x00, 0x00, 0x00, 0x00, 0x00, 0x00, 0x00, 0x00, 0x00, 0x00, 0x00, 0x00, 0x00, 0x00,
    0x00, 0x00, 0x00, 0x00, 0x00, 0x00, 0x00, 0x00, 0x00, 0x00, 0x00, 0x00, 0x00, 0x00, 0x00,
    0x00, 0x00, 0x00, 0x00, 0x00, 0x00, 0x00, 0x00, 0x00, 0x00, 0x00, 0x00, 0x00, 0x00, 0x00,

    /* Unicode: U+00D6 */
    0x00, 0x00, 0x00, 0x00, 0x00, 0x00, 0x00, 0x00, 0x00, 0x00, 0x00, 0x00, 0x00, 0x00, 0x00,
    0x00, 0x00, 0x00, 0x00, 0x00, 0x00, 0x00, 0x00, 0x00, 0x00, 0x00, 0x00, 0x00, 0x00, 0x00,
    0x00, 0x00, 0x00, 0x00, 0x00, 0x60, 0x47, 0x00, 0x32, 0x72, 0x04, 0x00, 0x00, 0x00, 0x00,
    0x00, 0x00, 0x00, 0x00, 0x00, 0xD0, 0xA3, 0x00, 0x7B, 0xE4, 0x15, 0x00, 0x00, 0x00, 0x00,
    0x00, 0x00, 0x00, 0x00, 0x00, 0x00, 0x00, 0x00, 0x00, 0x00, 0x00, 0x00, 0x00, 0x00, 0x00,
    0x00, 0x00, 0x00, 0x00, 0x4A, 0xAD, 0xDF, 0xF8, 0xE4, 0xB8, 0x59, 0x04, 0x00, 0x00, 0x00,
    0x00, 0x00, 0x0F, 0xAE, 0xFF, 0xF6, 0xB3, 0x98, 0xAD, 0xEF, 0xFF, 0xC5, 0x1C, 0x00, 0x00,
    0x00, 0x02, 0xB8, 0xFF, 0xA2, 0x10, 0x00, 0x00, 0x00, 0x09, 0x8B, 0xFF, 0xD3, 0x0A, 0x00,
    0x00, 0x63, 0xFF, 0xA9, 0x00, 0x00, 0x00, 0x00, 0x00, 0x00, 0x00, 0x8D, 0xFF, 0x85, 0x00,
    0x00, 0xCE, 0xFB, 0x1A, 0x00, 0x00, 0x00, 0x00, 0x00, 0x00, 0x00, 0x0A, 0xF0, 0xE9, 0x03,
    0x06, 0xFD, 0xC7, 0x00, 0x00, 0x00, 0x00, 0x00, 0x00, 0x00, 0x00, 0x00, 0xAC, 0xFF, 0x20,
    0x1C, 0xFF, 0xAF, 0x00, 0x00, 0x00, 0x00, 0x00, 0x00, 0x00, 0x00, 0x00, 0x94, 0xFF, 0x38,
    0x06, 0xFD, 0xC7, 0x00, 0x00, 0x00, 0x00, 0x00, 0x00, 0x00, 0x00, 0x00, 0xAC, 0xFF, 0x20,
    0x00, 0xCE, 0xFB, 0x19, 0x00, 0x00, 0x00, 0x00, 0x00, 0x00, 0x00, 0x09, 0xEF, 0xEA, 0x03,
    0x00, 0x65, 0xFF, 0xA6, 0x00, 0x00, 0x00, 0x00, 0x00, 0x00, 0x00, 0x8B, 0xFF, 0x86, 0x00,
    0x00, 0x02, 0xBA, 0xFF, 0xA1, 0x10, 0x00, 0x00, 0x00, 0x09, 0x8A, 0xFF, 0xD4, 0x0B, 0x00,
    0x00, 0x00, 0x10, 0xAF, 0xFF, 0xF6, 0xB3, 0x97, 0xAD, 0xEF, 0xFF, 0xC6, 0x1D, 0x00, 0x00,
    0x00, 0x00, 0x00, 0x00, 0x4B, 0xAD, 0xE0, 0xF8, 0xE5, 0xB9, 0x5A, 0x04, 0x00, 0x00, 0x00,
    0x00, 0x00, 0x00, 0x00, 0x00, 0x00, 0x00, 0x00, 0x00, 0x00, 0x00, 0x00, 0x00, 0x00, 0x00,
    0x00, 0x00, 0x00, 0x00, 0x00, 0x00, 0x00, 0x00, 0x00, 0x00, 0x00, 0x00, 0x00, 0x00, 0x00,
    0x00, 0x00, 0x00, 0x00, 0x00, 0x00, 0x00, 0x00, 0x00, 0x00, 0x00, 0x00, 0x00, 0x00, 0x00,
    0x00, 0x00, 0x00, 0x00, 0x00, 0x00, 0x00, 0x00, 0x00, 0x00, 0x00, 0x00, 0x00, 0x00, 0x00,
    0x00, 0x00, 0x00, 0x00, 0x00, 0x00, 0x00, 0x00, 0x00, 0x00, 0x00, 0x00, 0x00, 0x00, 0x00,

    /* Unicode: U+00D7 */
    0x00, 0x00, 0x00, 0x00, 0x00, 0x00, 0x00, 0x00,
    0x00, 0x00, 0x00, 0x00, 0x00, 0x00, 0x00, 0x00,
    0x00, 0x00, 0x00, 0x00, 0x00, 0x00, 0x00, 0x00,
    0x00, 0x00, 0x00, 0x00, 0x00, 0x00, 0x00, 0x00,
    0x00, 0x00, 0x00, 0x00, 0x00, 0x00, 0x00, 0x00,
    0x00, 0x00, 0x00, 0x00, 0x00, 0x00, 0x00, 0x00,
    0x00, 0x00, 0x00, 0x00, 0x00, 0x00, 0x00, 0x00,
    0x00, 0x00, 0x00, 0x00, 0x00, 0x00, 0x00, 0x00,
    0x00, 0x4B, 0x27, 0x00, 0x00, 0x00, 0x6B, 0x07,
    0x01, 0xCF, 0xE6, 0x27, 0x00, 0x95, 0xFF, 0x4D,
    0x00, 0x19, 0xD8, 0xE5, 0xA1, 0xFF, 0x70, 0x00,
    0x00, 0x00, 0x1A, 0xEF, 0xFF, 0x89, 0x00, 0x00,
    0x00, 0x00, 0x8A, 0xFF, 0xEA, 0xE4, 0x24, 0x00,
    0x00, 0x88, 0xFF, 0x71, 0x1C, 0xDD, 0xE2, 0x22,
    0x01, 0xA6, 0x73, 0x00, 0x00, 0x1D, 0xCE, 0x31,
    0x00, 0x01, 0x00, 0x00, 0x00, 0x00, 0x01, 0x00,
    0x00, 0x00, 0x00, 0x00, 0x00, 0x00, 0x00, 0x00,
    0x00, 0x00, 0x00, 0x00, 0x00, 0x00, 0x00, 0x00,
    0x00, 0x00, 0x00, 0x00, 0x00, 0x00, 0x00, 0x00,
    0x00, 0x00, 0x00, 0x00, 0x00, 0x00, 0x00, 0x00,
    0x00, 0x00, 0x00, 0x00, 0x00, 0x00, 0x00, 0x00,
    0x00, 0x00, 0x00, 0x00, 0x00, 0x00, 0x00, 0x00,
    0x00, 0x00, 0x00, 0x00, 0x00, 0x00, 0x00, 0x00,

    /* Unicode: U+00D8 */
    0x00, 0x00, 0x00, 0x00, 0x00, 0x00, 0x00, 0x00, 0x00, 0x00, 0x00, 0x00, 0x00, 0x00, 0x00,
    0x00, 0x00, 0x00, 0x00, 0x00, 0x00, 0x00, 0x00, 0x00, 0x00, 0x00, 0x00, 0x00, 0x00, 0x00,
    0x00, 0x00, 0x00, 0x00, 0x00, 0x00, 0x00, 0x00, 0x00, 0x00, 0x00, 0x00, 0x00, 0x00, 0x00,
    0x00, 0x00, 0x00, 0x00, 0x00, 0x00, 0x00, 0x00, 0x00, 0x00, 0x00, 0x00, 0x6F, 0x43, 0x00,
    0x00, 0x00, 0x00, 0x00, 0x00, 0x00, 0x00, 0x00, 0x00, 0x00, 0x00, 0x67, 0xEA, 0x16, 0x00,
    0x00, 0x00, 0x00, 0x00, 0x4A, 0xAD, 0xDF, 0xF8, 0xE4, 0xB8, 0x7E, 0xF8, 0x4E, 0x00, 0x00,
    0x00, 0x00, 0x0F, 0xAE, 0xFF, 0xF6, 0xB3, 0x98, 0xAD, 0xF3, 0xFF, 0xFF, 0x1C, 0x00, 0x00,
    0x00, 0x02, 0xB8, 0xFF, 0xA2, 0x10, 0x00, 0x00, 0x00, 0x89, 0xFF, 0xFF, 0xD3, 0x0A, 0x00,
    0x00, 0x63, 0xFF, 0xA9, 0x00, 0x00, 0x00, 0x00, 0x36, 0xF7, 0x38, 0x8D, 0xFF, 0x85, 0x00,
    0x00, 0xCE, 0xFB, 0x1A, 0x00, 0x00, 0x00, 0x0A, 0xDA, 0x80, 0x00, 0x0A, 0xF0, 0xE9, 0x03,
    0x06, 0xFD, 0xC7, 0x00, 0x00, 0x00, 0x00, 0x98, 0xC9, 0x04, 0x00, 0x00, 0xAC, 0xFF, 0x20,
    0x1C, 0xFF, 0xAF, 0x00, 0x00, 0x00, 0x4B, 0xF4, 0x25, 0x00, 0x00, 0x00, 0x94, 0xFF, 0x38,
    0x06, 0xFD, 0xC7, 0x00, 0x00, 0x15, 0xE8, 0x67, 0x00, 0x00, 0x00, 0x00, 0xAC, 0xFF, 0x20,
    0x00, 0xCE, 0xFB, 0x19, 0x00, 0xB0, 0xB4, 0x00, 0x00, 0x00, 0x00, 0x09, 0xEF, 0xEA, 0x03,
    0x00, 0x65, 0xFF, 0xA6, 0x63, 0xEA, 0x17, 0x00, 0x00, 0x00, 0x00, 0x8B, 0xFF, 0x86, 0x00,
    0x00, 0x02, 0xBA, 0xFF, 0xFF, 0x5F, 0x00, 0x00, 0x00, 0x09, 0x8A, 0xFF, 0xD4, 0x0B, 0x00,
    0x00, 0x00, 0x13, 0xFF, 0xFF, 0xF6, 0xB3, 0x97, 0xAD, 0xEF, 0xFF, 0xC6, 0x1D, 0x00, 0x00,
    0x00, 0x00, 0x7C, 0xDC, 0x57, 0xAD, 0xE0, 0xF8, 0xE5, 0xB9, 0x5A, 0x04, 0x00, 0x00, 0x00,
    0x00, 0x33, 0xF7, 0x39, 0x00, 0x00, 0x00, 0x00, 0x00, 0x00, 0x00, 0x00, 0x00, 0x00, 0x00,
    0x00, 0x00, 0x00, 0x00, 0x00, 0x00, 0x00, 0x00, 0x00, 0x00, 0x00, 0x00, 0x00, 0x00, 0x00,
    0x00, 0x00, 0x00, 0x00, 0x00, 0x00, 0x00, 0x00, 0x00, 0x00, 0x00, 0x00, 0x00, 0x00, 0x00,
    0x00, 0x00, 0x00, 0x00, 0x00, 0x00, 0x00, 0x00, 0x00, 0x00, 0x00, 0x00, 0x00, 0x00, 0x00,
    0x00, 0x00, 0x00, 0x00, 0x00, 0x00, 0x00, 0x00, 0x00, 0x00, 0x00, 0x00, 0x00, 0x00, 0x00,

    /* Unicode: U+00D9 */
    0x00, 0x00, 0x00, 0x00, 0x00, 0x00, 0x00, 0x00, 0x00, 0x00, 0x00, 0x00,
    0x00, 0x00, 0x02, 0x6B, 0x80, 0x23, 0x00, 0x00, 0x00, 0x00, 0x00, 0x00,
    0x00, 0x00, 0x00, 0x20, 0xD2, 0xE1, 0x20, 0x00, 0x00, 0x00, 0x00, 0x00,
    0x00, 0x00, 0x00, 0x00, 0x0C, 0xB1, 0xDF, 0x1E, 0x00, 0x00, 0x00, 0x00,
    0x00, 0x00, 0x00, 0x00, 0x00, 0x00, 0x00, 0x00, 0x00, 0x00, 0x00, 0x00,
    0x38, 0xFF, 0x94, 0x00, 0x00, 0x00, 0x00, 0x00, 0x00, 0x50, 0xFF, 0x70,
    0x38, 0xFF, 0x94, 0x00, 0x00, 0x00, 0x00, 0x00, 0x00, 0x50, 0xFF, 0x70,
    0x38, 0xFF, 0x94, 0x00, 0x00, 0x00, 0x00, 0x00, 0x00, 0x50, 0xFF, 0x70,
    0x38, 0xFF, 0x94, 0x00, 0x00, 0x00, 0x00, 0x00, 0x00, 0x50, 0xFF, 0x70,
    0x38, 0xFF, 0x94, 0x00, 0x00, 0x00, 0x00, 0x00, 0x00, 0x50, 0xFF, 0x70,
    0x38, 0xFF, 0x94, 0x00, 0x00, 0x00, 0x00, 0x00, 0x00, 0x50, 0xFF, 0x70,
    0x38, 0xFF, 0x94, 0x00, 0x00, 0x00, 0x00, 0x00, 0x00, 0x50, 0xFF, 0x70,
    0x34, 0xFF, 0x97, 0x00, 0x00, 0x00, 0x00, 0x00, 0x00, 0x53, 0xFF, 0x6B,
    0x20, 0xFF, 0xAE, 0x00, 0x00, 0x00, 0x00, 0x00, 0x00, 0x6C, 0xFF, 0x57,
    0x00, 0xE9, 0xEC, 0x08, 0x00, 0x00, 0x00, 0x00, 0x00, 0xB3, 0xFF, 0x23,
    0x00, 0x84, 0xFF, 0x99, 0x03, 0x00, 0x00, 0x00, 0x5F, 0xFF, 0xBC, 0x00,
    0x00, 0x07, 0xC2, 0xFF, 0xDD, 0x9D, 0x97, 0xCA, 0xFF, 0xE3, 0x21, 0x00,
    0x00, 0x00, 0x06, 0x72, 0xCC, 0xF4, 0xF8, 0xD9, 0x8C, 0x15, 0x00, 0x00,
    0x00, 0x00, 0x00, 0x00, 0x00, 0x00, 0x00, 0x00, 0x00, 0x00, 0x00, 0x00,
    0x00, 0x00, 0x00, 0x00, 0x00, 0x00, 0x00, 0x00, 0x00, 0x00, 0x00, 0x00,
    0x00, 0x00, 0x00, 0x00, 0x00, 0x00, 0x00, 0x00, 0x00, 0x00, 0x00, 0x00,
    0x00, 0x00, 0x00, 0x00, 0x00, 0x00, 0x00, 0x00, 0x00, 0x00, 0x00, 0x00,
    0x00, 0x00, 0x00, 0x00, 0x00, 0x00, 0x00, 0x00, 0x00, 0x00, 0x00, 0x00,

    /* Unicode: U+00DA */
    0x00, 0x00, 0x00, 0x00, 0x00, 0x00, 0x00, 0x00, 0x00, 0x00, 0x00, 0x00,
    0x00, 0x00, 0x00, 0x00, 0x00, 0x00, 0x08, 0x78, 0x7C, 0x12, 0x00, 0x00,
    0x00, 0x00, 0x00, 0x00, 0x00, 0x07, 0xB7, 0xEF, 0x47, 0x00, 0x00, 0x00,
    0x00, 0x00, 0x00, 0x00, 0x06, 0xB4, 0xDA, 0x27, 0x00, 0x00, 0x00, 0x00,
    0x00, 0x00, 0x00, 0x00, 0x00, 0x00, 0x00, 0x00, 0x00, 0x00, 0x00, 0x00,
    0x38, 0xFF, 0x94, 0x00, 0x00, 0x00, 0x00, 0x00, 0x00, 0x50, 0xFF, 0x70,
    0x38, 0xFF, 0x94, 0x00, 0x00, 0x00, 0x00, 0x00, 0x00, 0x50, 0xFF, 0x70,
    0x38, 0xFF, 0x94, 0x00, 0x00, 0x00, 0x00, 0x00, 0x00, 0x50, 0xFF, 0x70,
    0x38, 0xFF, 0x94, 0x00, 0x00, 0x00, 0x00, 0x00, 0x00, 0x50, 0xFF, 0x70,
    0x38, 0xFF, 0x94, 0x00, 0x00, 0x00, 0x00, 0x00, 0x00, 0x50, 0xFF, 0x70,
    0x38, 0xFF, 0x94, 0x00, 0x00, 0x00, 0x00, 0x00, 0x00, 0x50, 0xFF, 0x70,
    0x38, 0xFF, 0x94, 0x00, 0x00, 0x00, 0x00, 0x00, 0x00, 0x50, 0xFF, 0x70,
    0x34, 0xFF, 0x97, 0x00, 0x00, 0x00, 0x00, 0x00, 0x00, 0x53, 0xFF, 0x6B,
    0x20, 0xFF, 0xAE, 0x00, 0x00, 0x00, 0x00, 0x00, 0x00, 0x6C, 0xFF, 0x57,
    0x00, 0xE9, 0xEC, 0x08, 0x00, 0x00, 0x00, 0x00, 0x00, 0xB3, 0xFF, 0x23,
    0x00, 0x84, 0xFF, 0x99, 0x03, 0x00, 0x00, 0x00, 0x5F, 0xFF, 0xBC, 0x00,
    0x00, 0x07, 0xC2, 0xFF, 0xDD, 0x9D, 0x97, 0xCA, 0xFF, 0xE3, 0x21, 0x00,
    0x00, 0x00, 0x06, 0x72, 0xCC, 0xF4, 0xF8, 0xD9, 0x8C, 0x15, 0x00, 0x00,
    0x00, 0x00, 0x00, 0x00, 0x00, 0x00, 0x00, 0x00, 0x00, 0x00, 0x00, 0x00,
    0x00, 0x00, 0x00, 0x00, 0x00, 0x00, 0x00, 0x00, 0x00, 0x00, 0x00, 0x00,
    0x00, 0x00, 0x00, 0x00, 0x00, 0x00, 0x00, 0x00, 0x00, 0x00, 0x00, 0x00,
    0x00, 0x00, 0x00, 0x00, 0x00, 0x00, 0x00, 0x00, 0x00, 0x00, 0x00, 0x00,
    0x00, 0x00, 0x00, 0x00, 0x00, 0x00, 0x00, 0x00, 0x00, 0x00, 0x00, 0x00,

    /* Unicode: U+00DB */
    0x00, 0x00, 0x00, 0x00, 0x00, 0x00, 0x00, 0x00, 0x00, 0x00, 0x00, 0x00,
    0x00, 0x00, 0x00, 0x00, 0x04, 0x74, 0x7F, 0x18, 0x00, 0x00, 0x00, 0x00,
    0x00, 0x00, 0x00, 0x02, 0xA6, 0xED, 0xD3, 0xD5, 0x14, 0x00, 0x00, 0x00,
    0x00, 0x00, 0x01, 0x9C, 0xE0, 0x28, 0x0D, 0xBA, 0xCF, 0x11, 0x00, 0x00,
    0x00, 0x00, 0x00, 0x00, 0x00, 0x00, 0x00, 0x00, 0x00, 0x00, 0x00, 0x00,
    0x38, 0xFF, 0x94, 0x00, 0x00, 0x00, 0x00, 0x00, 0x00, 0x50, 0xFF, 0x70,
    0x38, 0xFF, 0x94, 0x00, 0x00, 0x00, 0x00, 0x00, 0x00, 0x50, 0xFF, 0x70,
    0x38, 0xFF, 0x94, 0x00, 0x00, 0x00, 0x00, 0x00, 0x00, 0x50, 0xFF, 0x70,
    0x38, 0xFF, 0x94, 0x00, 0x00, 0x00, 0x00, 0x00, 0x00, 0x50, 0xFF, 0x70,
    0x38, 0xFF, 0x94, 0x00, 0x00, 0x00, 0x00, 0x00, 0x00, 0x50, 0xFF, 0x70,
    0x38, 0xFF, 0x94, 0x00, 0x00, 0x00, 0x00, 0x00, 0x00, 0x50, 0xFF, 0x70,
    0x38, 0xFF, 0x94, 0x00, 0x00, 0x00, 0x00, 0x00, 0x00, 0x50, 0xFF, 0x70,
    0x34, 0xFF, 0x97, 0x00, 0x00, 0x00, 0x00, 0x00, 0x00, 0x53, 0xFF, 0x6B,
    0x20, 0xFF, 0xAE, 0x00, 0x00, 0x00, 0x00, 0x00, 0x00, 0x6C, 0xFF, 0x57,
    0x00, 0xE9, 0xEC, 0x08, 0x00, 0x00, 0x00, 0x00, 0x00, 0xB3, 0xFF, 0x23,
    0x00, 0x84, 0xFF, 0x99, 0x03, 0x00, 0x00, 0x00, 0x5F, 0xFF, 0xBC, 0x00,
    0x00, 0x07, 0xC2, 0xFF, 0xDD, 0x9D, 0x97, 0xCA, 0xFF, 0xE3, 0x21, 0x00,
    0x00, 0x00, 0x06, 0x72, 0xCC, 0xF4, 0xF8, 0xD9, 0x8C, 0x15, 0x00, 0x00,
    0x00, 0x00, 0x00, 0x00, 0x00, 0x00, 0x00, 0x00, 0x00, 0x00, 0x00, 0x00,
    0x00, 0x00, 0x00, 0x00, 0x00, 0x00, 0x00, 0x00, 0x00, 0x00, 0x00, 0x00,
    0x00, 0x00, 0x00, 0x00, 0x00, 0x00, 0x00, 0x00, 0x00, 0x00, 0x00, 0x00,
    0x00, 0x00, 0x00, 0x00, 0x00, 0x00, 0x00, 0x00, 0x00, 0x00, 0x00, 0x00,
    0x00, 0x00, 0x00, 0x00, 0x00, 0x00, 0x00, 0x00, 0x00, 0x00, 0x00, 0x00,

    /* Unicode: U+00DC */
    0x00, 0x00, 0x00, 0x00, 0x00, 0x00, 0x00, 0x00, 0x00, 0x00, 0x00, 0x00,
    0x00, 0x00, 0x00, 0x00, 0x00, 0x00, 0x00, 0x00, 0x00, 0x00, 0x00, 0x00,
    0x00, 0x00, 0x00, 0x1C, 0x78, 0x13, 0x01, 0x6D, 0x3A, 0x00, 0x00, 0x00,
    0x00, 0x00, 0x00, 0x4D, 0xEA, 0x3B, 0x0B, 0xDF, 0x8A, 0x00, 0x00, 0x00,
    0x00, 0x00, 0x00, 0x00, 0x00, 0x00, 0x00, 0x00, 0x00, 0x00, 0x00, 0x00,
    0x38, 0xFF, 0x94, 0x00, 0x00, 0x00, 0x00, 0x00, 0x00, 0x50, 0xFF, 0x70,
    0x38, 0xFF, 0x94, 0x00, 0x00, 0x00, 0x00, 0x00, 0x00, 0x50, 0xFF, 0x70,
    0x38, 0xFF, 0x94, 0x00, 0x00, 0x00, 0x00, 0x00, 0x00, 0x50, 0xFF, 0x70,
    0x38, 0xFF, 0x94, 0x00, 0x00, 0x00, 0x00, 0x00, 0x00, 0x50, 0xFF, 0x70,
    0x38, 0xFF, 0x94, 0x00, 0x00, 0x00, 0x00, 0x00, 0x00, 0x50, 0xFF, 0x70,
    0x38, 0xFF, 0x94, 0x00, 0x00, 0x00, 0x00, 0x00, 0x00, 0x50, 0xFF, 0x70,
    0x38, 0xFF, 0x94, 0x00, 0x00, 0x00, 0x00, 0x00, 0x00, 0x50, 0xFF, 0x70,
    0x34, 0xFF, 0x97, 0x00, 0x00, 0x00, 0x00, 0x00, 0x00, 0x53, 0xFF, 0x6B,
    0x20, 0xFF, 0xAE, 0x00, 0x00, 0x00, 0x00, 0x00, 0x00, 0x6C, 0xFF, 0x57,
    0x00, 0xE9, 0xEC, 0x08, 0x00, 0x00, 0x00, 0x00, 0x00, 0xB3, 0xFF, 0x23,
    0x00, 0x84, 0xFF, 0x99, 0x03, 0x00, 0x00, 0x00, 0x5F, 0xFF, 0xBC, 0x00,
    0x00, 0x07, 0xC2, 0xFF, 0xDD, 0x9D, 0x97, 0xCA, 0xFF, 0xE3, 0x21, 0x00,
    0x00, 0x00, 0x06, 0x72, 0xCC, 0xF4, 0xF8, 0xD9, 0x8C, 0x15, 0x00, 0x00,
    0x00, 0x00, 0x00, 0x00, 0x00, 0x00, 0x00, 0x00, 0x00, 0x00, 0x00, 0x00,
    0x00, 0x00, 0x00, 0x00, 0x00, 0x00, 0x00, 0x00, 0x00, 0x00, 0x00, 0x00,
    0x00, 0x00, 0x00, 0x00, 0x00, 0x00, 0x00, 0x00, 0x00, 0x00, 0x00, 0x00,
    0x00, 0x00, 0x00, 0x00, 0x00, 0x00, 0x00, 0x00, 0x00, 0x00, 0x00, 0x00,
    0x00, 0x00, 0x00, 0x00, 0x00, 0x00, 0x00, 0x00, 0x00, 0x00, 0x00, 0x00,

    /* Unicode: U+00DD */
    0x00, 0x00, 0x00, 0x00, 0x00, 0x00, 0x00, 0x00, 0x00, 0x00, 0x00, 0x00, 0x00,
    0x00, 0x00, 0x00, 0x00, 0x00, 0x00, 0x00, 0x27, 0x80, 0x67, 0x01, 0x00, 0x00,
    0x00, 0x00, 0x00, 0x00, 0x00, 0x00, 0x25, 0xE5, 0xCE, 0x1C, 0x00, 0x00, 0x00,
    0x00, 0x00, 0x00, 0x00, 0x00, 0x22, 0xE3, 0xAB, 0x0A, 0x00, 0x00, 0x00, 0x00,
    0x00, 0x00, 0x00, 0x00, 0x00, 0x00, 0x00, 0x00, 0x00, 0x00, 0x00, 0x00, 0x00,
    0x01, 0xC7, 0xFB, 0x2A, 0x00, 0x00, 0x00, 0x00, 0x00, 0x00, 0x5B, 0xFF, 0x6C,
    0x00, 0x34, 0xFD, 0xBB, 0x00, 0x00, 0x00, 0x00, 0x00, 0x0B, 0xE4, 0xD3, 0x03,
    0x00, 0x00, 0x9C, 0xFF, 0x50, 0x00, 0x00, 0x00, 0x00, 0x87, 0xFF, 0x42, 0x00,
    0x00, 0x00, 0x15, 0xEF, 0xDD, 0x07, 0x00, 0x00, 0x23, 0xF8, 0xAC, 0x00, 0x00,
    0x00, 0x00, 0x00, 0x6F, 0xFF, 0x7A, 0x00, 0x00, 0xB2, 0xF7, 0x20, 0x00, 0x00,
    0x00, 0x00, 0x00, 0x04, 0xD4, 0xF4, 0x1B, 0x47, 0xFF, 0x81, 0x00, 0x00, 0x00,
    0x00, 0x00, 0x00, 0x00, 0x42, 0xFF, 0xA9, 0xD7, 0xE2, 0x0A, 0x00, 0x00, 0x00,
    0x00, 0x00, 0x00, 0x00, 0x00, 0xAB, 0xFF, 0xFF, 0x56, 0x00, 0x00, 0x00, 0x00,
    0x00, 0x00, 0x00, 0x00, 0x00, 0x25, 0xFF, 0xCF, 0x00, 0x00, 0x00, 0x00, 0x00,
    0x00, 0x00, 0x00, 0x00, 0x00, 0x10, 0xFF, 0xB8, 0x00, 0x00, 0x00, 0x00, 0x00,
    0x00, 0x00, 0x00, 0x00, 0x00, 0x10, 0xFF, 0xB8, 0x00, 0x00, 0x00, 0x00, 0x00,
    0x00, 0x00, 0x00, 0x00, 0x00, 0x10, 0xFF, 0xB8, 0x00, 0x00, 0x00, 0x00, 0x00,
    0x00, 0x00, 0x00, 0x00, 0x00, 0x10, 0xFF, 0xB8, 0x00, 0x00, 0x00, 0x00, 0x00,
    0x00, 0x00, 0x00, 0x00, 0x00, 0x00, 0x00, 0x00, 0x00, 0x00, 0x00, 0x00, 0x00,
    0x00, 0x00, 0x00, 0x00, 0x00, 0x00, 0x00, 0x00, 0x00, 0x00, 0x00, 0x00, 0x00,
    0x00, 0x00, 0x00, 0x00, 0x00, 0x00, 0x00, 0x00, 0x00, 0x00, 0x00, 0x00, 0x00,
    0x00, 0x00, 0x00, 0x00, 0x00, 0x00, 0x00, 0x00, 0x00, 0x00, 0x00, 0x00, 0x00,
    0x00, 0x00, 0x00, 0x00, 0x00, 0x00, 0x00, 0x00, 0x00, 0x00, 0x00, 0x00, 0x00,

    /* Unicode: U+00DE */
    0x00, 0x00, 0x00, 0x00, 0x00, 0x00, 0x00, 0x00, 0x00, 0x00, 0x00, 0x00,
    0x00, 0x00, 0x00, 0x00, 0x00, 0x00, 0x00, 0x00, 0x00, 0x00, 0x00, 0x00,
    0x00, 0x00, 0x00, 0x00, 0x00, 0x00, 0x00, 0x00, 0x00, 0x00, 0x00, 0x00,
    0x00, 0x00, 0x00, 0x00, 0x00, 0x00, 0x00, 0x00, 0x00, 0x00, 0x00, 0x00,
    0x00, 0x00, 0x00, 0x00, 0x00, 0x00, 0x00, 0x00, 0x00, 0x00, 0x00, 0x00,
    0x1C, 0xFF, 0xB0, 0x00, 0x00, 0x00, 0x00, 0x00, 0x00, 0x00, 0x00, 0x00,
    0x1C, 0xFF, 0xDD, 0x90, 0x90, 0x8F, 0x83, 0x5D, 0x12, 0x00, 0x00, 0x00,
    0x1C, 0xFF, 0xFF, 0xFF, 0xFF, 0xFF, 0xFF, 0xFF, 0xF6, 0x6D, 0x00, 0x00,
    0x1C, 0xFF, 0xB0, 0x00, 0x00, 0x01, 0x19, 0x57, 0xDE, 0xFF, 0x59, 0x00,
    0x1C, 0xFF, 0xB0, 0x00, 0x00, 0x00, 0x00, 0x00, 0x29, 0xFB, 0xD2, 0x00,
    0x1C, 0xFF, 0xB0, 0x00, 0x00, 0x00, 0x00, 0x00, 0x00, 0xD3, 0xFE, 0x05,
    0x1C, 0xFF, 0xB0, 0x00, 0x00, 0x00, 0x00, 0x00, 0x00, 0xD3, 0xFF, 0x05,
    0x1C, 0xFF, 0xB0, 0x00, 0x00, 0x00, 0x00, 0x00, 0x29, 0xFB, 0xD4, 0x00,
    0x1C, 0xFF, 0xB0, 0x00, 0x00, 0x01, 0x18, 0x56, 0xDE, 0xFF, 0x5C, 0x00,
    0x1C, 0xFF, 0xFF, 0xFF, 0xFF, 0xFF, 0xFF, 0xFF, 0xF7, 0x71, 0x00, 0x00,
    0x1C, 0xFF, 0xDD, 0x90, 0x90, 0x8F, 0x84, 0x5E, 0x14, 0x00, 0x00, 0x00,
    0x1C, 0xFF, 0xB0, 0x00, 0x00, 0x00, 0x00, 0x00, 0x00, 0x00, 0x00, 0x00,
    0x1C, 0xFF, 0xB0, 0x00, 0x00, 0x00, 0x00, 0x00, 0x00, 0x00, 0x00, 0x00,
    0x00, 0x00, 0x00, 0x00, 0x00, 0x00, 0x00, 0x00, 0x00, 0x00, 0x00, 0x00,
    0x00, 0x00, 0x00, 0x00, 0x00, 0x00, 0x00, 0x00, 0x00, 0x00, 0x00, 0x00,
    0x00, 0x00, 0x00, 0x00, 0x00, 0x00, 0x00, 0x00, 0x00, 0x00, 0x00, 0x00,
    0x00, 0x00, 0x00, 0x00, 0x00, 0x00, 0x00, 0x00, 0x00, 0x00, 0x00, 0x00,
    0x00, 0x00, 0x00, 0x00, 0x00, 0x00, 0x00, 0x00, 0x00, 0x00, 0x00, 0x00,

    /* Unicode: U+00DF */
    0x00, 0x00, 0x00, 0x00, 0x00, 0x00, 0x00, 0x00, 0x00, 0x00, 0x00,
    0x00, 0x00, 0x00, 0x00, 0x00, 0x00, 0x00, 0x00, 0x00, 0x00, 0x00,
    0x00, 0x00, 0x00, 0x00, 0x00, 0x00, 0x00, 0x00, 0x00, 0x00, 0x00,
    0x00, 0x00, 0x00, 0x00, 0x00, 0x00, 0x00, 0x00, 0x00, 0x00, 0x00,
    0x00, 0x00, 0x3B, 0xB4, 0xED, 0xF6, 0xD0, 0x6C, 0x02, 0x00, 0x00,
    0x00, 0x4D, 0xFC, 0xF3, 0xAC, 0x9C, 0xDA, 0xFF, 0x9A, 0x00, 0x00,
    0x02, 0xE4, 0xED, 0x21, 0x00, 0x00, 0x03, 0xBA, 0xFE, 0x23, 0x00,
    0x37, 0xFF, 0x88, 0x00, 0x00, 0x00, 0x00, 0x65, 0xFF, 0x4B, 0x00,
    0x54, 0xFF, 0x62, 0x00, 0x00, 0x00, 0x00, 0x8F, 0xFF, 0x2A, 0x00,
    0x5C, 0xFF, 0x5C, 0x00, 0x00, 0x19, 0x72, 0xFC, 0xAA, 0x00, 0x00,
    0x5C, 0xFF, 0x5C, 0x00, 0x3C, 0xFF, 0xFF, 0xF0, 0x39, 0x00, 0x00,
    0x5C, 0xFF, 0x5C, 0x00, 0x21, 0x90, 0xA9, 0xF0, 0xFE, 0x67, 0x00,
    0x5C, 0xFF, 0x5C, 0x00, 0x00, 0x00, 0x00, 0x13, 0xD8, 0xF6, 0x18,
    0x5C, 0xFF, 0x5C, 0x00, 0x00, 0x00, 0x00, 0x00, 0x6D, 0xFF, 0x50,
    0x5C, 0xFF, 0x5C, 0x00, 0x00, 0x00, 0x00, 0x00, 0x6B, 0xFF, 0x54,
    0x5C, 0xFF, 0x5C, 0x00, 0x00, 0x00, 0x00, 0x0D, 0xD1, 0xFC, 0x1D,
    0x5C, 0xFF, 0x5C, 0x00, 0x9B, 0x98, 0xA2, 0xE8, 0xFF, 0x89, 0x00,
    0x5C, 0xFF, 0x5C, 0x00, 0xCD, 0xF8, 0xF5, 0xCA, 0x61, 0x00, 0x00,
    0x00, 0x00, 0x00, 0x00, 0x00, 0x00, 0x00, 0x00, 0x00, 0x00, 0x00,
    0x00, 0x00, 0x00, 0x00, 0x00, 0x00, 0x00, 0x00, 0x00, 0x00, 0x00,
    0x00, 0x00, 0x00, 0x00, 0x00, 0x00, 0x00, 0x00, 0x00, 0x00, 0x00,
    0x00, 0x00, 0x00, 0x00, 0x00, 0x00, 0x00, 0x00, 0x00, 0x00, 0x00,
    0x00, 0x00, 0x00, 0x00, 0x00, 0x00, 0x00, 0x00, 0x00, 0x00, 0x00,

    /* Unicode: U+00E0 */
    0x00, 0x00, 0x00, 0x00, 0x00, 0x00, 0x00, 0x00, 0x00, 0x00,
    0x00, 0x00, 0x00, 0x00, 0x00, 0x00, 0x00, 0x00, 0x00, 0x00,
    0x00, 0x00, 0x00, 0x00, 0x00, 0x00, 0x00, 0x00, 0x00, 0x00,
    0x00, 0x00, 0x00, 0x00, 0x00, 0x00, 0x00, 0x00, 0x00, 0x00,
    0x00, 0x00, 0x5F, 0x80, 0x31, 0x00, 0x00, 0x00, 0x00, 0x00,
    0x00, 0x00, 0x15, 0xC2, 0xEE, 0x30, 0x00, 0x00, 0x00, 0x00,
    0x00, 0x00, 0x00, 0x06, 0x9C, 0xEC, 0x2D, 0x00, 0x00, 0x00,
    0x00, 0x00, 0x00, 0x00, 0x00, 0x00, 0x00, 0x00, 0x00, 0x00,
    0x00, 0x0D, 0x79, 0xCB, 0xF3, 0xF8, 0xD3, 0x6C, 0x01, 0x00,
    0x00, 0x9E, 0xFF, 0xC6, 0x98, 0xA3, 0xE8, 0xFF, 0x82, 0x00,
    0x00, 0x21, 0x35, 0x00, 0x00, 0x00, 0x0E, 0xDD, 0xF5, 0x07,
    0x00, 0x00, 0x00, 0x00, 0x00, 0x00, 0x00, 0x93, 0xFF, 0x2A,
    0x00, 0x0E, 0x93, 0xE2, 0xFB, 0xFF, 0xFF, 0xFF, 0xFF, 0x33,
    0x00, 0xA8, 0xFF, 0xCB, 0x98, 0x90, 0x90, 0xCB, 0xFF, 0x34,
    0x06, 0xFA, 0xC1, 0x00, 0x00, 0x00, 0x00, 0x8A, 0xFF, 0x34,
    0x05, 0xF9, 0xC6, 0x01, 0x00, 0x00, 0x1E, 0xE4, 0xFF, 0x34,
    0x00, 0xA0, 0xFF, 0xCF, 0x98, 0xAA, 0xF3, 0xDB, 0xFF, 0x34,
    0x00, 0x0A, 0x86, 0xDE, 0xF8, 0xDB, 0x73, 0x71, 0xFF, 0x34,
    0x00, 0x00, 0x00, 0x00, 0x00, 0x00, 0x00, 0x00, 0x00, 0x00,
    0x00, 0x00, 0x00, 0x00, 0x00, 0x00, 0x00, 0x00, 0x00, 0x00,
    0x00, 0x00, 0x00, 0x00, 0x00, 0x00, 0x00, 0x00, 0x00, 0x00,
    0x00, 0x00, 0x00, 0x00, 0x00, 0x00, 0x00, 0x00, 0x00, 0x00,
    0x00, 0x00, 0x00, 0x00, 0x00, 0x00, 0x00, 0x00, 0x00, 0x00,

    /* Unicode: U+00E1 */
    0x00, 0x00, 0x00, 0x00, 0x00, 0x00, 0x00, 0x00, 0x00, 0x00,
    0x00, 0x00, 0x00, 0x00, 0x00, 0x00, 0x00, 0x00, 0x00, 0x00,
    0x00, 0x00, 0x00, 0x00, 0x00, 0x00, 0x00, 0x00, 0x00, 0x00,
    0x00, 0x00, 0x00, 0x00, 0x00, 0x00, 0x00, 0x00, 0x00, 0x00,
    0x00, 0x00, 0x00, 0x00, 0x00, 0x02, 0x70, 0x7F, 0x1E, 0x00,
    0x00, 0x00, 0x00, 0x00, 0x02, 0xA1, 0xF7, 0x5B, 0x00, 0x00,
    0x00, 0x00, 0x00, 0x01, 0x9C, 0xE7, 0x37, 0x00, 0x00, 0x00,
    0x00, 0x00, 0x00, 0x00, 0x00, 0x00, 0x00, 0x00, 0x00, 0x00,
    0x00, 0x0D, 0x79, 0xCB, 0xF3, 0xF8, 0xD3, 0x6C, 0x01, 0x00,
    0x00, 0x9E, 0xFF, 0xC6, 0x98, 0xA3, 0xE8, 0xFF, 0x82, 0x00,
    0x00, 0x21, 0x35, 0x00, 0x00, 0x00, 0x0E, 0xDD, 0xF5, 0x07,
    0x00, 0x00, 0x00, 0x00, 0x00, 0x00, 0x00, 0x93, 0xFF, 0x2A,
    0x00, 0x0E, 0x93, 0xE2, 0xFB, 0xFF, 0xFF, 0xFF, 0xFF, 0x33,
    0x00, 0xA8, 0xFF, 0xCB, 0x98, 0x90, 0x90, 0xCB, 0xFF, 0x34,
    0x06, 0xFA, 0xC1, 0x00, 0x00, 0x00, 0x00, 0x8A, 0xFF, 0x34,
    0x05, 0xF9, 0xC6, 0x01, 0x00, 0x00, 0x1E, 0xE4, 0xFF, 0x34,
    0x00, 0xA0, 0xFF, 0xCF, 0x98, 0xAA, 0xF3, 0xDB, 0xFF, 0x34,
    0x00, 0x0A, 0x86, 0xDE, 0xF8, 0xDB, 0x73, 0x71, 0xFF, 0x34,
    0x00, 0x00, 0x00, 0x00, 0x00, 0x00, 0x00, 0x00, 0x00, 0x00,
    0x00, 0x00, 0x00, 0x00, 0x00, 0x00, 0x00, 0x00, 0x00, 0x00,
    0x00, 0x00, 0x00, 0x00, 0x00, 0x00, 0x00, 0x00, 0x00, 0x00,
    0x00, 0x00, 0x00, 0x00, 0x00, 0x00, 0x00, 0x00, 0x00, 0x00,
    0x00, 0x00, 0x00, 0x00, 0x00, 0x00, 0x00, 0x00, 0x00, 0x00,

    /* Unicode: U+00E2 */
    0x00, 0x00, 0x00, 0x00, 0x00, 0x00, 0x00, 0x00, 0x00, 0x00,
    0x00, 0x00, 0x00, 0x00, 0x00, 0x00, 0x00, 0x00, 0x00, 0x00,
    0x00, 0x00, 0x00, 0x00, 0x00, 0x00, 0x00, 0x00, 0x00, 0x00,
    0x00, 0x00, 0x00, 0x00, 0x00, 0x00, 0x00, 0x00, 0x00, 0x00,
    0x00, 0x00, 0x00, 0x00, 0x69, 0x80, 0x26, 0x00, 0x00, 0x00,
    0x00, 0x00, 0x00, 0x8C, 0xF7, 0xCD, 0xE4, 0x21, 0x00, 0x00,
    0x00, 0x00, 0x82, 0xEC, 0x39, 0x07, 0xA6, 0xDF, 0x1D, 0x00,
    0x00, 0x00, 0x00, 0x00, 0x00, 0x00, 0x00, 0x00, 0x00, 0x00,
    0x00, 0x0D, 0x79, 0xCB, 0xF3, 0xF8, 0xD3, 0x6C, 0x01, 0x00,
    0x00, 0x9E, 0xFF, 0xC6, 0x98, 0xA3, 0xE8, 0xFF, 0x82, 0x00,
    0x00, 0x21, 0x35, 0x00, 0x00, 0x00, 0x0E, 0xDD, 0xF5, 0x07,
    0x00, 0x00, 0x00, 0x00, 0x00, 0x00, 0x00, 0x93, 0xFF, 0x2A,
    0x00, 0x0E, 0x93, 0xE2, 0xFB, 0xFF, 0xFF, 0xFF, 0xFF, 0x33,
    0x00, 0xA8, 0xFF, 0xCB, 0x98, 0x90, 0x90, 0xCB, 0xFF, 0x34,
    0x06, 0xFA, 0xC1, 0x00, 0x00, 0x00, 0x00, 0x8A, 0xFF, 0x34,
    0x05, 0xF9, 0xC6, 0x01, 0x00, 0x00, 0x1E, 0xE4, 0xFF, 0x34,
    0x00, 0xA0, 0xFF, 0xCF, 0x98, 0xAA, 0xF3, 0xDB, 0xFF, 0x34,
    0x00, 0x0A, 0x86, 0xDE, 0xF8, 0xDB, 0x73, 0x71, 0xFF, 0x34,
    0x00, 0x00, 0x00, 0x00, 0x00, 0x00, 0x00, 0x00, 0x00, 0x00,
    0x00, 0x00, 0x00, 0x00, 0x00, 0x00, 0x00, 0x00, 0x00, 0x00,
    0x00, 0x00, 0x00, 0x00, 0x00, 0x00, 0x00, 0x00, 0x00, 0x00,
    0x00, 0x00, 0x00, 0x00, 0x00, 0x00, 0x00, 0x00, 0x00, 0x00,
    0x00, 0x00, 0x00, 0x00, 0x00, 0x00, 0x00, 0x00, 0x00, 0x00,

    /* Unicode: U+00E3 */
    0x00, 0x00, 0x00, 0x00, 0x00, 0x00, 0x00, 0x00, 0x00, 0x00,
    0x00, 0x00, 0x00, 0x00, 0x00, 0x00, 0x00, 0x00, 0x00, 0x00,
    0x00, 0x00, 0x00, 0x00, 0x00, 0x00, 0x00, 0x00, 0x00, 0x00,
    0x00, 0x00, 0x00, 0x00, 0x00, 0x00, 0x00, 0x00, 0x00, 0x00,
    0x00, 0x00, 0x02, 0x6A, 0x71, 0x0D, 0x00, 0x75, 0x20, 0x00,
    0x00, 0x00, 0x6F, 0xC8, 0xAB, 0xE6, 0xA2, 0xFA, 0x17, 0x00,
    0x00, 0x00, 0xB7, 0x42, 0x01, 0x86, 0xEE, 0x7F, 0x00, 0x00,
    0x00, 0x00, 0x00, 0x00, 0x00, 0x00, 0x00, 0x00, 0x00, 0x00,
    0x00, 0x0D, 0x79, 0xCB, 0xF3, 0xF8, 0xD3, 0x6C, 0x01, 0x00,
    0x00, 0x9E, 0xFF, 0xC6, 0x98, 0xA3, 0xE8, 0xFF, 0x82, 0x00,
    0x00, 0x21, 0x35, 0x00, 0x00, 0x00, 0x0E, 0xDD, 0xF5, 0x07,
    0x00, 0x00, 0x00, 0x00, 0x00, 0x00, 0x00, 0x93, 0xFF, 0x2A,
    0x00, 0x0E, 0x93, 0xE2, 0xFB, 0xFF, 0xFF, 0xFF, 0xFF, 0x33,
    0x00, 0xA8, 0xFF, 0xCB, 0x98, 0x90, 0x90, 0xCB, 0xFF, 0x34,
    0x06, 0xFA, 0xC1, 0x00, 0x00, 0x00, 0x00, 0x8A, 0xFF, 0x34,
    0x05, 0xF9, 0xC6, 0x01, 0x00, 0x00, 0x1E, 0xE4, 0xFF, 0x34,
    0x00, 0xA0, 0xFF, 0xCF, 0x98, 0xAA, 0xF3, 0xDB, 0xFF, 0x34,
    0x00, 0x0A, 0x86, 0xDE, 0xF8, 0xDB, 0x73, 0x71, 0xFF, 0x34,
    0x00, 0x00, 0x00, 0x00, 0x00, 0x00, 0x00, 0x00, 0x00, 0x00,
    0x00, 0x00, 0x00, 0x00, 0x00, 0x00, 0x00, 0x00, 0x00, 0x00,
    0x00, 0x00, 0x00, 0x00, 0x00, 0x00, 0x00, 0x00, 0x00, 0x00,
    0x00, 0x00, 0x00, 0x00, 0x00, 0x00, 0x00, 0x00, 0x00, 0x00,
    0x00, 0x00, 0x00, 0x00, 0x00, 0x00, 0x00, 0x00, 0x00, 0x00,

    /* Unicode: U+00E4 */
    0x00, 0x00, 0x00, 0x00, 0x00, 0x00, 0x00, 0x00, 0x00, 0x00,
    0x00, 0x00, 0x00, 0x00, 0x00, 0x00, 0x00, 0x00, 0x00, 0x00,
    0x00, 0x00, 0x00, 0x00, 0x00, 0x00, 0x00, 0x00, 0x00, 0x00,
    0x00, 0x00, 0x00, 0x00, 0x00, 0x00, 0x00, 0x00, 0x00, 0x00,
    0x00, 0x00, 0x11, 0x78, 0x1E, 0x00, 0x60, 0x48, 0x00, 0x00,
    0x00, 0x00, 0x36, 0xE9, 0x53, 0x00, 0xCF, 0xA4, 0x00, 0x00,
    0x00, 0x00, 0x00, 0x00, 0x00, 0x00, 0x00, 0x00, 0x00, 0x00,
    0x00, 0x00, 0x00, 0x00, 0x00, 0x00, 0x00, 0x00, 0x00, 0x00,
    0x00, 0x0D, 0x79, 0xCB, 0xF3, 0xF8, 0xD3, 0x6C, 0x01, 0x00,
    0x00, 0x9E, 0xFF, 0xC6, 0x98, 0xA3, 0xE8, 0xFF, 0x82, 0x00,
    0x00, 0x21, 0x35, 0x00, 0x00, 0x00, 0x0E, 0xDD, 0xF5, 0x07,
    0x00, 0x00, 0x00, 0x00, 0x00, 0x00, 0x00, 0x93, 0xFF, 0x2A,
    0x00, 0x0E, 0x93, 0xE2, 0xFB, 0xFF, 0xFF, 0xFF, 0xFF, 0x33,
    0x00, 0xA8, 0xFF, 0xCB, 0x98, 0x90, 0x90, 0xCB, 0xFF, 0x34,
    0x06, 0xFA, 0xC1, 0x00, 0x00, 0x00, 0x00, 0x8A, 0xFF, 0x34,
    0x05, 0xF9, 0xC6, 0x01, 0x00, 0x00, 0x1E, 0xE4, 0xFF, 0x34,
    0x00, 0xA0, 0xFF, 0xCF, 0x98, 0xAA, 0xF3, 0xDB, 0xFF, 0x34,
    0x00, 0x0A, 0x86, 0xDE, 0xF8, 0xDB, 0x73, 0x71, 0xFF, 0x34,
    0x00, 0x00, 0x00, 0x00, 0x00, 0x00, 0x00, 0x00, 0x00, 0x00,
    0x00, 0x00, 0x00, 0x00, 0x00, 0x00, 0x00, 0x00, 0x00, 0x00,
    0x00, 0x00, 0x00, 0x00, 0x00, 0x00, 0x00, 0x00, 0x00, 0x00,
    0x00, 0x00, 0x00, 0x00, 0x00, 0x00, 0x00, 0x00, 0x00, 0x00,
    0x00, 0x00, 0x00, 0x00, 0x00, 0x00, 0x00, 0x00, 0x00, 0x00,

    /* Unicode: U+00E5 */
    0x00, 0x00, 0x00, 0x00, 0x00, 0x00, 0x00, 0x00, 0x00, 0x00,
    0x00, 0x00, 0x00, 0x00, 0x00, 0x00, 0x00, 0x00, 0x00, 0x00,
    0x00, 0x00, 0x00, 0x00, 0x57, 0x7D, 0x17, 0x00, 0x00, 0x00,
    0x00, 0x00, 0x00, 0x64, 0xFF, 0xFF, 0xD5, 0x04, 0x00, 0x00,
    0x00, 0x00, 0x00, 0xB3, 0x43, 0x14, 0xBF, 0x2A, 0x00, 0x00,
    0x00, 0x00, 0x00, 0x98, 0xC6, 0xA3, 0xEE, 0x14, 0x00, 0x00,
    0x00, 0x00, 0x00, 0x1C, 0xCA, 0xEE, 0x69, 0x00, 0x00, 0x00,
    0x00, 0x00, 0x00, 0x00, 0x00, 0x00, 0x00, 0x00, 0x00, 0x00,
    0x00, 0x0D, 0x79, 0xCB, 0xF3, 0xF8, 0xD3, 0x6C, 0x01, 0x00,
    0x00, 0x9E, 0xFF, 0xC6, 0x98, 0xA3, 0xE8, 0xFF, 0x82, 0x00,
    0x00, 0x21, 0x35, 0x00, 0x00, 0x00, 0x0E, 0xDD, 0xF5, 0x07,
    0x00, 0x00, 0x00, 0x00, 0x00, 0x00, 0x00, 0x93, 0xFF, 0x2A,
    0x00, 0x0E, 0x93, 0xE2, 0xFB, 0xFF, 0xFF, 0xFF, 0xFF, 0x33,
    0x00, 0xA8, 0xFF, 0xCB, 0x98, 0x90, 0x90, 0xCB, 0xFF, 0x34,
    0x06, 0xFA, 0xC1, 0x00, 0x00, 0x00, 0x00, 0x8A, 0xFF, 0x34,
    0x05, 0xF9, 0xC6, 0x01, 0x00, 0x00, 0x1E, 0xE4, 0xFF, 0x34,
    0x00, 0xA0, 0xFF, 0xCF, 0x98, 0xAA, 0xF3, 0xDB, 0xFF, 0x34,
    0x00, 0x0A, 0x86, 0xDE, 0xF8, 0xDB, 0x73, 0x71, 0xFF, 0x34,
    0x00, 0x00, 0x00, 0x00, 0x00, 0x00, 0x00, 0x00, 0x00, 0x00,
    0x00, 0x00, 0x00, 0x00, 0x00, 0x00, 0x00, 0x00, 0x00, 0x00,
    0x00, 0x00, 0x00, 0x00, 0x00, 0x00, 0x00, 0x00, 0x00, 0x00,
    0x00, 0x00, 0x00, 0x00, 0x00, 0x00, 0x00, 0x00, 0x00, 0x00,
    0x00, 0x00, 0x00, 0x00, 0x00, 0x00, 0x00, 0x00, 0x00, 0x00,

    /* Unicode: U+00E6 */
    0x00, 0x00, 0x00, 0x00, 0x00, 0x00, 0x00, 0x00, 0x00, 0x00, 0x00, 0x00, 0x00, 0x00, 0x00, 0x00, 0x00, 0x00,
    0x00, 0x00, 0x00, 0x00, 0x00, 0x00, 0x00, 0x00, 0x00, 0x00, 0x00, 0x00, 0x00, 0x00, 0x00, 0x00, 0x00, 0x00,
    0x00, 0x00, 0x00, 0x00, 0x00, 0x00, 0x00, 0x00, 0x00, 0x00, 0x00, 0x00, 0x00, 0x00, 0x00, 0x00, 0x00, 0x00,
    0x00, 0x00, 0x00, 0x00, 0x00, 0x00, 0x00, 0x00, 0x00, 0x00, 0x00, 0x00, 0x00, 0x00, 0x00, 0x00, 0x00, 0x00,
    0x00, 0x00, 0x00, 0x00, 0x00, 0x00, 0x00, 0x00, 0x00, 0x00, 0x00, 0x00, 0x00, 0x00, 0x00, 0x00, 0x00, 0x00,
    0x00, 0x00, 0x00, 0x00, 0x00, 0x00, 0x00, 0x00, 0x00, 0x00, 0x00, 0x00, 0x00, 0x00, 0x00, 0x00, 0x00, 0x00,
    0x00, 0x00, 0x00, 0x00, 0x00, 0x00, 0x00, 0x00, 0x00, 0x00, 0x00, 0x00, 0x00, 0x00, 0x00, 0x00, 0x00, 0x00,
    0x00, 0x00, 0x00, 0x00, 0x00, 0x00, 0x00, 0x00, 0x00, 0x00, 0x00, 0x00, 0x00, 0x00, 0x00, 0x00, 0x00, 0x00,
    0x00, 0x0D, 0x79, 0xCB, 0xF4, 0xF6, 0xD0, 0x67, 0x00, 0x1F, 0xA0, 0xE8, 0xF6, 0xD2, 0x71, 0x03, 0x00, 0x00,
    0x00, 0x9E, 0xFF, 0xC6, 0x98, 0xA2, 0xE7, 0xFF, 0x96, 0xEE, 0xF8, 0xB0, 0x9B, 0xD0, 0xFF, 0xB7, 0x03, 0x00,
    0x00, 0x21, 0x35, 0x00, 0x00, 0x00, 0x0D, 0xDC, 0xFF, 0xE3, 0x22, 0x00, 0x00, 0x00, 0x74, 0xFF, 0x6F, 0x00,
    0x00, 0x00, 0x00, 0x00, 0x00, 0x00, 0x00, 0x92, 0xFF, 0x65, 0x00, 0x00, 0x00, 0x00, 0x00, 0xD5, 0xD4, 0x00,
    0x00, 0x0F, 0x96, 0xE3, 0xFB, 0xFF, 0xFF, 0xFF, 0xFF, 0xFF, 0xFF, 0xFF, 0xFF, 0xFF, 0xFF, 0xFF, 0xFB, 0x02,
    0x00, 0xAC, 0xFF, 0xC9, 0x97, 0x90, 0x90, 0xCB, 0xFF, 0xAF, 0x90, 0x90, 0x90, 0x90, 0x90, 0x90, 0x8F, 0x02,
    0x07, 0xFB, 0xBE, 0x00, 0x00, 0x00, 0x00, 0x9A, 0xFF, 0x81, 0x00, 0x00, 0x00, 0x00, 0x00, 0x00, 0x00, 0x00,
    0x03, 0xF6, 0xC9, 0x02, 0x00, 0x00, 0x1E, 0xEA, 0xFF, 0xF7, 0x43, 0x00, 0x00, 0x00, 0x16, 0x74, 0x00, 0x00,
    0x00, 0x97, 0xFF, 0xD0, 0x98, 0xAA, 0xF4, 0xEE, 0x54, 0xF1, 0xFF, 0xC2, 0x99, 0xAA, 0xF2, 0xF8, 0x28, 0x00,
    0x00, 0x07, 0x7D, 0xD9, 0xF7, 0xE8, 0xA4, 0x22, 0x00, 0x1F, 0x9A, 0xE1, 0xF9, 0xEA, 0xAB, 0x30, 0x00, 0x00,
    0x00, 0x00, 0x00, 0x00, 0x00, 0x00, 0x00, 0x00, 0x00, 0x00, 0x00, 0x00, 0x00, 0x00, 0x00, 0x00, 0x00, 0x00,
    0x00, 0x00, 0x00, 0x00, 0x00, 0x00, 0x00, 0x00, 0x00, 0x00, 0x00, 0x00, 0x00, 0x00, 0x00, 0x00, 0x00, 0x00,
    0x00, 0x00, 0x00, 0x00, 0x00, 0x00, 0x00, 0x00, 0x00, 0x00, 0x00, 0x00, 0x00, 0x00, 0x00, 0x00, 0x00, 0x00,
    0x00, 0x00, 0x00, 0x00, 0x00, 0x00, 0x00, 0x00, 0x00, 0x00, 0x00, 0x00, 0x00, 0x00, 0x00, 0x00, 0x00, 0x00,
    0x00, 0x00, 0x00, 0x00, 0x00, 0x00, 0x00, 0x00, 0x00, 0x00, 0x00, 0x00, 0x00, 0x00, 0x00, 0x00, 0x00, 0x00,

    /* Unicode: U+00E7 */
    0x00, 0x00, 0x00, 0x00, 0x00, 0x00, 0x00, 0x00, 0x00, 0x00,
    0x00, 0x00, 0x00, 0x00, 0x00, 0x00, 0x00, 0x00, 0x00, 0x00,
    0x00, 0x00, 0x00, 0x00, 0x00, 0x00, 0x00, 0x00, 0x00, 0x00,
    0x00, 0x00, 0x00, 0x00, 0x00, 0x00, 0x00, 0x00, 0x00, 0x00,
    0x00, 0x00, 0x00, 0x00, 0x00, 0x00, 0x00, 0x00, 0x00, 0x00,
    0x00, 0x00, 0x00, 0x00, 0x00, 0x00, 0x00, 0x00, 0x00, 0x00,
    0x00, 0x00, 0x00, 0x00, 0x00, 0x00, 0x00, 0x00, 0x00, 0x00,
    0x00, 0x00, 0x00, 0x00, 0x00, 0x00, 0x00, 0x00, 0x00, 0x00,
    0x00, 0x00, 0x08, 0x79, 0xD3, 0xF5, 0xEA, 0xAA, 0x29, 0x00,
    0x00, 0x0D, 0xCD, 0xFF, 0xD3, 0x9A, 0xAD, 0xF8, 0xF4, 0x32,
    0x00, 0x9C, 0xFF, 0x7F, 0x00, 0x00, 0x00, 0x2C, 0xD7, 0x49,
    0x0D, 0xF7, 0xCF, 0x00, 0x00, 0x00, 0x00, 0x00, 0x01, 0x00,
    0x31, 0xFF, 0x8D, 0x00, 0x00, 0x00, 0x00, 0x00, 0x00, 0x00,
    0x31, 0xFF, 0x8E, 0x00, 0x00, 0x00, 0x00, 0x00, 0x00, 0x00,
    0x0C, 0xF7, 0xCF, 0x00, 0x00, 0x00, 0x00, 0x00, 0x00, 0x00,
    0x00, 0x9B, 0xFF, 0x7D, 0x00, 0x00, 0x00, 0x20, 0xB7, 0x35,
    0x00, 0x0D, 0xCC, 0xFF, 0xD2, 0x99, 0xA9, 0xF3, 0xFA, 0x40,
    0x00, 0x00, 0x08, 0x79, 0xD3, 0xF6, 0xED, 0xB1, 0x33, 0x00,
    0x00, 0x00, 0x00, 0x00, 0x42, 0xC0, 0x00, 0x00, 0x00, 0x00,
    0x00, 0x00, 0x00, 0x00, 0x45, 0xAF, 0xBD, 0x04, 0x00, 0x00,
    0x00, 0x00, 0x00, 0x4C, 0xA1, 0xB1, 0xFF, 0x1D, 0x00, 0x00,
    0x00, 0x00, 0x00, 0x5F, 0xEB, 0xEE, 0x8A, 0x00, 0x00, 0x00,
    0x00, 0x00, 0x00, 0x00, 0x00, 0x00, 0x00, 0x00, 0x00, 0x00,

    /* Unicode: U+00E8 */
    0x00, 0x00, 0x00, 0x00, 0x00, 0x00, 0x00, 0x00, 0x00, 0x00, 0x00,
    0x00, 0x00, 0x00, 0x00, 0x00, 0x00, 0x00, 0x00, 0x00, 0x00, 0x00,
    0x00, 0x00, 0x00, 0x00, 0x00, 0x00, 0x00, 0x00, 0x00, 0x00, 0x00,
    0x00, 0x00, 0x00, 0x00, 0x00, 0x00, 0x00, 0x00, 0x00, 0x00, 0x00,
    0x00, 0x00, 0x3B, 0x80, 0x55, 0x00, 0x00, 0x00, 0x00, 0x00, 0x00,
    0x00, 0x00, 0x02, 0x8D, 0xFE, 0x67, 0x00, 0x00, 0x00, 0x00, 0x00,
    0x00, 0x00, 0x00, 0x00, 0x61, 0xF7, 0x63, 0x00, 0x00, 0x00, 0x00,
    0x00, 0x00, 0x00, 0x00, 0x00, 0x00, 0x00, 0x00, 0x00, 0x00, 0x00,
    0x00, 0x00, 0x0E, 0x88, 0xDC, 0xF7, 0xE0, 0x8E, 0x11, 0x00, 0x00,
    0x00, 0x11, 0xD7, 0xFF, 0xBF, 0x99, 0xBA, 0xFE, 0xDE, 0x16, 0x00,
    0x00, 0xA0, 0xFA, 0x47, 0x00, 0x00, 0x00, 0x3E, 0xF6, 0xA7, 0x00,
    0x0D, 0xF8, 0xA4, 0x00, 0x00, 0x00, 0x00, 0x00, 0x8F, 0xFA, 0x10,
    0x31, 0xFF, 0xFF, 0xFF, 0xFF, 0xFF, 0xFF, 0xFF, 0xFF, 0xFF, 0x34,
    0x31, 0xFF, 0xCD, 0x90, 0x90, 0x90, 0x90, 0x90, 0x90, 0x90, 0x23,
    0x0C, 0xF7, 0xC7, 0x00, 0x00, 0x00, 0x00, 0x00, 0x00, 0x00, 0x00,
    0x00, 0x9B, 0xFF, 0x7F, 0x02, 0x00, 0x00, 0x05, 0x79, 0x0E, 0x00,
    0x00, 0x0E, 0xCD, 0xFF, 0xD9, 0xA0, 0x9E, 0xE1, 0xFF, 0x63, 0x00,
    0x00, 0x00, 0x07, 0x77, 0xD0, 0xF4, 0xF2, 0xC1, 0x54, 0x00, 0x00,
    0x00, 0x00, 0x00, 0x00, 0x00, 0x00, 0x00, 0x00, 0x00, 0x00, 0x00,
    0x00, 0x00, 0x00, 0x00, 0x00, 0x00, 0x00, 0x00, 0x00, 0x00, 0x00,
    0x00, 0x00, 0x00, 0x00, 0x00, 0x00, 0x00, 0x00, 0x00, 0x00, 0x00,
    0x00, 0x00, 0x00, 0x00, 0x00, 0x00, 0x00, 0x00, 0x00, 0x00, 0x00,
    0x00, 0x00, 0x00, 0x00, 0x00, 0x00, 0x00, 0x00, 0x00, 0x00, 0x00,

    /* Unicode: U+00E9 */
    0x00, 0x00, 0x00, 0x00, 0x00, 0x00, 0x00, 0x00, 0x00, 0x00, 0x00,
    0x00, 0x00, 0x00, 0x00, 0x00, 0x00, 0x00, 0x00, 0x00, 0x00, 0x00,
    0x00, 0x00, 0x00, 0x00, 0x00, 0x00, 0x00, 0x00, 0x00, 0x00, 0x00,
    0x00, 0x00, 0x00, 0x00, 0x00, 0x00, 0x00, 0x00, 0x00, 0x00, 0x00,
    0x00, 0x00, 0x00, 0x00, 0x00, 0x00, 0x4F, 0x80, 0x41, 0x00, 0x00,
    0x00, 0x00, 0x00, 0x00, 0x00, 0x5D, 0xFD, 0x96, 0x04, 0x00, 0x00,
    0x00, 0x00, 0x00, 0x00, 0x59, 0xF8, 0x6B, 0x00, 0x00, 0x00, 0x00,
    0x00, 0x00, 0x00, 0x00, 0x00, 0x00, 0x00, 0x00, 0x00, 0x00, 0x00,
    0x00, 0x00, 0x0E, 0x88, 0xDC, 0xF7, 0xE0, 0x8E, 0x11, 0x00, 0x00,
    0x00, 0x11, 0xD7, 0xFF, 0xBF, 0x99, 0xBA, 0xFE, 0xDE, 0x16, 0x00,
    0x00, 0xA0, 0xFA, 0x47, 0x00, 0x00, 0x00, 0x3E, 0xF6, 0xA7, 0x00,
    0x0D, 0xF8, 0xA4, 0x00, 0x00, 0x00, 0x00, 0x00, 0x8F, 0xFA, 0x10,
    0x31, 0xFF, 0xFF, 0xFF, 0xFF, 0xFF, 0xFF, 0xFF, 0xFF, 0xFF, 0x34,
    0x31, 0xFF, 0xCD, 0x90, 0x90, 0x90, 0x90, 0x90, 0x90, 0x90, 0x23,
    0x0C, 0xF7, 0xC7, 0x00, 0x00, 0x00, 0x00, 0x00, 0x00, 0x00, 0x00,
    0x00, 0x9B, 0xFF, 0x7F, 0x02, 0x00, 0x00, 0x05, 0x79, 0x0E, 0x00,
    0x00, 0x0E, 0xCD, 0xFF, 0xD9, 0xA0, 0x9E, 0xE1, 0xFF, 0x63, 0x00,
    0x00, 0x00, 0x07, 0x77, 0xD0, 0xF4, 0xF2, 0xC1, 0x54, 0x00, 0x00,
    0x00, 0x00, 0x00, 0x00, 0x00, 0x00, 0x00, 0x00, 0x00, 0x00, 0x00,
    0x00, 0x00, 0x00, 0x00, 0x00, 0x00, 0x00, 0x00, 0x00, 0x00, 0x00,
    0x00, 0x00, 0x00, 0x00, 0x00, 0x00, 0x00, 0x00, 0x00, 0x00, 0x00,
    0x00, 0x00, 0x00, 0x00, 0x00, 0x00, 0x00, 0x00, 0x00, 0x00, 0x00,
    0x00, 0x00, 0x00, 0x00, 0x00, 0x00, 0x00, 0x00, 0x00, 0x00, 0x00,

    /* Unicode: U+00EA */
    0x00, 0x00, 0x00, 0x00, 0x00, 0x00, 0x00, 0x00, 0x00, 0x00, 0x00,
    0x00, 0x00, 0x00, 0x00, 0x00, 0x00, 0x00, 0x00, 0x00, 0x00, 0x00,
    0x00, 0x00, 0x00, 0x00, 0x00, 0x00, 0x00, 0x00, 0x00, 0x00, 0x00,
    0x00, 0x00, 0x00, 0x00, 0x00, 0x00, 0x00, 0x00, 0x00, 0x00, 0x00,
    0x00, 0x00, 0x00, 0x00, 0x46, 0x80, 0x4A, 0x00, 0x00, 0x00, 0x00,
    0x00, 0x00, 0x00, 0x4A, 0xFA, 0xC4, 0xFB, 0x52, 0x00, 0x00, 0x00,
    0x00, 0x00, 0x42, 0xF5, 0x70, 0x00, 0x69, 0xF6, 0x4A, 0x00, 0x00,
    0x00, 0x00, 0x00, 0x00, 0x00, 0x00, 0x00, 0x00, 0x00, 0x00, 0x00,
    0x00, 0x00, 0x0E, 0x88, 0xDC, 0xF7, 0xE0, 0x8E, 0x11, 0x00, 0x00,
    0x00, 0x11, 0xD7, 0xFF, 0xBF, 0x99, 0xBA, 0xFE, 0xDE, 0x16, 0x00,
    0x00, 0xA0, 0xFA, 0x47, 0x00, 0x00, 0x00, 0x3E, 0xF6, 0xA7, 0x00,
    0x0D, 0xF8, 0xA4, 0x00, 0x00, 0x00, 0x00, 0x00, 0x8F, 0xFA, 0x10,
    0x31, 0xFF, 0xFF, 0xFF, 0xFF, 0xFF, 0xFF, 0xFF, 0xFF, 0xFF, 0x34,
    0x31, 0xFF, 0xCD, 0x90, 0x90, 0x90, 0x90, 0x90, 0x90, 0x90, 0x23,
    0x0C, 0xF7, 0xC7, 0x00, 0x00, 0x00, 0x00, 0x00, 0x00, 0x00, 0x00,
    0x00, 0x9B, 0xFF, 0x7F, 0x02, 0x00, 0x00, 0x05, 0x79, 0x0E, 0x00,
    0x00, 0x0E, 0xCD, 0xFF, 0xD9, 0xA0, 0x9E, 0xE1, 0xFF, 0x63, 0x00,
    0x00, 0x00, 0x07, 0x77, 0xD0, 0xF4, 0xF2, 0xC1, 0x54, 0x00, 0x00,
    0x00, 0x00, 0x00, 0x00, 0x00, 0x00, 0x00, 0x00, 0x00, 0x00, 0x00,
    0x00, 0x00, 0x00, 0x00, 0x00, 0x00, 0x00, 0x00, 0x00, 0x00, 0x00,
    0x00, 0x00, 0x00, 0x00, 0x00, 0x00, 0x00, 0x00, 0x00, 0x00, 0x00,
    0x00, 0x00, 0x00, 0x00, 0x00, 0x00, 0x00, 0x00, 0x00, 0x00, 0x00,
    0x00, 0x00, 0x00, 0x00, 0x00, 0x00, 0x00, 0x00, 0x00, 0x00, 0x00,

    /* Unicode: U+00EB */
    0x00, 0x00, 0x00, 0x00, 0x00, 0x00, 0x00, 0x00, 0x00, 0x00, 0x00,
    0x00, 0x00, 0x00, 0x00, 0x00, 0x00, 0x00, 0x00, 0x00, 0x00, 0x00,
    0x00, 0x00, 0x00, 0x00, 0x00, 0x00, 0x00, 0x00, 0x00, 0x00, 0x00,
    0x00, 0x00, 0x00, 0x00, 0x00, 0x00, 0x00, 0x00, 0x00, 0x00, 0x00,
    0x00, 0x00, 0x00, 0x68, 0x3E, 0x00, 0x3A, 0x6D, 0x01, 0x00, 0x00,
    0x00, 0x00, 0x04, 0xDB, 0x93, 0x00, 0x89, 0xDF, 0x0B, 0x00, 0x00,
    0x00, 0x00, 0x00, 0x00, 0x00, 0x00, 0x00, 0x00, 0x00, 0x00, 0x00,
    0x00, 0x00, 0x00, 0x00, 0x00, 0x00, 0x00, 0x00, 0x00, 0x00, 0x00,
    0x00, 0x00, 0x0E, 0x88, 0xDC, 0xF7, 0xE0, 0x8E, 0x11, 0x00, 0x00,
    0x00, 0x11, 0xD7, 0xFF, 0xBF, 0x99, 0xBA, 0xFE, 0xDE, 0x16, 0x00,
    0x00, 0xA0, 0xFA, 0x47, 0x00, 0x00, 0x00, 0x3E, 0xF6, 0xA7, 0x00,
    0x0D, 0xF8, 0xA4, 0x00, 0x00, 0x00, 0x00, 0x00, 0x8F, 0xFA, 0x10,
    0x31, 0xFF, 0xFF, 0xFF, 0xFF, 0xFF, 0xFF, 0xFF, 0xFF, 0xFF, 0x34,
    0x31, 0xFF, 0xCD, 0x90, 0x90, 0x90, 0x90, 0x90, 0x90, 0x90, 0x23,
    0x0C, 0xF7, 0xC7, 0x00, 0x00, 0x00, 0x00, 0x00, 0x00, 0x00, 0x00,
    0x00, 0x9B, 0xFF, 0x7F, 0x02, 0x00, 0x00, 0x05, 0x79, 0x0E, 0x00,
    0x00, 0x0E, 0xCD, 0xFF, 0xD9, 0xA0, 0x9E, 0xE1, 0xFF, 0x63, 0x00,
    0x00, 0x00, 0x07, 0x77, 0xD0, 0xF4, 0xF2, 0xC1, 0x54, 0x00, 0x00,
    0x00, 0x00, 0x00, 0x00, 0x00, 0x00, 0x00, 0x00, 0x00, 0x00, 0x00,
    0x00, 0x00, 0x00, 0x00, 0x00, 0x00, 0x00, 0x00, 0x00, 0x00, 0x00,
    0x00, 0x00, 0x00, 0x00, 0x00, 0x00, 0x00, 0x00, 0x00, 0x00, 0x00,
    0x00, 0x00, 0x00, 0x00, 0x00, 0x00, 0x00, 0x00, 0x00, 0x00, 0x00,
    0x00, 0x00, 0x00, 0x00, 0x00, 0x00, 0x00, 0x00, 0x00, 0x00, 0x00,

    /* Unicode: U+00EC */
    0x00, 0x00, 0x00, 0x00, 0x00,
    0x00, 0x00, 0x00, 0x00, 0x00,
    0x00, 0x00, 0x00, 0x00, 0x00,
    0x00, 0x00, 0x00, 0x00, 0x00,
    0x3D, 0x80, 0x53, 0x00, 0x00,
    0x03, 0x90, 0xFE, 0x64, 0x00,
    0x00, 0x00, 0x64, 0xF8, 0x60,
    0x00, 0x00, 0x00, 0x00, 0x00,
    0x00, 0x00, 0x5C, 0xFF, 0x5C,
    0x00, 0x00, 0x5C, 0xFF, 0x5C,
    0x00, 0x00, 0x5C, 0xFF, 0x5C,
    0x00, 0x00, 0x5C, 0xFF, 0x5C,
    0x00, 0x00, 0x5C, 0xFF, 0x5C,
    0x00, 0x00, 0x5C, 0xFF, 0x5C,
    0x00, 0x00, 0x5C, 0xFF, 0x5C,
    0x00, 0x00, 0x5C, 0xFF, 0x5C,
    0x00, 0x00, 0x5C, 0xFF, 0x5C,
    0x00, 0x00, 0x5C, 0xFF, 0x5C,
    0x00, 0x00, 0x00, 0x00, 0x00,
    0x00, 0x00, 0x00, 0x00, 0x00,
    0x00, 0x00, 0x00, 0x00, 0x00,
    0x00, 0x00, 0x00, 0x00, 0x00,
    0x00, 0x00, 0x00, 0x00, 0x00,

    /* Unicode: U+00ED */
    0x00, 0x00, 0x00, 0x00, 0x00,
    0x00, 0x00, 0x00, 0x00, 0x00,
    0x00, 0x00, 0x00, 0x00, 0x00,
    0x00, 0x00, 0x00, 0x00, 0x00,
    0x00, 0x00, 0x51, 0x80, 0x3F,
    0x00, 0x61, 0xFE, 0x94, 0x04,
    0x5C, 0xF8, 0x67, 0x00, 0x00,
    0x00, 0x00, 0x00, 0x00, 0x00,
    0x5C, 0xFF, 0x5C, 0x00, 0x00,
    0x5C, 0xFF, 0x5C, 0x00, 0x00,
    0x5C, 0xFF, 0x5C, 0x00, 0x00,
    0x5C, 0xFF, 0x5C, 0x00, 0x00,
    0x5C, 0xFF, 0x5C, 0x00, 0x00,
    0x5C, 0xFF, 0x5C, 0x00, 0x00,
    0x5C, 0xFF, 0x5C, 0x00, 0x00,
    0x5C, 0xFF, 0x5C, 0x00, 0x00,
    0x5C, 0xFF, 0x5C, 0x00, 0x00,
    0x5C, 0xFF, 0x5C, 0x00, 0x00,
    0x00, 0x00, 0x00, 0x00, 0x00,
    0x00, 0x00, 0x00, 0x00, 0x00,
    0x00, 0x00, 0x00, 0x00, 0x00,
    0x00, 0x00, 0x00, 0x00, 0x00,
    0x00, 0x00, 0x00, 0x00, 0x00,

    /* Unicode: U+00EE */
    0x00, 0x00, 0x00, 0x00, 0x00, 0x00, 0x00,
    0x00, 0x00, 0x00, 0x00, 0x00, 0x00, 0x00,
    0x00, 0x00, 0x00, 0x00, 0x00, 0x00, 0x00,
    0x00, 0x00, 0x00, 0x00, 0x00, 0x00, 0x00,
    0x00, 0x01, 0xB0, 0xFF, 0xB2, 0x01, 0x00,
    0x00, 0x7C, 0xEE, 0x59, 0xEF, 0x7F, 0x00,
    0x0B, 0x79, 0x34, 0x00, 0x35, 0x7A, 0x0C,
    0x00, 0x00, 0x00, 0x00, 0x00, 0x00, 0x00,
    0x00, 0x00, 0x5C, 0xFF, 0x5C, 0x00, 0x00,
    0x00, 0x00, 0x5C, 0xFF, 0x5C, 0x00, 0x00,
    0x00, 0x00, 0x5C, 0xFF, 0x5C, 0x00, 0x00,
    0x00, 0x00, 0x5C, 0xFF, 0x5C, 0x00, 0x00,
    0x00, 0x00, 0x5C, 0xFF, 0x5C, 0x00, 0x00,
    0x00, 0x00, 0x5C, 0xFF, 0x5C, 0x00, 0x00,
    0x00, 0x00, 0x5C, 0xFF, 0x5C, 0x00, 0x00,
    0x00, 0x00, 0x5C, 0xFF, 0x5C, 0x00, 0x00,
    0x00, 0x00, 0x5C, 0xFF, 0x5C, 0x00, 0x00,
    0x00, 0x00, 0x5C, 0xFF, 0x5C, 0x00, 0x00,
    0x00, 0x00, 0x00, 0x00, 0x00, 0x00, 0x00,
    0x00, 0x00, 0x00, 0x00, 0x00, 0x00, 0x00,
    0x00, 0x00, 0x00, 0x00, 0x00, 0x00, 0x00,
    0x00, 0x00, 0x00, 0x00, 0x00, 0x00, 0x00,
    0x00, 0x00, 0x00, 0x00, 0x00, 0x00, 0x00,

    /* Unicode: U+00EF */
    0x00, 0x00, 0x00, 0x00, 0x00,
    0x00, 0x00, 0x00, 0x00, 0x00,
    0x00, 0x00, 0x00, 0x00, 0x00,
    0x00, 0x00, 0x00, 0x00, 0x00,
    0x77, 0xDC, 0x0B, 0xDA, 0x7B,
    0x33, 0x6E, 0x00, 0x6C, 0x35,
    0x00, 0x00, 0x00, 0x00, 0x00,
    0x00, 0x00, 0x00, 0x00, 0x00,
    0x00, 0x5C, 0xFF, 0x5C, 0x00,
    0x00, 0x5C, 0xFF, 0x5C, 0x00,
    0x00, 0x5C, 0xFF, 0x5C, 0x00,
    0x00, 0x5C, 0xFF, 0x5C, 0x00,
    0x00, 0x5C, 0xFF, 0x5C, 0x00,
    0x00, 0x5C, 0xFF, 0x5C, 0x00,
    0x00, 0x5C, 0xFF, 0x5C, 0x00,
    0x00, 0x5C, 0xFF, 0x5C, 0x00,
    0x00, 0x5C, 0xFF, 0x5C, 0x00,
    0x00, 0x5C, 0xFF, 0x5C, 0x00,
    0x00, 0x00, 0x00, 0x00, 0x00,
    0x00, 0x00, 0x00, 0x00, 0x00,
    0x00, 0x00, 0x00, 0x00, 0x00,
    0x00, 0x00, 0x00, 0x00, 0x00,
    0x00, 0x00, 0x00, 0x00, 0x00,

    /* Unicode: U+00F0 */
    0x00, 0x00, 0x00, 0x00, 0x00, 0x00, 0x00, 0x00, 0x00, 0x00, 0x00,
    0x00, 0x00, 0x00, 0x00, 0x00, 0x00, 0x00, 0x00, 0x00, 0x00, 0x00,
    0x00, 0x00, 0x00, 0x00, 0x00, 0x00, 0x00, 0x00, 0x00, 0x00, 0x00,
    0x00, 0x00, 0x00, 0x00, 0x00, 0x00, 0x00, 0x00, 0x00, 0x00, 0x00,
    0x00, 0x33, 0xC4, 0xEC, 0xFB, 0xEB, 0xB6, 0x4F, 0x28, 0x70, 0x00,
    0x00, 0x2F, 0xDB, 0xA6, 0x95, 0xAE, 0xFC, 0xFF, 0xFF, 0xD8, 0x0B,
    0x00, 0x00, 0x00, 0x10, 0x70, 0xDA, 0xFD, 0xD6, 0xFF, 0x7D, 0x00,
    0x00, 0x00, 0x69, 0xF4, 0xEB, 0x89, 0x20, 0x04, 0xCA, 0xF7, 0x13,
    0x00, 0x00, 0x3C, 0x5E, 0x07, 0x00, 0x00, 0x00, 0x58, 0xFF, 0x67,
    0x00, 0x00, 0x00, 0x37, 0x78, 0x87, 0x62, 0x0F, 0x1B, 0xFF, 0x9D,
    0x00, 0x0C, 0xB3, 0xFF, 0xFF, 0xFF, 0xFF, 0xE9, 0x3C, 0xFF, 0xB7,
    0x00, 0xA2, 0xFF, 0xAA, 0x2B, 0x08, 0x2A, 0xAD, 0xE5, 0xFF, 0xBD,
    0x14, 0xFC, 0xCE, 0x03, 0x00, 0x00, 0x00, 0x03, 0xCE, 0xFF, 0xA9,
    0x36, 0xFF, 0x8D, 0x00, 0x00, 0x00, 0x00, 0x00, 0x86, 0xFF, 0x83,
    0x27, 0xFF, 0xA7, 0x00, 0x00, 0x00, 0x00, 0x00, 0xA4, 0xFF, 0x39,
    0x01, 0xDA, 0xFA, 0x3F, 0x00, 0x00, 0x00, 0x47, 0xFA, 0xBE, 0x00,
    0x00, 0x41, 0xF9, 0xFD, 0xB8, 0x97, 0xBD, 0xFE, 0xDD, 0x20, 0x00,
    0x00, 0x00, 0x2F, 0xAC, 0xEA, 0xF7, 0xD8, 0x86, 0x14, 0x00, 0x00,
    0x00, 0x00, 0x00, 0x00, 0x00, 0x00, 0x00, 0x00, 0x00, 0x00, 0x00,
    0x00, 0x00, 0x00, 0x00, 0x00, 0x00, 0x00, 0x00, 0x00, 0x00, 0x00,
    0x00, 0x00, 0x00, 0x00, 0x00, 0x00, 0x00, 0x00, 0x00, 0x00, 0x00,
    0x00, 0x00, 0x00, 0x00, 0x00, 0x00, 0x00, 0x00, 0x00, 0x00, 0x00,
    0x00, 0x00, 0x00, 0x00, 0x00, 0x00, 0x00, 0x00, 0x00, 0x00, 0x00,

    /* Unicode: U+00F1 */
    0x00, 0x00, 0x00, 0x00, 0x00, 0x00, 0x00, 0x00, 0x00, 0x00,
    0x00, 0x00, 0x00, 0x00, 0x00, 0x00, 0x00, 0x00, 0x00, 0x00,
    0x00, 0x00, 0x00, 0x00, 0x00, 0x00, 0x00, 0x00, 0x00, 0x00,
    0x00, 0x00, 0x00, 0x00, 0x00, 0x00, 0x00, 0x00, 0x00, 0x00,
    0x00, 0x00, 0x04, 0x70, 0x6B, 0x0A, 0x00, 0x7E, 0x17, 0x00,
    0x00, 0x00, 0x7F, 0xBF, 0xB3, 0xE1, 0xA6, 0xF7, 0x0C, 0x00,
    0x00, 0x00, 0xC7, 0x32, 0x03, 0x91, 0xEE, 0x71, 0x00, 0x00,
    0x00, 0x00, 0x00, 0x00, 0x00, 0x00, 0x00, 0x00, 0x00, 0x00,
    0x5C, 0xFF, 0x50, 0x75, 0xD5, 0xF8, 0xEB, 0xA3, 0x19, 0x00,
    0x5C, 0xFF, 0xDC, 0xFC, 0xB8, 0x9B, 0xCF, 0xFF, 0xDB, 0x0B,
    0x5C, 0xFF, 0xF9, 0x3A, 0x00, 0x00, 0x01, 0xA0, 0xFF, 0x68,
    0x5C, 0xFF, 0x9A, 0x00, 0x00, 0x00, 0x00, 0x2B, 0xFF, 0x9F,
    0x5C, 0xFF, 0x6A, 0x00, 0x00, 0x00, 0x00, 0x0B, 0xFF, 0xAF,
    0x5C, 0xFF, 0x5C, 0x00, 0x00, 0x00, 0x00, 0x08, 0xFF, 0xB0,
    0x5C, 0xFF, 0x5C, 0x00, 0x00, 0x00, 0x00, 0x08, 0xFF, 0xB0,
    0x5C, 0xFF, 0x5C, 0x00, 0x00, 0x00, 0x00, 0x08, 0xFF, 0xB0,
    0x5C, 0xFF, 0x5C, 0x00, 0x00, 0x00, 0x00, 0x08, 0xFF, 0xB0,
    0x5C, 0xFF, 0x5C, 0x00, 0x00, 0x00, 0x00, 0x08, 0xFF, 0xB0,
    0x00, 0x00, 0x00, 0x00, 0x00, 0x00, 0x00, 0x00, 0x00, 0x00,
    0x00, 0x00, 0x00, 0x00, 0x00, 0x00, 0x00, 0x00, 0x00, 0x00,
    0x00, 0x00, 0x00, 0x00, 0x00, 0x00, 0x00, 0x00, 0x00, 0x00,
    0x00, 0x00, 0x00, 0x00, 0x00, 0x00, 0x00, 0x00, 0x00, 0x00,
    0x00, 0x00, 0x00, 0x00, 0x00, 0x00, 0x00, 0x00, 0x00, 0x00,

    /* Unicode: U+00F2 */
    0x00, 0x00, 0x00, 0x00, 0x00, 0x00, 0x00, 0x00, 0x00, 0x00, 0x00,
    0x00, 0x00, 0x00, 0x00, 0x00, 0x00, 0x00, 0x00, 0x00, 0x00, 0x00,
    0x00, 0x00, 0x00, 0x00, 0x00, 0x00, 0x00, 0x00, 0x00, 0x00, 0x00,
    0x00, 0x00, 0x00, 0x00, 0x00, 0x00, 0x00, 0x00, 0x00, 0x00, 0x00,
    0x00, 0x00, 0x23, 0x7F, 0x6C, 0x01, 0x00, 0x00, 0x00, 0x00, 0x00,
    0x00, 0x00, 0x00, 0x65, 0xFA, 0x95, 0x00, 0x00, 0x00, 0x00, 0x00,
    0x00, 0x00, 0x00, 0x00, 0x3F, 0xEB, 0x91, 0x00, 0x00, 0x00, 0x00,
    0x00, 0x00, 0x00, 0x00, 0x00, 0x00, 0x00, 0x00, 0x00, 0x00, 0x00,
    0x00, 0x00, 0x09, 0x7D, 0xD6, 0xF6, 0xE8, 0xAA, 0x31, 0x00, 0x00,
    0x00, 0x0E, 0xD0, 0xFF, 0xD0, 0x99, 0xAE, 0xF7, 0xF9, 0x51, 0x00,
    0x00, 0x9C, 0xFF, 0x7D, 0x00, 0x00, 0x00, 0x27, 0xE8, 0xF1, 0x15,
    0x0D, 0xF7, 0xCF, 0x00, 0x00, 0x00, 0x00, 0x00, 0x65, 0xFF, 0x71,
    0x31, 0xFF, 0x8D, 0x00, 0x00, 0x00, 0x00, 0x00, 0x21, 0xFF, 0x9D,
    0x31, 0xFF, 0x8E, 0x00, 0x00, 0x00, 0x00, 0x00, 0x22, 0xFF, 0x9C,
    0x0C, 0xF7, 0xD0, 0x00, 0x00, 0x00, 0x00, 0x00, 0x65, 0xFF, 0x6F,
    0x00, 0x9B, 0xFF, 0x7E, 0x00, 0x00, 0x00, 0x27, 0xE8, 0xF1, 0x15,
    0x00, 0x0E, 0xCF, 0xFF, 0xD0, 0x99, 0xAE, 0xF7, 0xF8, 0x50, 0x00,
    0x00, 0x00, 0x09, 0x7D, 0xD6, 0xF7, 0xE9, 0xAA, 0x31, 0x00, 0x00,
    0x00, 0x00, 0x00, 0x00, 0x00, 0x00, 0x00, 0x00, 0x00, 0x00, 0x00,
    0x00, 0x00, 0x00, 0x00, 0x00, 0x00, 0x00, 0x00, 0x00, 0x00, 0x00,
    0x00, 0x00, 0x00, 0x00, 0x00, 0x00, 0x00, 0x00, 0x00, 0x00, 0x00,
    0x00, 0x00, 0x00, 0x00, 0x00, 0x00, 0x00, 0x00, 0x00, 0x00, 0x00,
    0x00, 0x00, 0x00, 0x00, 0x00, 0x00, 0x00, 0x00, 0x00, 0x00, 0x00,

    /* Unicode: U+00F3 */
    0x00, 0x00, 0x00, 0x00, 0x00, 0x00, 0x00, 0x00, 0x00, 0x00, 0x00,
    0x00, 0x00, 0x00, 0x00, 0x00, 0x00, 0x00, 0x00, 0x00, 0x00, 0x00,
    0x00, 0x00, 0x00, 0x00, 0x00, 0x00, 0x00, 0x00, 0x00, 0x00, 0x00,
    0x00, 0x00, 0x00, 0x00, 0x00, 0x00, 0x00, 0x00, 0x00, 0x00, 0x00,
    0x00, 0x00, 0x00, 0x00, 0x00, 0x00, 0x37, 0x80, 0x59, 0x00, 0x00,
    0x00, 0x00, 0x00, 0x00, 0x00, 0x38, 0xF2, 0xBA, 0x10, 0x00, 0x00,
    0x00, 0x00, 0x00, 0x00, 0x35, 0xF0, 0x93, 0x03, 0x00, 0x00, 0x00,
    0x00, 0x00, 0x00, 0x00, 0x00, 0x00, 0x00, 0x00, 0x00, 0x00, 0x00,
    0x00, 0x00, 0x09, 0x7D, 0xD6, 0xF6, 0xE8, 0xAA, 0x31, 0x00, 0x00,
    0x00, 0x0E, 0xD0, 0xFF, 0xD0, 0x99, 0xAE, 0xF7, 0xF9, 0x51, 0x00,
    0x00, 0x9C, 0xFF, 0x7D, 0x00, 0x00, 0x00, 0x27, 0xE8, 0xF1, 0x15,
    0x0D, 0xF7, 0xCF, 0x00, 0x00, 0x00, 0x00, 0x00, 0x65, 0xFF, 0x71,
    0x31, 0xFF, 0x8D, 0x00, 0x00, 0x00, 0x00, 0x00, 0x21, 0xFF, 0x9D,
    0x31, 0xFF, 0x8E, 0x00, 0x00, 0x00, 0x00, 0x00, 0x22, 0xFF, 0x9C,
    0x0C, 0xF7, 0xD0, 0x00, 0x00, 0x00, 0x00, 0x00, 0x65, 0xFF, 0x6F,
    0x00, 0x9B, 0xFF, 0x7E, 0x00, 0x00, 0x00, 0x27, 0xE8, 0xF1, 0x15,
    0x00, 0x0E, 0xCF, 0xFF, 0xD0, 0x99, 0xAE, 0xF7, 0xF8, 0x50, 0x00,
    0x00, 0x00, 0x09, 0x7D, 0xD6, 0xF7, 0xE9, 0xAA, 0x31, 0x00, 0x00,
    0x00, 0x00, 0x00, 0x00, 0x00, 0x00, 0x00, 0x00, 0x00, 0x00, 0x00,
    0x00, 0x00, 0x00, 0x00, 0x00, 0x00, 0x00, 0x00, 0x00, 0x00, 0x00,
    0x00, 0x00, 0x00, 0x00, 0x00, 0x00, 0x00, 0x00, 0x00, 0x00, 0x00,
    0x00, 0x00, 0x00, 0x00, 0x00, 0x00, 0x00, 0x00, 0x00, 0x00, 0x00,
    0x00, 0x00, 0x00, 0x00, 0x00, 0x00, 0x00, 0x00, 0x00, 0x00, 0x00,

    /* Unicode: U+00F4 */
    0x00, 0x00, 0x00, 0x00, 0x00, 0x00, 0x00, 0x00, 0x00, 0x00, 0x00,
    0x00, 0x00, 0x00, 0x00, 0x00, 0x00, 0x00, 0x00, 0x00, 0x00, 0x00,
    0x00, 0x00, 0x00, 0x00, 0x00, 0x00, 0x00, 0x00, 0x00, 0x00, 0x00,
    0x00, 0x00, 0x00, 0x00, 0x00, 0x00, 0x00, 0x00, 0x00, 0x00, 0x00,
    0x00, 0x00, 0x00, 0x00, 0x2E, 0x80, 0x62, 0x00, 0x00, 0x00, 0x00,
    0x00, 0x00, 0x00, 0x29, 0xEA, 0xC9, 0xFA, 0x7E, 0x00, 0x00, 0x00,
    0x00, 0x00, 0x23, 0xE6, 0x9A, 0x03, 0x44, 0xF1, 0x74, 0x00, 0x00,
    0x00, 0x00, 0x00, 0x00, 0x00, 0x00, 0x00, 0x00, 0x00, 0x00, 0x00,
    0x00, 0x00, 0x09, 0x7D, 0xD6, 0xF6, 0xE8, 0xAA, 0x31, 0x00, 0x00,
    0x00, 0x0E, 0xD0, 0xFF, 0xD0, 0x99, 0xAE, 0xF7, 0xF9, 0x51, 0x00,
    0x00, 0x9C, 0xFF, 0x7D, 0x00, 0x00, 0x00, 0x27, 0xE8, 0xF1, 0x15,
    0x0D, 0xF7, 0xCF, 0x00, 0x00, 0x00, 0x00, 0x00, 0x65, 0xFF, 0x71,
    0x31, 0xFF, 0x8D, 0x00, 0x00, 0x00, 0x00, 0x00, 0x21, 0xFF, 0x9D,
    0x31, 0xFF, 0x8E, 0x00, 0x00, 0x00, 0x00, 0x00, 0x22, 0xFF, 0x9C,
    0x0C, 0xF7, 0xD0, 0x00, 0x00, 0x00, 0x00, 0x00, 0x65, 0xFF, 0x6F,
    0x00, 0x9B, 0xFF, 0x7E, 0x00, 0x00, 0x00, 0x27, 0xE8, 0xF1, 0x15,
    0x00, 0x0E, 0xCF, 0xFF, 0xD0, 0x99, 0xAE, 0xF7, 0xF8, 0x50, 0x00,
    0x00, 0x00, 0x09, 0x7D, 0xD6, 0xF7, 0xE9, 0xAA, 0x31, 0x00, 0x00,
    0x00, 0x00, 0x00, 0x00, 0x00, 0x00, 0x00, 0x00, 0x00, 0x00, 0x00,
    0x00, 0x00, 0x00, 0x00, 0x00, 0x00, 0x00, 0x00, 0x00, 0x00, 0x00,
    0x00, 0x00, 0x00, 0x00, 0x00, 0x00, 0x00, 0x00, 0x00, 0x00, 0x00,
    0x00, 0x00, 0x00, 0x00, 0x00, 0x00, 0x00, 0x00, 0x00, 0x00, 0x00,
    0x00, 0x00, 0x00, 0x00, 0x00, 0x00, 0x00, 0x00, 0x00, 0x00, 0x00,

    /* Unicode: U+00F5 */
    0x00, 0x00, 0x00, 0x00, 0x00, 0x00, 0x00, 0x00, 0x00, 0x00, 0x00,
    0x00, 0x00, 0x00, 0x00, 0x00, 0x00, 0x00, 0x00, 0x00, 0x00, 0x00,
    0x00, 0x00, 0x00, 0x00, 0x00, 0x00, 0x00, 0x00, 0x00, 0x00, 0x00,
    0x00, 0x00, 0x00, 0x00, 0x00, 0x00, 0x00, 0x00, 0x00, 0x00, 0x00,
    0x00, 0x00, 0x00, 0x2F, 0x81, 0x3A, 0x00, 0x31, 0x64, 0x00, 0x00,
    0x00, 0x00, 0x0A, 0xE7, 0x8A, 0xED, 0xB0, 0xD6, 0x8B, 0x00, 0x00,
    0x00, 0x00, 0x3F, 0xBA, 0x00, 0x2E, 0xD6, 0xD4, 0x1B, 0x00, 0x00,
    0x00, 0x00, 0x00, 0x00, 0x00, 0x00, 0x00, 0x00, 0x00, 0x00, 0x00,
    0x00, 0x00, 0x09, 0x7D, 0xD6, 0xF6, 0xE8, 0xAA, 0x31, 0x00, 0x00,
    0x00, 0x0E, 0xD0, 0xFF, 0xD0, 0x99, 0xAE, 0xF7, 0xF9, 0x51, 0x00,
    0x00, 0x9C, 0xFF, 0x7D, 0x00, 0x00, 0x00, 0x27, 0xE8, 0xF1, 0x15,
    0x0D, 0xF7, 0xCF, 0x00, 0x00, 0x00, 0x00, 0x00, 0x65, 0xFF, 0x71,
    0x31, 0xFF, 0x8D, 0x00, 0x00, 0x00, 0x00, 0x00, 0x21, 0xFF, 0x9D,
    0x31, 0xFF, 0x8E, 0x00, 0x00, 0x00, 0x00, 0x00, 0x22, 0xFF, 0x9C,
    0x0C, 0xF7, 0xD0, 0x00, 0x00, 0x00, 0x00, 0x00, 0x65, 0xFF, 0x6F,
    0x00, 0x9B, 0xFF, 0x7E, 0x00, 0x00, 0x00, 0x27, 0xE8, 0xF1, 0x15,
    0x00, 0x0E, 0xCF, 0xFF, 0xD0, 0x99, 0xAE, 0xF7, 0xF8, 0x50, 0x00,
    0x00, 0x00, 0x09, 0x7D, 0xD6, 0xF7, 0xE9, 0xAA, 0x31, 0x00, 0x00,
    0x00, 0x00, 0x00, 0x00, 0x00, 0x00, 0x00, 0x00, 0x00, 0x00, 0x00,
    0x00, 0x00, 0x00, 0x00, 0x00, 0x00, 0x00, 0x00, 0x00, 0x00, 0x00,
    0x00, 0x00, 0x00, 0x00, 0x00, 0x00, 0x00, 0x00, 0x00, 0x00, 0x00,
    0x00, 0x00, 0x00, 0x00, 0x00, 0x00, 0x00, 0x00, 0x00, 0x00, 0x00,
    0x00, 0x00, 0x00, 0x00, 0x00, 0x00, 0x00, 0x00, 0x00, 0x00, 0x00,

    /* Unicode: U+00F6 */
    0x00, 0x00, 0x00, 0x00, 0x00, 0x00, 0x00, 0x00, 0x00, 0x00, 0x00,
    0x00, 0x00, 0x00, 0x00, 0x00, 0x00, 0x00, 0x00, 0x00, 0x00, 0x00,
    0x00, 0x00, 0x00, 0x00, 0x00, 0x00, 0x00, 0x00, 0x00, 0x00, 0x00,
    0x00, 0x00, 0x00, 0x00, 0x00, 0x00, 0x00, 0x00, 0x00, 0x00, 0x00,
    0x00, 0x00, 0x00, 0x4F, 0x58, 0x00, 0x24, 0x77, 0x0D, 0x00, 0x00,
    0x00, 0x00, 0x00, 0xB0, 0xC2, 0x00, 0x5E, 0xE9, 0x2C, 0x00, 0x00,
    0x00, 0x00, 0x00, 0x00, 0x00, 0x00, 0x00, 0x00, 0x00, 0x00, 0x00,
    0x00, 0x00, 0x00, 0x00, 0x00, 0x00, 0x00, 0x00, 0x00, 0x00, 0x00,
    0x00, 0x00, 0x09, 0x7D, 0xD6, 0xF6, 0xE8, 0xAA, 0x31, 0x00, 0x00,
    0x00, 0x0E, 0xD0, 0xFF, 0xD0, 0x99, 0xAE, 0xF7, 0xF9, 0x51, 0x00,
    0x00, 0x9C, 0xFF, 0x7D, 0x00, 0x00, 0x00, 0x27, 0xE8, 0xF1, 0x15,
    0x0D, 0xF7, 0xCF, 0x00, 0x00, 0x00, 0x00, 0x00, 0x65, 0xFF, 0x71,
    0x31, 0xFF, 0x8D, 0x00, 0x00, 0x00, 0x00, 0x00, 0x21, 0xFF, 0x9D,
    0x31, 0xFF, 0x8E, 0x00, 0x00, 0x00, 0x00, 0x00, 0x22, 0xFF, 0x9C,
    0x0C, 0xF7, 0xD0, 0x00, 0x00, 0x00, 0x00, 0x00, 0x65, 0xFF, 0x6F,
    0x00, 0x9B, 0xFF, 0x7E, 0x00, 0x00, 0x00, 0x27, 0xE8, 0xF1, 0x15,
    0x00, 0x0E, 0xCF, 0xFF, 0xD0, 0x99, 0xAE, 0xF7, 0xF8, 0x50, 0x00,
    0x00, 0x00, 0x09, 0x7D, 0xD6, 0xF7, 0xE9, 0xAA, 0x31, 0x00, 0x00,
    0x00, 0x00, 0x00, 0x00, 0x00, 0x00, 0x00, 0x00, 0x00, 0x00, 0x00,
    0x00, 0x00, 0x00, 0x00, 0x00, 0x00, 0x00, 0x00, 0x00, 0x00, 0x00,
    0x00, 0x00, 0x00, 0x00, 0x00, 0x00, 0x00, 0x00, 0x00, 0x00, 0x00,
    0x00, 0x00, 0x00, 0x00, 0x00, 0x00, 0x00, 0x00, 0x00, 0x00, 0x00,
    0x00, 0x00, 0x00, 0x00, 0x00, 0x00, 0x00, 0x00, 0x00, 0x00, 0x00,

    /* Unicode: U+00F7 */
    0x00, 0x00, 0x00, 0x00, 0x00, 0x00, 0x00, 0x00, 0x00,
    0x00, 0x00, 0x00, 0x00, 0x00, 0x00, 0x00, 0x00, 0x00,
    0x00, 0x00, 0x00, 0x00, 0x00, 0x00, 0x00, 0x00, 0x00,
    0x00, 0x00, 0x00, 0x00, 0x00, 0x00, 0x00, 0x00, 0x00,
    0x00, 0x00, 0x00, 0x00, 0x00, 0x00, 0x00, 0x00, 0x00,
    0x00, 0x00, 0x00, 0x00, 0x00, 0x00, 0x00, 0x00, 0x00,
    0x00, 0x00, 0x00, 0x04, 0x15, 0x00, 0x00, 0x00, 0x00,
    0x00, 0x00, 0x00, 0xA3, 0xFA, 0x28, 0x00, 0x00, 0x00,
    0x00, 0x00, 0x00, 0x89, 0xE9, 0x1D, 0x00, 0x00, 0x00,
    0x00, 0x00, 0x00, 0x00, 0x00, 0x00, 0x00, 0x00, 0x00,
    0x72, 0x90, 0x90, 0x90, 0x90, 0x90, 0x90, 0x90, 0x26,
    0xCC, 0xFF, 0xFF, 0xFF, 0xFF, 0xFF, 0xFF, 0xFF, 0x44,
    0x00, 0x00, 0x00, 0x00, 0x00, 0x00, 0x00, 0x00, 0x00,
    0x00, 0x00, 0x00, 0x04, 0x15, 0x00, 0x00, 0x00, 0x00,
    0x00, 0x00, 0x00, 0xA3, 0xFA, 0x28, 0x00, 0x00, 0x00,
    0x00, 0x00, 0x00, 0x88, 0xE8, 0x1C, 0x00, 0x00, 0x00,
    0x00, 0x00, 0x00, 0x00, 0x00, 0x00, 0x00, 0x00, 0x00,
    0x00, 0x00, 0x00, 0x00, 0x00, 0x00, 0x00, 0x00, 0x00,
    0x00, 0x00, 0x00, 0x00, 0x00, 0x00, 0x00, 0x00, 0x00,
    0x00, 0x00, 0x00, 0x00, 0x00, 0x00, 0x00, 0x00, 0x00,
    0x00, 0x00, 0x00, 0x00, 0x00, 0x00, 0x00, 0x00, 0x00,
    0x00, 0x00, 0x00, 0x00, 0x00, 0x00, 0x00, 0x00, 0x00,
    0x00, 0x00, 0x00, 0x00, 0x00, 0x00, 0x00, 0x00, 0x00,

    /* Unicode: U+00F8 */
    0x00, 0x00, 0x00, 0x00, 0x00, 0x00, 0x00, 0x00, 0x00, 0x00, 0x00,
    0x00, 0x00, 0x00, 0x00, 0x00, 0x00, 0x00, 0x00, 0x00, 0x00, 0x00,
    0x00, 0x00, 0x00, 0x00, 0x00, 0x00, 0x00, 0x00, 0x00, 0x00, 0x00,
    0x00, 0x00, 0x00, 0x00, 0x00, 0x00, 0x00, 0x00, 0x00, 0x00, 0x00,
    0x00, 0x00, 0x00, 0x00, 0x00, 0x00, 0x00, 0x00, 0x00, 0x00, 0x00,
    0x00, 0x00, 0x00, 0x00, 0x00, 0x00, 0x00, 0x00, 0x00, 0x00, 0x00,
    0x00, 0x00, 0x00, 0x00, 0x00, 0x00, 0x00, 0x00, 0x06, 0x79, 0x08,
    0x00, 0x00, 0x00, 0x00, 0x00, 0x00, 0x00, 0x00, 0x7F, 0x91, 0x00,
    0x00, 0x00, 0x09, 0x7D, 0xD6, 0xF6, 0xE8, 0xD2, 0xFF, 0x0C, 0x00,
    0x00, 0x0E, 0xD0, 0xFF, 0xD0, 0x99, 0xB0, 0xFF, 0xFF, 0x51, 0x00,
    0x00, 0x9C, 0xFF, 0x7D, 0x00, 0x00, 0x66, 0xD1, 0xE8, 0xF1, 0x15,
    0x0D, 0xF7, 0xCF, 0x00, 0x00, 0x19, 0xDF, 0x18, 0x65, 0xFF, 0x71,
    0x31, 0xFF, 0x8D, 0x00, 0x00, 0xAC, 0x66, 0x00, 0x21, 0xFF, 0x9D,
    0x31, 0xFF, 0x8E, 0x00, 0x4E, 0xC2, 0x01, 0x00, 0x22, 0xFF, 0x9C,
    0x0C, 0xF7, 0xD0, 0x0E, 0xDC, 0x28, 0x00, 0x00, 0x65, 0xFF, 0x6F,
    0x00, 0x9B, 0xFF, 0xFF, 0x7F, 0x00, 0x00, 0x27, 0xE8, 0xF1, 0x15,
    0x00, 0x0E, 0xFF, 0xFF, 0xD7, 0x99, 0xAE, 0xF7, 0xF8, 0x50, 0x00,
    0x00, 0x05, 0xDB, 0xBA, 0xD6, 0xF7, 0xE9, 0xAA, 0x31, 0x00, 0x00,
    0x00, 0x7B, 0x99, 0x00, 0x00, 0x00, 0x00, 0x00, 0x00, 0x00, 0x00,
    0x00, 0x00, 0x00, 0x00, 0x00, 0x00, 0x00, 0x00, 0x00, 0x00, 0x00,
    0x00, 0x00, 0x00, 0x00, 0x00, 0x00, 0x00, 0x00, 0x00, 0x00, 0x00,
    0x00, 0x00, 0x00, 0x00, 0x00, 0x00, 0x00, 0x00, 0x00, 0x00, 0x00,
    0x00, 0x00, 0x00, 0x00, 0x00, 0x00, 0x00, 0x00, 0x00, 0x00, 0x00,

    /* Unicode: U+00F9 */
    0x00, 0x00, 0x00, 0x00, 0x00, 0x00, 0x00, 0x00, 0x00, 0x00,
    0x00, 0x00, 0x00, 0x00, 0x00, 0x00, 0x00, 0x00, 0x00, 0x00,
    0x00, 0x00, 0x00, 0x00, 0x00, 0x00, 0x00, 0x00, 0x00, 0x00,
    0x00, 0x00, 0x00, 0x00, 0x00, 0x00, 0x00, 0x00, 0x00, 0x00,
    0x00, 0x05, 0x71, 0x7F, 0x19, 0x00, 0x00, 0x00, 0x00, 0x00,
    0x00, 0x00, 0x2A, 0xDC, 0xD7, 0x17, 0x00, 0x00, 0x00, 0x00,
    0x00, 0x00, 0x00, 0x13, 0xBF, 0xD4, 0x15, 0x00, 0x00, 0x00,
    0x00, 0x00, 0x00, 0x00, 0x00, 0x00, 0x00, 0x00, 0x00, 0x00,
    0x74, 0xFF, 0x48, 0x00, 0x00, 0x00, 0x00, 0x34, 0xFF, 0x88,
    0x74, 0xFF, 0x48, 0x00, 0x00, 0x00, 0x00, 0x34, 0xFF, 0x88,
    0x74, 0xFF, 0x48, 0x00, 0x00, 0x00, 0x00, 0x34, 0xFF, 0x88,
    0x74, 0xFF, 0x48, 0x00, 0x00, 0x00, 0x00, 0x34, 0xFF, 0x88,
    0x74, 0xFF, 0x48, 0x00, 0x00, 0x00, 0x00, 0x34, 0xFF, 0x88,
    0x73, 0xFF, 0x4B, 0x00, 0x00, 0x00, 0x00, 0x41, 0xFF, 0x88,
    0x64, 0xFF, 0x6B, 0x00, 0x00, 0x00, 0x00, 0x71, 0xFF, 0x88,
    0x2C, 0xFF, 0xD2, 0x0C, 0x00, 0x00, 0x20, 0xE7, 0xFF, 0x88,
    0x00, 0xA9, 0xFF, 0xE2, 0x9F, 0xAD, 0xF2, 0xDB, 0xFF, 0x88,
    0x00, 0x06, 0x80, 0xDD, 0xFA, 0xE5, 0x90, 0x2B, 0xFF, 0x88,
    0x00, 0x00, 0x00, 0x00, 0x00, 0x00, 0x00, 0x00, 0x00, 0x00,
    0x00, 0x00, 0x00, 0x00, 0x00, 0x00, 0x00, 0x00, 0x00, 0x00,
    0x00, 0x00, 0x00, 0x00, 0x00, 0x00, 0x00, 0x00, 0x00, 0x00,
    0x00, 0x00, 0x00, 0x00, 0x00, 0x00, 0x00, 0x00, 0x00, 0x00,
    0x00, 0x00, 0x00, 0x00, 0x00, 0x00, 0x00, 0x00, 0x00, 0x00,

    /* Unicode: U+00FA */
    0x00, 0x00, 0x00, 0x00, 0x00, 0x00, 0x00, 0x00, 0x00, 0x00,
    0x00, 0x00, 0x00, 0x00, 0x00, 0x00, 0x00, 0x00, 0x00, 0x00,
    0x00, 0x00, 0x00, 0x00, 0x00, 0x00, 0x00, 0x00, 0x00, 0x00,
    0x00, 0x00, 0x00, 0x00, 0x00, 0x00, 0x00, 0x00, 0x00, 0x00,
    0x00, 0x00, 0x00, 0x00, 0x00, 0x0E, 0x7C, 0x78, 0x0C, 0x00,
    0x00, 0x00, 0x00, 0x00, 0x0C, 0xC6, 0xE9, 0x3A, 0x00, 0x00,
    0x00, 0x00, 0x00, 0x0B, 0xC2, 0xD0, 0x1E, 0x00, 0x00, 0x00,
    0x00, 0x00, 0x00, 0x00, 0x00, 0x00, 0x00, 0x00, 0x00, 0x00,
    0x74, 0xFF, 0x48, 0x00, 0x00, 0x00, 0x00, 0x34, 0xFF, 0x88,
    0x74, 0xFF, 0x48, 0x00, 0x00, 0x00, 0x00, 0x34, 0xFF, 0x88,
    0x74, 0xFF, 0x48, 0x00, 0x00, 0x00, 0x00, 0x34, 0xFF, 0x88,
    0x74, 0xFF, 0x48, 0x00, 0x00, 0x00, 0x00, 0x34, 0xFF, 0x88,
    0x74, 0xFF, 0x48, 0x00, 0x00, 0x00, 0x00, 0x34, 0xFF, 0x88,
    0x73, 0xFF, 0x4B, 0x00, 0x00, 0x00, 0x00, 0x41, 0xFF, 0x88,
    0x64, 0xFF, 0x6B, 0x00, 0x00, 0x00, 0x00, 0x71, 0xFF, 0x88,
    0x2C, 0xFF, 0xD2, 0x0C, 0x00, 0x00, 0x20, 0xE7, 0xFF, 0x88,
    0x00, 0xA9, 0xFF, 0xE2, 0x9F, 0xAD, 0xF2, 0xDB, 0xFF, 0x88,
    0x00, 0x06, 0x80, 0xDD, 0xFA, 0xE5, 0x90, 0x2B, 0xFF, 0x88,
    0x00, 0x00, 0x00, 0x00, 0x00, 0x00, 0x00, 0x00, 0x00, 0x00,
    0x00, 0x00, 0x00, 0x00, 0x00, 0x00, 0x00, 0x00, 0x00, 0x00,
    0x00, 0x00, 0x00, 0x00, 0x00, 0x00, 0x00, 0x00, 0x00, 0x00,
    0x00, 0x00, 0x00, 0x00, 0x00, 0x00, 0x00, 0x00, 0x00, 0x00,
    0x00, 0x00, 0x00, 0x00, 0x00, 0x00, 0x00, 0x00, 0x00, 0x00,

    /* Unicode: U+00FB */
    0x00, 0x00, 0x00, 0x00, 0x00, 0x00, 0x00, 0x00, 0x00, 0x00,
    0x00, 0x00, 0x00, 0x00, 0x00, 0x00, 0x00, 0x00, 0x00, 0x00,
    0x00, 0x00, 0x00, 0x00, 0x00, 0x00, 0x00, 0x00, 0x00, 0x00,
    0x00, 0x00, 0x00, 0x00, 0x00, 0x00, 0x00, 0x00, 0x00, 0x00,
    0x00, 0x00, 0x00, 0x09, 0x79, 0x7D, 0x10, 0x00, 0x00, 0x00,
    0x00, 0x00, 0x06, 0xB6, 0xE7, 0xDC, 0xC8, 0x0D, 0x00, 0x00,
    0x00, 0x03, 0xAD, 0xD6, 0x1F, 0x15, 0xC8, 0xC1, 0x0A, 0x00,
    0x00, 0x00, 0x00, 0x00, 0x00, 0x00, 0x00, 0x00, 0x00, 0x00,
    0x74, 0xFF, 0x48, 0x00, 0x00, 0x00, 0x00, 0x34, 0xFF, 0x88,
    0x74, 0xFF, 0x48, 0x00, 0x00, 0x00, 0x00, 0x34, 0xFF, 0x88,
    0x74, 0xFF, 0x48, 0x00, 0x00, 0x00, 0x00, 0x34, 0xFF, 0x88,
    0x74, 0xFF, 0x48, 0x00, 0x00, 0x00, 0x00, 0x34, 0xFF, 0x88,
    0x74, 0xFF, 0x48, 0x00, 0x00, 0x00, 0x00, 0x34, 0xFF, 0x88,
    0x73, 0xFF, 0x4B, 0x00, 0x00, 0x00, 0x00, 0x41, 0xFF, 0x88,
    0x64, 0xFF, 0x6B, 0x00, 0x00, 0x00, 0x00, 0x71, 0xFF, 0x88,
    0x2C, 0xFF, 0xD2, 0x0C, 0x00, 0x00, 0x20, 0xE7, 0xFF, 0x88,
    0x00, 0xA9, 0xFF, 0xE2, 0x9F, 0xAD, 0xF2, 0xDB, 0xFF, 0x88,
    0x00, 0x06, 0x80, 0xDD, 0xFA, 0xE5, 0x90, 0x2B, 0xFF, 0x88,
    0x00, 0x00, 0x00, 0x00, 0x00, 0x00, 0x00, 0x00, 0x00, 0x00,
    0x00, 0x00, 0x00, 0x00, 0x00, 0x00, 0x00, 0x00, 0x00, 0x00,
    0x00, 0x00, 0x00, 0x00, 0x00, 0x00, 0x00, 0x00, 0x00, 0x00,
    0x00, 0x00, 0x00, 0x00, 0x00, 0x00, 0x00, 0x00, 0x00, 0x00,
    0x00, 0x00, 0x00, 0x00, 0x00, 0x00, 0x00, 0x00, 0x00, 0x00,

    /* Unicode: U+00FC */
    0x00, 0x00, 0x00, 0x00, 0x00, 0x00, 0x00, 0x00, 0x00, 0x00,
    0x00, 0x00, 0x00, 0x00, 0x00, 0x00, 0x00, 0x00, 0x00, 0x00,
    0x00, 0x00, 0x00, 0x00, 0x00, 0x00, 0x00, 0x00, 0x00, 0x00,
    0x00, 0x00, 0x00, 0x00, 0x00, 0x00, 0x00, 0x00, 0x00, 0x00,
    0x00, 0x00, 0x24, 0x76, 0x0C, 0x05, 0x73, 0x30, 0x00, 0x00,
    0x00, 0x00, 0x5E, 0xE9, 0x2B, 0x17, 0xE5, 0x77, 0x00, 0x00,
    0x00, 0x00, 0x00, 0x00, 0x00, 0x00, 0x00, 0x00, 0x00, 0x00,
    0x00, 0x00, 0x00, 0x00, 0x00, 0x00, 0x00, 0x00, 0x00, 0x00,
    0x74, 0xFF, 0x48, 0x00, 0x00, 0x00, 0x00, 0x34, 0xFF, 0x88,
    0x74, 0xFF, 0x48, 0x00, 0x00, 0x00, 0x00, 0x34, 0xFF, 0x88,
    0x74, 0xFF, 0x48, 0x00, 0x00, 0x00, 0x00, 0x34, 0xFF, 0x88,
    0x74, 0xFF, 0x48, 0x00, 0x00, 0x00, 0x00, 0x34, 0xFF, 0x88,
    0x74, 0xFF, 0x48, 0x00, 0x00, 0x00, 0x00, 0x34, 0xFF, 0x88,
    0x73, 0xFF, 0x4B, 0x00, 0x00, 0x00, 0x00, 0x41, 0xFF, 0x88,
    0x64, 0xFF, 0x6B, 0x00, 0x00, 0x00, 0x00, 0x71, 0xFF, 0x88,
    0x2C, 0xFF, 0xD2, 0x0C, 0x00, 0x00, 0x20, 0xE7, 0xFF, 0x88,
    0x00, 0xA9, 0xFF, 0xE2, 0x9F, 0xAD, 0xF2, 0xDB, 0xFF, 0x88,
    0x00, 0x06, 0x80, 0xDD, 0xFA, 0xE5, 0x90, 0x2B, 0xFF, 0x88,
    0x00, 0x00, 0x00, 0x00, 0x00, 0x00, 0x00, 0x00, 0x00, 0x00,
    0x00, 0x00, 0x00, 0x00, 0x00, 0x00, 0x00, 0x00, 0x00, 0x00,
    0x00, 0x00, 0x00, 0x00, 0x00, 0x00, 0x00, 0x00, 0x00, 0x00,
    0x00, 0x00, 0x00, 0x00, 0x00, 0x00, 0x00, 0x00, 0x00, 0x00,
    0x00, 0x00, 0x00, 0x00, 0x00, 0x00, 0x00, 0x00, 0x00, 0x00,

    /* Unicode: U+00FD */
    0x00, 0x00, 0x00, 0x00, 0x00, 0x00, 0x00, 0x00, 0x00, 0x00, 0x00, 0x00,
    0x00, 0x00, 0x00, 0x00, 0x00, 0x00, 0x00, 0x00, 0x00, 0x00, 0x00, 0x00,
    0x00, 0x00, 0x00, 0x00, 0x00, 0x00, 0x00, 0x00, 0x00, 0x00, 0x00, 0x00,
    0x00, 0x00, 0x00, 0x00, 0x00, 0x00, 0x00, 0x00, 0x00, 0x00, 0x00, 0x00,
    0x00, 0x00, 0x00, 0x00, 0x00, 0x00, 0x2D, 0x80, 0x62, 0x00, 0x00, 0x00,
    0x00, 0x00, 0x00, 0x00, 0x00, 0x2B, 0xEB, 0xC7, 0x17, 0x00, 0x00, 0x00,
    0x00, 0x00, 0x00, 0x00, 0x29, 0xE9, 0xA3, 0x07, 0x00, 0x00, 0x00, 0x00,
    0x00, 0x00, 0x00, 0x00, 0x00, 0x00, 0x00, 0x00, 0x00, 0x00, 0x00, 0x00,
    0x00, 0xD3, 0xEE, 0x09, 0x00, 0x00, 0x00, 0x00, 0x00, 0xCF, 0xDD, 0x01,
    0x00, 0x6A, 0xFF, 0x5F, 0x00, 0x00, 0x00, 0x00, 0x36, 0xFF, 0x75, 0x00,
    0x00, 0x0D, 0xF3, 0xC7, 0x00, 0x00, 0x00, 0x00, 0x9D, 0xF7, 0x13, 0x00,
    0x00, 0x00, 0x98, 0xFF, 0x2F, 0x00, 0x00, 0x0F, 0xF5, 0xA1, 0x00, 0x00,
    0x00, 0x00, 0x2E, 0xFF, 0x97, 0x00, 0x00, 0x6B, 0xFF, 0x37, 0x00, 0x00,
    0x00, 0x00, 0x00, 0xC5, 0xF2, 0x0C, 0x00, 0xD1, 0xCD, 0x00, 0x00, 0x00,
    0x00, 0x00, 0x00, 0x5C, 0xFF, 0x67, 0x39, 0xFF, 0x64, 0x00, 0x00, 0x00,
    0x00, 0x00, 0x00, 0x07, 0xEB, 0xCE, 0xA0, 0xEF, 0x0A, 0x00, 0x00, 0x00,
    0x00, 0x00, 0x00, 0x00, 0x89, 0xFF, 0xFB, 0x90, 0x00, 0x00, 0x00, 0x00,
    0x00, 0x00, 0x00, 0x00, 0x22, 0xFE, 0xFF, 0x27, 0x00, 0x00, 0x00, 0x00,
    0x00, 0x00, 0x00, 0x00, 0x07, 0xEF, 0xBC, 0x00, 0x00, 0x00, 0x00, 0x00,
    0x00, 0x0F, 0x00, 0x00, 0x6E, 0xFF, 0x4B, 0x00, 0x00, 0x00, 0x00, 0x00,
    0x1A, 0xED, 0xA1, 0x9B, 0xF9, 0xBE, 0x00, 0x00, 0x00, 0x00, 0x00, 0x00,
    0x16, 0xA4, 0xEA, 0xEF, 0xA4, 0x11, 0x00, 0x00, 0x00, 0x00, 0x00, 0x00,
    0x00, 0x00, 0x00, 0x00, 0x00, 0x00, 0x00, 0x00, 0x00, 0x00, 0x00, 0x00,

    /* Unicode: U+00FE */
    0x00, 0x00, 0x00, 0x00, 0x00, 0x00, 0x00, 0x00, 0x00, 0x00, 0x00,
    0x00, 0x00, 0x00, 0x00, 0x00, 0x00, 0x00, 0x00, 0x00, 0x00, 0x00,
    0x00, 0x00, 0x00, 0x00, 0x00, 0x00, 0x00, 0x00, 0x00, 0x00, 0x00,
    0x00, 0x00, 0x00, 0x00, 0x00, 0x00, 0x00, 0x00, 0x00, 0x00, 0x00,
    0x5C, 0xFF, 0x5C, 0x00, 0x00, 0x00, 0x00, 0x00, 0x00, 0x00, 0x00,
    0x5C, 0xFF, 0x5C, 0x00, 0x00, 0x00, 0x00, 0x00, 0x00, 0x00, 0x00,
    0x5C, 0xFF, 0x5C, 0x00, 0x00, 0x00, 0x00, 0x00, 0x00, 0x00, 0x00,
    0x5C, 0xFF, 0x5C, 0x00, 0x00, 0x00, 0x00, 0x00, 0x00, 0x00, 0x00,
    0x5C, 0xFF, 0x5D, 0x67, 0xD1, 0xF7, 0xE7, 0xA4, 0x29, 0x00, 0x00,
    0x5C, 0xFF, 0xD9, 0xFF, 0xC4, 0x98, 0xBA, 0xFD, 0xF4, 0x3E, 0x00,
    0x5C, 0xFF, 0xFE, 0x5A, 0x00, 0x00, 0x00, 0x41, 0xF8, 0xE2, 0x05,
    0x5C, 0xFF, 0xA8, 0x00, 0x00, 0x00, 0x00, 0x00, 0x8B, 0xFF, 0x4C,
    0x5C, 0xFF, 0x65, 0x00, 0x00, 0x00, 0x00, 0x00, 0x46, 0xFF, 0x75,
    0x5C, 0xFF, 0x65, 0x00, 0x00, 0x00, 0x00, 0x00, 0x47, 0xFF, 0x74,
    0x5C, 0xFF, 0xA6, 0x00, 0x00, 0x00, 0x00, 0x00, 0x8C, 0xFF, 0x4B,
    0x5C, 0xFF, 0xFD, 0x54, 0x00, 0x00, 0x00, 0x41, 0xF9, 0xE2, 0x05,
    0x5C, 0xFF, 0xD4, 0xFF, 0xC2, 0x97, 0xBA, 0xFD, 0xF4, 0x3E, 0x00,
    0x5C, 0xFF, 0x5C, 0x64, 0xD1, 0xF8, 0xE8, 0xA5, 0x29, 0x00, 0x00,
    0x5C, 0xFF, 0x5C, 0x00, 0x00, 0x00, 0x00, 0x00, 0x00, 0x00, 0x00,
    0x5C, 0xFF, 0x5C, 0x00, 0x00, 0x00, 0x00, 0x00, 0x00, 0x00, 0x00,
    0x5C, 0xFF, 0x5C, 0x00, 0x00, 0x00, 0x00, 0x00, 0x00, 0x00, 0x00,
    0x5C, 0xFF, 0x5C, 0x00, 0x00, 0x00, 0x00, 0x00, 0x00, 0x00, 0x00,
    0x00, 0x00, 0x00, 0x00, 0x00, 0x00, 0x00, 0x00, 0x00, 0x00, 0x00,

    /* Unicode: U+00FF */
    0x00, 0x00, 0x00, 0x00, 0x00, 0x00, 0x00, 0x00, 0x00, 0x00, 0x00, 0x00,
    0x00, 0x00, 0x00, 0x00, 0x00, 0x00, 0x00, 0x00, 0x00, 0x00, 0x00, 0x00,
    0x00, 0x00, 0x00, 0x00, 0x00, 0x00, 0x00, 0x00, 0x00, 0x00, 0x00, 0x00,
    0x00, 0x00, 0x00, 0x00, 0x00, 0x00, 0x00, 0x00, 0x00, 0x00, 0x00, 0x00,
    0x00, 0x00, 0x00, 0x44, 0x63, 0x00, 0x1C, 0x78, 0x14, 0x00, 0x00, 0x00,
    0x00, 0x00, 0x00, 0x9D, 0xD5, 0x01, 0x4D, 0xEA, 0x3C, 0x00, 0x00, 0x00,
    0x00, 0x00, 0x00, 0x00, 0x00, 0x00, 0x00, 0x00, 0x00, 0x00, 0x00, 0x00,
    0x00, 0x00, 0x00, 0x00, 0x00, 0x00, 0x00, 0x00, 0x00, 0x00, 0x00, 0x00,
    0x00, 0xD3, 0xEE, 0x09, 0x00, 0x00, 0x00, 0x00, 0x00, 0xCF, 0xDD, 0x01,
    0x00, 0x6A, 0xFF, 0x5F, 0x00, 0x00, 0x00, 0x00, 0x36, 0xFF, 0x75, 0x00,
    0x00, 0x0D, 0xF3, 0xC7, 0x00, 0x00, 0x00, 0x00, 0x9D, 0xF7, 0x13, 0x00,
    0x00, 0x00, 0x98, 0xFF, 0x2F, 0x00, 0x00, 0x0F, 0xF5, 0xA1, 0x00, 0x00,
    0x00, 0x00, 0x2E, 0xFF, 0x97, 0x00, 0x00, 0x6B, 0xFF, 0x37, 0x00, 0x00,
    0x00, 0x00, 0x00, 0xC5, 0xF2, 0x0C, 0x00, 0xD1, 0xCD, 0x00, 0x00, 0x00,
    0x00, 0x00, 0x00, 0x5C, 0xFF, 0x67, 0x39, 0xFF, 0x64, 0x00, 0x00, 0x00,
    0x00, 0x00, 0x00, 0x07, 0xEB, 0xCE, 0xA0, 0xEF, 0x0A, 0x00, 0x00, 0x00,
    0x00, 0x00, 0x00, 0x00, 0x89, 0xFF, 0xFB, 0x90, 0x00, 0x00, 0x00, 0x00,
    0x00, 0x00, 0x00, 0x00, 0x22, 0xFE, 0xFF, 0x27, 0x00, 0x00, 0x00, 0x00,
    0x00, 0x00, 0x00, 0x00, 0x07, 0xEF, 0xBC, 0x00, 0x00, 0x00, 0x00, 0x00,
    0x00, 0x0F, 0x00, 0x00, 0x6E, 0xFF, 0x4B, 0x00, 0x00, 0x00, 0x00, 0x00,
    0x1A, 0xED, 0xA1, 0x9B, 0xF9, 0xBE, 0x00, 0x00, 0x00, 0x00, 0x00, 0x00,
    0x16, 0xA4, 0xEA, 0xEF, 0xA4, 0x11, 0x00, 0x00, 0x00, 0x00, 0x00, 0x00,
    0x00, 0x00, 0x00, 0x00, 0x00, 0x00, 0x00, 0x00, 0x00, 0x00, 0x00, 0x00,

};

static const ls_font_glyph_dsc_t montserrat_18_glyph_dsc[] = {

    {.w_px = 5,   .offset = 0},    /*Unicode: U+0020 ( )*/
    {.w_px = 3,   .offset = 115},    /*Unicode: U+0021 (!)*/
    {.w_px = 5,   .offset = 184},    /*Unicode: U+0022 (")*/
    {.w_px = 13,   .offset = 299},    /*Unicode: U+0023 (#)*/
    {.w_px = 11,   .offset = 598},    /*Unicode: U+0024 ($)*/
    {.w_px = 15,   .offset = 851},    /*Unicode: U+0025 (%)*/
    {.w_px = 13,   .offset = 1196},    /*Unicode: U+0026 (&)*/
    {.w_px = 2,   .offset = 1495},    /*Unicode: U+0027 (')*/
    {.w_px = 5,   .offset = 1541},    /*Unicode: U+0028 (()*/
    {.w_px = 5,   .offset = 1656},    /*Unicode: U+0029 ())*/
    {.w_px = 7,   .offset = 1771},    /*Unicode: U+002A (*)*/
    {.w_px = 9,   .offset = 1932},    /*Unicode: U+002B (+)*/
    {.w_px = 4,   .offset = 2139},    /*Unicode: U+002C (,)*/
    {.w_px = 5,   .offset = 2231},    /*Unicode: U+002D (-)*/
    {.w_px = 4,   .offset = 2346},    /*Unicode: U+002E (.)*/
    {.w_px = 8,   .offset = 2438},    /*Unicode: U+002F (/)*/
    {.w_px = 12,   .offset = 2622},    /*Unicode: U+0030 (0)*/
    {.w_px = 5,   .offset = 2898},    /*Unicode: U+0031 (1)*/
    {.w_px = 10,   .offset = 3013},    /*Unicode: U+0032 (2)*/
    {.w_px = 10,   .offset = 3243},    /*Unicode: U+0033 (3)*/
    {.w_px = 12,   .offset = 3473},    /*Unicode: U+0034 (4)*/
    {.w_px = 10,   .offset = 3749},    /*Unicode: U+0035 (5)*/
    {.w_px = 11,   .offset = 3979},    /*Unicode: U+0036 (6)*/
    {.w_px = 11,   .offset = 4232},    /*Unicode: U+0037 (7)*/
    {.w_px = 11,   .offset = 4485},    /*Unicode: U+0038 (8)*/
    {.w_px = 11,   .offset = 4738},    /*Unicode: U+0039 (9)*/
    {.w_px = 4,   .offset = 4991},    /*Unicode: U+003A (:)*/
    {.w_px = 4,   .offset = 5083},    /*Unicode: U+003B (;)*/
    {.w_px = 9,   .offset = 5175},    /*Unicode: U+003C (<)*/
    {.w_px = 9,   .offset = 5382},    /*Unicode: U+003D (=)*/
    {.w_px = 9,   .offset = 5589},    /*Unicode: U+003E (>)*/
    {.w_px = 10,   .offset = 5796},    /*Unicode: U+003F (?)*/
    {.w_px = 18,   .offset = 6026},    /*Unicode: U+0040 (@)*/
    {.w_px = 15,   .offset = 6440},    /*Unicode: U+0041 (A)*/
    {.w_px = 12,   .offset = 6785},    /*Unicode: U+0042 (B)*/
    {.w_px = 13,   .offset = 7061},    /*Unicode: U+0043 (C)*/
    {.w_px = 13,   .offset = 7360},    /*Unicode: U+0044 (D)*/
    {.w_px = 11,   .offset = 7659},    /*Unicode: U+0045 (E)*/
    {.w_px = 10,   .offset = 7912},    /*Unicode: U+0046 (F)*/
    {.w_px = 13,   .offset = 8142},    /*Unicode: U+0047 (G)*/
    {.w_px = 12,   .offset = 8441},    /*Unicode: U+0048 (H)*/
    {.w_px = 3,   .offset = 8717},    /*Unicode: U+0049 (I)*/
    {.w_px = 9,   .offset = 8786},    /*Unicode: U+004A (J)*/
    {.w_px = 12,   .offset = 8993},    /*Unicode: U+004B (K)*/
    {.w_px = 10,   .offset = 9269},    /*Unicode: U+004C (L)*/
    {.w_px = 15,   .offset = 9499},    /*Unicode: U+004D (M)*/
    {.w_px = 12,   .offset = 9844},    /*Unicode: U+004E (N)*/
    {.w_px = 15,   .offset = 10120},    /*Unicode: U+004F (O)*/
    {.w_px = 12,   .offset = 10465},    /*Unicode: U+0050 (P)*/
    {.w_px = 15,   .offset = 10741},    /*Unicode: U+0051 (Q)*/
    {.w_px = 12,   .offset = 11086},    /*Unicode: U+0052 (R)*/
    {.w_px = 11,   .offset = 11362},    /*Unicode: U+0053 (S)*/
    {.w_px = 11,   .offset = 11615},    /*Unicode: U+0054 (T)*/
    {.w_px = 12,   .offset = 11868},    /*Unicode: U+0055 (U)*/
    {.w_px = 14,   .offset = 12144},    /*Unicode: U+0056 (V)*/
    {.w_px = 20,   .offset = 12466},    /*Unicode: U+0057 (W)*/
    {.w_px = 12,   .offset = 12926},    /*Unicode: U+0058 (X)*/
    {.w_px = 13,   .offset = 13202},    /*Unicode: U+0059 (Y)*/
    {.w_px = 12,   .offset = 13501},    /*Unicode: U+005A (Z)*/
    {.w_px = 5,   .offset = 13777},    /*Unicode: U+005B ([)*/
    {.w_px = 8,   .offset = 13892},    /*Unicode: U+005C (\)*/
    {.w_px = 5,   .offset = 14076},    /*Unicode: U+005D (])*/
    {.w_px = 9,   .offset = 14191},    /*Unicode: U+005E (^)*/
    {.w_px = 9,   .offset = 14398},    /*Unicode: U+005F (_)*/
    {.w_px = 5,   .offset = 14605},    /*Unicode: U+0060 (`)*/
    {.w_px = 10,   .offset = 14720},    /*Unicode: U+0061 (a)*/
    {.w_px = 11,   .offset = 14950},    /*Unicode: U+0062 (b)*/
    {.w_px = 10,   .offset = 15203},    /*Unicode: U+0063 (c)*/
    {.w_px = 11,   .offset = 15433},    /*Unicode: U+0064 (d)*/
    {.w_px = 11,   .offset = 15686},    /*Unicode: U+0065 (e)*/
    {.w_px = 7,   .offset = 15939},    /*Unicode: U+0066 (f)*/
    {.w_px = 11,   .offset = 16100},    /*Unicode: U+0067 (g)*/
    {.w_px = 10,   .offset = 16353},    /*Unicode: U+0068 (h)*/
    {.w_px = 3,   .offset = 16583},    /*Unicode: U+0069 (i)*/
    {.w_px = 6,   .offset = 16652},    /*Unicode: U+006A (j)*/
    {.w_px = 11,   .offset = 16790},    /*Unicode: U+006B (k)*/
    {.w_px = 3,   .offset = 17043},    /*Unicode: U+006C (l)*/
    {.w_px = 17,   .offset = 17112},    /*Unicode: U+006D (m)*/
    {.w_px = 10,   .offset = 17503},    /*Unicode: U+006E (n)*/
    {.w_px = 11,   .offset = 17733},    /*Unicode: U+006F (o)*/
    {.w_px = 11,   .offset = 17986},    /*Unicode: U+0070 (p)*/
    {.w_px = 11,   .offset = 18239},    /*Unicode: U+0071 (q)*/
    {.w_px = 6,   .offset = 18492},    /*Unicode: U+0072 (r)*/
    {.w_px = 9,   .offset = 18630},    /*Unicode: U+0073 (s)*/
    {.w_px = 7,   .offset = 18837},    /*Unicode: U+0074 (t)*/
    {.w_px = 10,   .offset = 18998},    /*Unicode: U+0075 (u)*/
    {.w_px = 12,   .offset = 19228},    /*Unicode: U+0076 (v)*/
    {.w_px = 17,   .offset = 19504},    /*Unicode: U+0077 (w)*/
    {.w_px = 10,   .offset = 19895},    /*Unicode: U+0078 (x)*/
    {.w_px = 12,   .offset = 20125},    /*Unicode: U+0079 (y)*/
    {.w_px = 9,   .offset = 20401},    /*Unicode: U+007A (z)*/
    {.w_px = 5,   .offset = 20608},    /*Unicode: U+007B ({)*/
    {.w_px = 3,   .offset = 20723},    /*Unicode: U+007C (|)*/
    {.w_px = 6,   .offset = 20792},    /*Unicode: U+007D (})*/
    {.w_px = 9,   .offset = 20930},    /*Unicode: U+007E (~)*/
    {.w_px = 10,   .offset = 21137},    /*Unicode: U+007F (?)*/
    {.w_px = 10,   .offset = 21367},    /*Unicode: U+0080 (?)*/
    {.w_px = 10,   .offset = 21597},    /*Unicode: U+0081 (?)*/
    {.w_px = 10,   .offset = 21827},    /*Unicode: U+0082 (?)*/
    {.w_px = 10,   .offset = 22057},    /*Unicode: U+0083 (?)*/
    {.w_px = 10,   .offset = 22287},    /*Unicode: U+0084 (?)*/
    {.w_px = 10,   .offset = 22517},    /*Unicode: U+0085 (?)*/
    {.w_px = 10,   .offset = 22747},    /*Unicode: U+0086 (?)*/
    {.w_px = 10,   .offset = 22977},    /*Unicode: U+0087 (?)*/
    {.w_px = 10,   .offset = 23207},    /*Unicode: U+0088 (?)*/
    {.w_px = 10,   .offset = 23437},    /*Unicode: U+0089 (?)*/
    {.w_px = 10,   .offset = 23667},    /*Unicode: U+008A (?)*/
    {.w_px = 10,   .offset = 23897},    /*Unicode: U+008B (?)*/
    {.w_px = 10,   .offset = 24127},    /*Unicode: U+008C (?)*/
    {.w_px = 10,   .offset = 24357},    /*Unicode: U+008D (?)*/
    {.w_px = 10,   .offset = 24587},    /*Unicode: U+008E (?)*/
    {.w_px = 10,   .offset = 24817},    /*Unicode: U+008F (?)*/
    {.w_px = 10,   .offset = 25047},    /*Unicode: U+0090 (?)*/
    {.w_px = 10,   .offset = 25277},    /*Unicode: U+0091 (?)*/
    {.w_px = 10,   .offset = 25507},    /*Unicode: U+0092 (?)*/
    {.w_px = 10,   .offset = 25737},    /*Unicode: U+0093 (?)*/
    {.w_px = 10,   .offset = 25967},    /*Unicode: U+0094 (?)*/
    {.w_px = 10,   .offset = 26197},    /*Unicode: U+0095 (?)*/
    {.w_px = 10,   .offset = 26427},    /*Unicode: U+0096 (?)*/
    {.w_px = 10,   .offset = 26657},    /*Unicode: U+0097 (?)*/
    {.w_px = 10,   .offset = 26887},    /*Unicode: U+0098 (?)*/
    {.w_px = 10,   .offset = 27117},    /*Unicode: U+0099 (?)*/
    {.w_px = 10,   .offset = 27347},    /*Unicode: U+009A (?)*/
    {.w_px = 10,   .offset = 27577},    /*Unicode: U+009B (?)*/
    {.w_px = 10,   .offset = 27807},    /*Unicode: U+009C (?)*/
    {.w_px = 10,   .offset = 28037},    /*Unicode: U+009D (?)*/
    {.w_px = 10,   .offset = 28267},    /*Unicode: U+009E (?)*/
    {.w_px = 10,   .offset = 28497},    /*Unicode: U+009F (?)*/
    {.w_px = 5,   .offset = 28727},    /*Unicode: U+00A0 (?)*/
    {.w_px = 3,   .offset = 28842},    /*Unicode: U+00A1 (?)*/
    {.w_px = 10,   .offset = 28911},    /*Unicode: U+00A2 (?)*/
    {.w_px = 12,   .offset = 29141},    /*Unicode: U+00A3 (?)*/
    {.w_px = 13,   .offset = 29417},    /*Unicode: U+00A4 (?)*/
    {.w_px = 14,   .offset = 29716},    /*Unicode: U+00A5 (?)*/
    {.w_px = 3,   .offset = 30038},    /*Unicode: U+00A6 (?)*/
    {.w_px = 9,   .offset = 30107},    /*Unicode: U+00A7 (?)*/
    {.w_px = 6,   .offset = 30314},    /*Unicode: U+00A8 (?)*/
    {.w_px = 14,   .offset = 30452},    /*Unicode: U+00A9 (?)*/
    {.w_px = 7,   .offset = 30774},    /*Unicode: U+00AA (?)*/
    {.w_px = 9,   .offset = 30935},    /*Unicode: U+00AB (?)*/
    {.w_px = 9,   .offset = 31142},    /*Unicode: U+00AC (?)*/
    {.w_px = 5,   .offset = 31349},    /*Unicode: U+00AD (?)*/
    {.w_px = 14,   .offset = 31464},    /*Unicode: U+00AE (?)*/
    {.w_px = 7,   .offset = 31786},    /*Unicode: U+00AF (?)*/
    {.w_px = 7,   .offset = 31947},    /*Unicode: U+00B0 (?)*/
    {.w_px = 9,   .offset = 32108},    /*Unicode: U+00B1 (?)*/
    {.w_px = 7,   .offset = 32315},    /*Unicode: U+00B2 (?)*/
    {.w_px = 7,   .offset = 32476},    /*Unicode: U+00B3 (?)*/
    {.w_px = 5,   .offset = 32637},    /*Unicode: U+00B4 (?)*/
    {.w_px = 10,   .offset = 32752},    /*Unicode: U+00B5 (?)*/
    {.w_px = 10,   .offset = 32982},    /*Unicode: U+00B6 (?)*/
    {.w_px = 3,   .offset = 33212},    /*Unicode: U+00B7 (?)*/
    {.w_px = 5,   .offset = 33281},    /*Unicode: U+00B8 (?)*/
    {.w_px = 6,   .offset = 33396},    /*Unicode: U+00B9 (?)*/
    {.w_px = 7,   .offset = 33534},    /*Unicode: U+00BA (?)*/
    {.w_px = 9,   .offset = 33695},    /*Unicode: U+00BB (?)*/
    {.w_px = 18,   .offset = 33902},    /*Unicode: U+00BC (?)*/
    {.w_px = 17,   .offset = 34316},    /*Unicode: U+00BD (?)*/
    {.w_px = 19,   .offset = 34707},    /*Unicode: U+00BE (?)*/
    {.w_px = 10,   .offset = 35144},    /*Unicode: U+00BF (?)*/
    {.w_px = 15,   .offset = 35374},    /*Unicode: U+00C0 (?)*/
    {.w_px = 15,   .offset = 35719},    /*Unicode: U+00C1 (?)*/
    {.w_px = 15,   .offset = 36064},    /*Unicode: U+00C2 (?)*/
    {.w_px = 15,   .offset = 36409},    /*Unicode: U+00C3 (?)*/
    {.w_px = 15,   .offset = 36754},    /*Unicode: U+00C4 (?)*/
    {.w_px = 15,   .offset = 37099},    /*Unicode: U+00C5 (?)*/
    {.w_px = 19,   .offset = 37444},    /*Unicode: U+00C6 (?)*/
    {.w_px = 13,   .offset = 37881},    /*Unicode: U+00C7 (?)*/
    {.w_px = 11,   .offset = 38180},    /*Unicode: U+00C8 (?)*/
    {.w_px = 11,   .offset = 38433},    /*Unicode: U+00C9 (?)*/
    {.w_px = 11,   .offset = 38686},    /*Unicode: U+00CA (?)*/
    {.w_px = 11,   .offset = 38939},    /*Unicode: U+00CB (?)*/
    {.w_px = 6,   .offset = 39192},    /*Unicode: U+00CC (?)*/
    {.w_px = 6,   .offset = 39330},    /*Unicode: U+00CD (?)*/
    {.w_px = 8,   .offset = 39468},    /*Unicode: U+00CE (?)*/
    {.w_px = 6,   .offset = 39652},    /*Unicode: U+00CF (?)*/
    {.w_px = 15,   .offset = 39790},    /*Unicode: U+00D0 (?)*/
    {.w_px = 12,   .offset = 40135},    /*Unicode: U+00D1 (?)*/
    {.w_px = 15,   .offset = 40411},    /*Unicode: U+00D2 (?)*/
    {.w_px = 15,   .offset = 40756},    /*Unicode: U+00D3 (?)*/
    {.w_px = 15,   .offset = 41101},    /*Unicode: U+00D4 (?)*/
    {.w_px = 15,   .offset = 41446},    /*Unicode: U+00D5 (?)*/
    {.w_px = 15,   .offset = 41791},    /*Unicode: U+00D6 (?)*/
    {.w_px = 8,   .offset = 42136},    /*Unicode: U+00D7 (?)*/
    {.w_px = 15,   .offset = 42320},    /*Unicode: U+00D8 (?)*/
    {.w_px = 12,   .offset = 42665},    /*Unicode: U+00D9 (?)*/
    {.w_px = 12,   .offset = 42941},    /*Unicode: U+00DA (?)*/
    {.w_px = 12,   .offset = 43217},    /*Unicode: U+00DB (?)*/
    {.w_px = 12,   .offset = 43493},    /*Unicode: U+00DC (?)*/
    {.w_px = 13,   .offset = 43769},    /*Unicode: U+00DD (?)*/
    {.w_px = 12,   .offset = 44068},    /*Unicode: U+00DE (?)*/
    {.w_px = 11,   .offset = 44344},    /*Unicode: U+00DF (?)*/
    {.w_px = 10,   .offset = 44597},    /*Unicode: U+00E0 (?)*/
    {.w_px = 10,   .offset = 44827},    /*Unicode: U+00E1 (?)*/
    {.w_px = 10,   .offset = 45057},    /*Unicode: U+00E2 (?)*/
    {.w_px = 10,   .offset = 45287},    /*Unicode: U+00E3 (?)*/
    {.w_px = 10,   .offset = 45517},    /*Unicode: U+00E4 (?)*/
    {.w_px = 10,   .offset = 45747},    /*Unicode: U+00E5 (?)*/
    {.w_px = 18,   .offset = 45977},    /*Unicode: U+00E6 (?)*/
    {.w_px = 10,   .offset = 46391},    /*Unicode: U+00E7 (?)*/
    {.w_px = 11,   .offset = 46621},    /*Unicode: U+00E8 (?)*/
    {.w_px = 11,   .offset = 46874},    /*Unicode: U+00E9 (?)*/
    {.w_px = 11,   .offset = 47127},    /*Unicode: U+00EA (?)*/
    {.w_px = 11,   .offset = 47380},    /*Unicode: U+00EB (?)*/
    {.w_px = 5,   .offset = 47633},    /*Unicode: U+00EC (?)*/
    {.w_px = 5,   .offset = 47748},    /*Unicode: U+00ED (?)*/
    {.w_px = 7,   .offset = 47863},    /*Unicode: U+00EE (?)*/
    {.w_px = 5,   .offset = 48024},    /*Unicode: U+00EF (?)*/
    {.w_px = 11,   .offset = 48139},    /*Unicode: U+00F0 (?)*/
    {.w_px = 10,   .offset = 48392},    /*Unicode: U+00F1 (?)*/
    {.w_px = 11,   .offset = 48622},    /*Unicode: U+00F2 (?)*/
    {.w_px = 11,   .offset = 48875},    /*Unicode: U+00F3 (?)*/
    {.w_px = 11,   .offset = 49128},    /*Unicode: U+00F4 (?)*/
    {.w_px = 11,   .offset = 49381},    /*Unicode: U+00F5 (?)*/
    {.w_px = 11,   .offset = 49634},    /*Unicode: U+00F6 (?)*/
    {.w_px = 9,   .offset = 49887},    /*Unicode: U+00F7 (?)*/
    {.w_px = 11,   .offset = 50094},    /*Unicode: U+00F8 (?)*/
    {.w_px = 10,   .offset = 50347},    /*Unicode: U+00F9 (?)*/
    {.w_px = 10,   .offset = 50577},    /*Unicode: U+00FA (?)*/
    {.w_px = 10,   .offset = 50807},    /*Unicode: U+00FB (?)*/
    {.w_px = 10,   .offset = 51037},    /*Unicode: U+00FC (?)*/
    {.w_px = 12,   .offset = 51267},    /*Unicode: U+00FD (?)*/
    {.w_px = 11,   .offset = 51543},    /*Unicode: U+00FE (?)*/
    {.w_px = 12,   .offset = 51796},    /*Unicode: U+00FF (?)*/
};

ls_font_t montserrat_18 = {
    .glyph_id_first = 32,
    .glyph_id_last  = 255,
    .h_px           = 23,
    .base_line      = 18,
    .glyph_bitmap   = montserrat_18_glyph_bitmap,
    .glyph_dsc      = montserrat_18_glyph_dsc,
    .glyph_cnt      = 224,
};
