#include "ls_font.h"

static const unsigned char montserrat_14_glyph_bitmap[] = {
    /* Unicode: U+0020 */
    0x00, 0x00, 0x00, 0x00,
    0x00, 0x00, 0x00, 0x00,
    0x00, 0x00, 0x00, 0x00,
    0x00, 0x00, 0x00, 0x00,
    0x00, 0x00, 0x00, 0x00,
    0x00, 0x00, 0x00, 0x00,
    0x00, 0x00, 0x00, 0x00,
    0x00, 0x00, 0x00, 0x00,
    0x00, 0x00, 0x00, 0x00,
    0x00, 0x00, 0x00, 0x00,
    0x00, 0x00, 0x00, 0x00,
    0x00, 0x00, 0x00, 0x00,
    0x00, 0x00, 0x00, 0x00,
    0x00, 0x00, 0x00, 0x00,
    0x00, 0x00, 0x00, 0x00,
    0x00, 0x00, 0x00, 0x00,
    0x00, 0x00, 0x00, 0x00,
    0x00, 0x00, 0x00, 0x00,

    /* Unicode: U+0021 */
    0x00, 0x00, 0x00,
    0x00, 0x00, 0x00,
    0x00, 0x00, 0x00,
    0x00, 0x00, 0x00,
    0x00, 0xE4, 0xA6,
    0x00, 0xDA, 0x9D,
    0x00, 0xD1, 0x93,
    0x00, 0xC8, 0x89,
    0x00, 0xBF, 0x80,
    0x00, 0xB6, 0x76,
    0x00, 0xAD, 0x6C,
    0x00, 0x00, 0x00,
    0x00, 0xB3, 0x78,
    0x01, 0xD4, 0x96,
    0x00, 0x00, 0x00,
    0x00, 0x00, 0x00,
    0x00, 0x00, 0x00,
    0x00, 0x00, 0x00,

    /* Unicode: U+0022 */
    0x00, 0x00, 0x00, 0x00, 0x00,
    0x00, 0x00, 0x00, 0x00, 0x00,
    0x00, 0x00, 0x00, 0x00, 0x00,
    0x00, 0x00, 0x00, 0x00, 0x00,
    0x1E, 0xFF, 0x0B, 0x96, 0x93,
    0x18, 0xFF, 0x04, 0x90, 0x8C,
    0x12, 0xFD, 0x00, 0x8A, 0x85,
    0x0B, 0xF7, 0x00, 0x83, 0x7F,
    0x00, 0x00, 0x00, 0x00, 0x00,
    0x00, 0x00, 0x00, 0x00, 0x00,
    0x00, 0x00, 0x00, 0x00, 0x00,
    0x00, 0x00, 0x00, 0x00, 0x00,
    0x00, 0x00, 0x00, 0x00, 0x00,
    0x00, 0x00, 0x00, 0x00, 0x00,
    0x00, 0x00, 0x00, 0x00, 0x00,
    0x00, 0x00, 0x00, 0x00, 0x00,
    0x00, 0x00, 0x00, 0x00, 0x00,
    0x00, 0x00, 0x00, 0x00, 0x00,

    /* Unicode: U+0023 */
    0x00, 0x00, 0x00, 0x00, 0x00, 0x00, 0x00, 0x00, 0x00, 0x00,
    0x00, 0x00, 0x00, 0x00, 0x00, 0x00, 0x00, 0x00, 0x00, 0x00,
    0x00, 0x00, 0x00, 0x00, 0x00, 0x00, 0x00, 0x00, 0x00, 0x00,
    0x00, 0x00, 0x00, 0x00, 0x00, 0x00, 0x00, 0x00, 0x00, 0x00,
    0x00, 0x00, 0x00, 0xDD, 0x23, 0x00, 0x3D, 0xC3, 0x00, 0x00,
    0x00, 0x00, 0x07, 0xF5, 0x03, 0x00, 0x64, 0x9B, 0x00, 0x00,
    0x2C, 0xFF, 0xFF, 0xFF, 0xFF, 0xFF, 0xFF, 0xFF, 0xFF, 0x78,
    0x0B, 0x40, 0x73, 0xCC, 0x40, 0x40, 0xBB, 0x84, 0x40, 0x1E,
    0x00, 0x00, 0x61, 0x9F, 0x00, 0x00, 0xBF, 0x3F, 0x00, 0x00,
    0x05, 0x08, 0x84, 0x83, 0x08, 0x08, 0xDE, 0x26, 0x08, 0x00,
    0xA0, 0xFF, 0xFF, 0xFF, 0xFF, 0xFF, 0xFF, 0xFF, 0xFF, 0x04,
    0x23, 0x38, 0xCA, 0x6A, 0x38, 0x4A, 0xEA, 0x38, 0x38, 0x00,
    0x00, 0x00, 0xD5, 0x28, 0x00, 0x31, 0xCC, 0x00, 0x00, 0x00,
    0x00, 0x00, 0xF2, 0x0D, 0x00, 0x4E, 0xB1, 0x00, 0x00, 0x00,
    0x00, 0x00, 0x00, 0x00, 0x00, 0x00, 0x00, 0x00, 0x00, 0x00,
    0x00, 0x00, 0x00, 0x00, 0x00, 0x00, 0x00, 0x00, 0x00, 0x00,
    0x00, 0x00, 0x00, 0x00, 0x00, 0x00, 0x00, 0x00, 0x00, 0x00,
    0x00, 0x00, 0x00, 0x00, 0x00, 0x00, 0x00, 0x00, 0x00, 0x00,

    /* Unicode: U+0024 */
    0x00, 0x00, 0x00, 0x00, 0x00, 0x00, 0x00, 0x00, 0x00,
    0x00, 0x00, 0x00, 0x04, 0x70, 0x00, 0x00, 0x00, 0x00,
    0x00, 0x00, 0x00, 0x08, 0xE0, 0x00, 0x00, 0x00, 0x00,
    0x00, 0x00, 0x00, 0x08, 0xE0, 0x00, 0x00, 0x00, 0x00,
    0x00, 0x16, 0x9C, 0xE6, 0xFF, 0xE7, 0xB1, 0x36, 0x00,
    0x00, 0xCA, 0xD9, 0x60, 0xE8, 0x5A, 0xA7, 0x74, 0x00,
    0x20, 0xFF, 0x43, 0x08, 0xE0, 0x00, 0x00, 0x00, 0x00,
    0x12, 0xFA, 0x8B, 0x0B, 0xE0, 0x00, 0x00, 0x00, 0x00,
    0x00, 0x6C, 0xF9, 0xEA, 0xF0, 0x5E, 0x10, 0x00, 0x00,
    0x00, 0x00, 0x19, 0x6E, 0xF9, 0xF4, 0xF3, 0x57, 0x00,
    0x00, 0x00, 0x00, 0x08, 0xE0, 0x0C, 0xA5, 0xF3, 0x07,
    0x01, 0x19, 0x00, 0x08, 0xE0, 0x00, 0x52, 0xFF, 0x10,
    0x40, 0xEF, 0x88, 0x52, 0xE7, 0x5E, 0xDC, 0xBA, 0x00,
    0x01, 0x63, 0xC8, 0xF5, 0xFF, 0xE7, 0x97, 0x12, 0x00,
    0x00, 0x00, 0x00, 0x08, 0xE0, 0x00, 0x00, 0x00, 0x00,
    0x00, 0x00, 0x00, 0x03, 0x6C, 0x00, 0x00, 0x00, 0x00,
    0x00, 0x00, 0x00, 0x00, 0x00, 0x00, 0x00, 0x00, 0x00,
    0x00, 0x00, 0x00, 0x00, 0x00, 0x00, 0x00, 0x00, 0x00,

    /* Unicode: U+0025 */
    0x00, 0x00, 0x00, 0x00, 0x00, 0x00, 0x00, 0x00, 0x00, 0x00, 0x00, 0x00,
    0x00, 0x00, 0x00, 0x00, 0x00, 0x00, 0x00, 0x00, 0x00, 0x00, 0x00, 0x00,
    0x00, 0x00, 0x00, 0x00, 0x00, 0x00, 0x00, 0x00, 0x00, 0x00, 0x00, 0x00,
    0x00, 0x00, 0x00, 0x00, 0x00, 0x00, 0x00, 0x00, 0x00, 0x00, 0x00, 0x00,
    0x00, 0x8C, 0xEF, 0xD9, 0x3B, 0x00, 0x00, 0x00, 0xA2, 0x71, 0x00, 0x00,
    0x49, 0xDD, 0x51, 0x7B, 0xDC, 0x00, 0x00, 0x4D, 0xC4, 0x02, 0x00, 0x00,
    0x72, 0x77, 0x00, 0x00, 0xDF, 0x06, 0x11, 0xDC, 0x25, 0x00, 0x00, 0x00,
    0x42, 0xB6, 0x07, 0x2C, 0xCE, 0x00, 0xA3, 0x70, 0x00, 0x00, 0x00, 0x00,
    0x00, 0x7B, 0xD6, 0xC5, 0x32, 0x4E, 0xC2, 0x43, 0xCF, 0xCF, 0x42, 0x00,
    0x00, 0x00, 0x00, 0x00, 0x12, 0xDD, 0x2D, 0xD4, 0x1B, 0x1D, 0xD7, 0x09,
    0x00, 0x00, 0x00, 0x00, 0xA5, 0x6E, 0x32, 0xAA, 0x00, 0x00, 0xAB, 0x35,
    0x00, 0x00, 0x00, 0x50, 0xC2, 0x01, 0x34, 0xB8, 0x00, 0x00, 0xBA, 0x37,
    0x00, 0x00, 0x12, 0xDD, 0x23, 0x00, 0x0A, 0xE9, 0x6A, 0x6D, 0xEC, 0x0C,
    0x00, 0x00, 0xA6, 0x6D, 0x00, 0x00, 0x00, 0x4D, 0xE3, 0xE3, 0x4F, 0x00,
    0x00, 0x00, 0x00, 0x00, 0x00, 0x00, 0x00, 0x00, 0x00, 0x00, 0x00, 0x00,
    0x00, 0x00, 0x00, 0x00, 0x00, 0x00, 0x00, 0x00, 0x00, 0x00, 0x00, 0x00,
    0x00, 0x00, 0x00, 0x00, 0x00, 0x00, 0x00, 0x00, 0x00, 0x00, 0x00, 0x00,
    0x00, 0x00, 0x00, 0x00, 0x00, 0x00, 0x00, 0x00, 0x00, 0x00, 0x00, 0x00,

    /* Unicode: U+0026 */
    0x00, 0x00, 0x00, 0x00, 0x00, 0x00, 0x00, 0x00, 0x00, 0x00,
    0x00, 0x00, 0x00, 0x00, 0x00, 0x00, 0x00, 0x00, 0x00, 0x00,
    0x00, 0x00, 0x00, 0x00, 0x00, 0x00, 0x00, 0x00, 0x00, 0x00,
    0x00, 0x00, 0x00, 0x00, 0x00, 0x00, 0x00, 0x00, 0x00, 0x00,
    0x00, 0x00, 0x47, 0xD3, 0xF6, 0xCD, 0x32, 0x00, 0x00, 0x00,
    0x00, 0x09, 0xF3, 0x9F, 0x49, 0xAC, 0xCA, 0x00, 0x00, 0x00,
    0x00, 0x21, 0xFF, 0x24, 0x00, 0x4B, 0xD9, 0x00, 0x00, 0x00,
    0x00, 0x00, 0xCF, 0x95, 0x34, 0xDB, 0x5E, 0x00, 0x00, 0x00,
    0x00, 0x00, 0x45, 0xFF, 0xF8, 0x4C, 0x00, 0x00, 0x00, 0x00,
    0x00, 0x54, 0xE8, 0x7D, 0xE1, 0x9D, 0x03, 0x29, 0x69, 0x00,
    0x20, 0xFA, 0x3C, 0x00, 0x1D, 0xD8, 0xAB, 0x96, 0xAF, 0x00,
    0x55, 0xFD, 0x0A, 0x00, 0x00, 0x15, 0xD2, 0xFF, 0x43, 0x00,
    0x1F, 0xF7, 0xBE, 0x55, 0x4F, 0x88, 0xF5, 0xDA, 0xC4, 0x0D,
    0x00, 0x38, 0xBB, 0xF3, 0xF6, 0xC3, 0x4A, 0x0B, 0xAA, 0x1C,
    0x00, 0x00, 0x00, 0x00, 0x00, 0x00, 0x00, 0x00, 0x00, 0x00,
    0x00, 0x00, 0x00, 0x00, 0x00, 0x00, 0x00, 0x00, 0x00, 0x00,
    0x00, 0x00, 0x00, 0x00, 0x00, 0x00, 0x00, 0x00, 0x00, 0x00,
    0x00, 0x00, 0x00, 0x00, 0x00, 0x00, 0x00, 0x00, 0x00, 0x00,

    /* Unicode: U+0027 */
    0x00, 0x00, 0x00,
    0x00, 0x00, 0x00,
    0x00, 0x00, 0x00,
    0x00, 0x00, 0x00,
    0x1E, 0xFF, 0x0B,
    0x18, 0xFF, 0x04,
    0x12, 0xFD, 0x00,
    0x0B, 0xF7, 0x00,
    0x00, 0x00, 0x00,
    0x00, 0x00, 0x00,
    0x00, 0x00, 0x00,
    0x00, 0x00, 0x00,
    0x00, 0x00, 0x00,
    0x00, 0x00, 0x00,
    0x00, 0x00, 0x00,
    0x00, 0x00, 0x00,
    0x00, 0x00, 0x00,
    0x00, 0x00, 0x00,

    /* Unicode: U+0028 */
    0x00, 0x00, 0x00, 0x00,
    0x00, 0x00, 0x00, 0x00,
    0x00, 0x00, 0x00, 0x00,
    0x00, 0x3D, 0xF6, 0x13,
    0x00, 0xB3, 0x9A, 0x00,
    0x0E, 0xF9, 0x45, 0x00,
    0x4B, 0xFA, 0x06, 0x00,
    0x79, 0xD5, 0x00, 0x00,
    0x96, 0xB7, 0x00, 0x00,
    0xA5, 0xAA, 0x00, 0x00,
    0xA5, 0xAA, 0x00, 0x00,
    0x96, 0xB7, 0x00, 0x00,
    0x79, 0xD5, 0x00, 0x00,
    0x4B, 0xFA, 0x06, 0x00,
    0x0E, 0xF9, 0x45, 0x00,
    0x00, 0xB2, 0x9A, 0x00,
    0x00, 0x3D, 0xF6, 0x14,
    0x00, 0x00, 0x00, 0x00,

    /* Unicode: U+0029 */
    0x00, 0x00, 0x00, 0x00,
    0x00, 0x00, 0x00, 0x00,
    0x00, 0x00, 0x00, 0x00,
    0x53, 0xEB, 0x0B, 0x00,
    0x02, 0xE0, 0x6E, 0x00,
    0x00, 0x8E, 0xC3, 0x00,
    0x00, 0x49, 0xFD, 0x0A,
    0x00, 0x1C, 0xFF, 0x34,
    0x00, 0x00, 0xFC, 0x52,
    0x00, 0x00, 0xEF, 0x60,
    0x00, 0x00, 0xEF, 0x60,
    0x00, 0x00, 0xFC, 0x52,
    0x00, 0x1C, 0xFF, 0x34,
    0x00, 0x49, 0xFD, 0x0A,
    0x00, 0x8E, 0xC2, 0x00,
    0x02, 0xDF, 0x6D, 0x00,
    0x53, 0xEB, 0x0B, 0x00,
    0x00, 0x00, 0x00, 0x00,

    /* Unicode: U+002A */
    0x00, 0x00, 0x00, 0x00, 0x00, 0x00,
    0x00, 0x00, 0x00, 0x00, 0x00, 0x00,
    0x00, 0x00, 0x00, 0x00, 0x00, 0x00,
    0x00, 0x00, 0xA0, 0x36, 0x00, 0x00,
    0x6E, 0x5D, 0x9E, 0x46, 0x9C, 0x1D,
    0x28, 0xBF, 0xF6, 0xF0, 0x82, 0x07,
    0x1B, 0xAF, 0xFB, 0xF0, 0x6F, 0x02,
    0x7B, 0x70, 0xA0, 0x4F, 0xB0, 0x22,
    0x00, 0x00, 0x9F, 0x37, 0x00, 0x00,
    0x00, 0x00, 0x00, 0x00, 0x00, 0x00,
    0x00, 0x00, 0x00, 0x00, 0x00, 0x00,
    0x00, 0x00, 0x00, 0x00, 0x00, 0x00,
    0x00, 0x00, 0x00, 0x00, 0x00, 0x00,
    0x00, 0x00, 0x00, 0x00, 0x00, 0x00,
    0x00, 0x00, 0x00, 0x00, 0x00, 0x00,
    0x00, 0x00, 0x00, 0x00, 0x00, 0x00,
    0x00, 0x00, 0x00, 0x00, 0x00, 0x00,
    0x00, 0x00, 0x00, 0x00, 0x00, 0x00,

    /* Unicode: U+002B */
    0x00, 0x00, 0x00, 0x00, 0x00, 0x00, 0x00, 0x00,
    0x00, 0x00, 0x00, 0x00, 0x00, 0x00, 0x00, 0x00,
    0x00, 0x00, 0x00, 0x00, 0x00, 0x00, 0x00, 0x00,
    0x00, 0x00, 0x00, 0x00, 0x00, 0x00, 0x00, 0x00,
    0x00, 0x00, 0x00, 0x00, 0x00, 0x00, 0x00, 0x00,
    0x00, 0x00, 0x00, 0x84, 0xA8, 0x00, 0x00, 0x00,
    0x00, 0x00, 0x00, 0x84, 0xA8, 0x00, 0x00, 0x00,
    0x00, 0x08, 0x08, 0x87, 0xAA, 0x08, 0x08, 0x01,
    0x10, 0xFF, 0xFF, 0xFF, 0xFF, 0xFF, 0xFF, 0x34,
    0x03, 0x38, 0x38, 0x9F, 0xBB, 0x38, 0x38, 0x0B,
    0x00, 0x00, 0x00, 0x84, 0xA8, 0x00, 0x00, 0x00,
    0x00, 0x00, 0x00, 0x84, 0xA8, 0x00, 0x00, 0x00,
    0x00, 0x00, 0x00, 0x00, 0x00, 0x00, 0x00, 0x00,
    0x00, 0x00, 0x00, 0x00, 0x00, 0x00, 0x00, 0x00,
    0x00, 0x00, 0x00, 0x00, 0x00, 0x00, 0x00, 0x00,
    0x00, 0x00, 0x00, 0x00, 0x00, 0x00, 0x00, 0x00,
    0x00, 0x00, 0x00, 0x00, 0x00, 0x00, 0x00, 0x00,
    0x00, 0x00, 0x00, 0x00, 0x00, 0x00, 0x00, 0x00,

    /* Unicode: U+002C */
    0x00, 0x00, 0x00,
    0x00, 0x00, 0x00,
    0x00, 0x00, 0x00,
    0x00, 0x00, 0x00,
    0x00, 0x00, 0x00,
    0x00, 0x00, 0x00,
    0x00, 0x00, 0x00,
    0x00, 0x00, 0x00,
    0x00, 0x00, 0x00,
    0x00, 0x00, 0x00,
    0x00, 0x00, 0x00,
    0x00, 0x00, 0x00,
    0x2C, 0xEF, 0x54,
    0x25, 0xF1, 0x6B,
    0x00, 0xE2, 0x1E,
    0x24, 0xC9, 0x00,
    0x00, 0x00, 0x00,
    0x00, 0x00, 0x00,

    /* Unicode: U+002D */
    0x00, 0x00, 0x00, 0x00, 0x00,
    0x00, 0x00, 0x00, 0x00, 0x00,
    0x00, 0x00, 0x00, 0x00, 0x00,
    0x00, 0x00, 0x00, 0x00, 0x00,
    0x00, 0x00, 0x00, 0x00, 0x00,
    0x00, 0x00, 0x00, 0x00, 0x00,
    0x00, 0x00, 0x00, 0x00, 0x00,
    0x00, 0x00, 0x00, 0x00, 0x00,
    0x01, 0x08, 0x08, 0x08, 0x04,
    0x34, 0xFF, 0xFF, 0xFF, 0x90,
    0x0B, 0x38, 0x38, 0x38, 0x1F,
    0x00, 0x00, 0x00, 0x00, 0x00,
    0x00, 0x00, 0x00, 0x00, 0x00,
    0x00, 0x00, 0x00, 0x00, 0x00,
    0x00, 0x00, 0x00, 0x00, 0x00,
    0x00, 0x00, 0x00, 0x00, 0x00,
    0x00, 0x00, 0x00, 0x00, 0x00,
    0x00, 0x00, 0x00, 0x00, 0x00,

    /* Unicode: U+002E */
    0x00, 0x00, 0x00,
    0x00, 0x00, 0x00,
    0x00, 0x00, 0x00,
    0x00, 0x00, 0x00,
    0x00, 0x00, 0x00,
    0x00, 0x00, 0x00,
    0x00, 0x00, 0x00,
    0x00, 0x00, 0x00,
    0x00, 0x00, 0x00,
    0x00, 0x00, 0x00,
    0x00, 0x00, 0x00,
    0x00, 0x00, 0x00,
    0x30, 0xF2, 0x55,
    0x30, 0xEF, 0x51,
    0x00, 0x00, 0x00,
    0x00, 0x00, 0x00,
    0x00, 0x00, 0x00,
    0x00, 0x00, 0x00,

    /* Unicode: U+002F */
    0x00, 0x00, 0x00, 0x00, 0x00, 0x00, 0x00,
    0x00, 0x00, 0x00, 0x00, 0x03, 0xEB, 0x49,
    0x00, 0x00, 0x00, 0x00, 0x43, 0xEF, 0x05,
    0x00, 0x00, 0x00, 0x00, 0x98, 0xA0, 0x00,
    0x00, 0x00, 0x00, 0x03, 0xE9, 0x4B, 0x00,
    0x00, 0x00, 0x00, 0x41, 0xF0, 0x06, 0x00,
    0x00, 0x00, 0x00, 0x95, 0xA2, 0x00, 0x00,
    0x00, 0x00, 0x02, 0xE7, 0x4D, 0x00, 0x00,
    0x00, 0x00, 0x3F, 0xF1, 0x07, 0x00, 0x00,
    0x00, 0x00, 0x93, 0xA4, 0x00, 0x00, 0x00,
    0x00, 0x01, 0xE5, 0x50, 0x00, 0x00, 0x00,
    0x00, 0x3C, 0xF3, 0x08, 0x00, 0x00, 0x00,
    0x00, 0x91, 0xA7, 0x00, 0x00, 0x00, 0x00,
    0x01, 0xE3, 0x52, 0x00, 0x00, 0x00, 0x00,
    0x3A, 0xF4, 0x09, 0x00, 0x00, 0x00, 0x00,
    0x00, 0x00, 0x00, 0x00, 0x00, 0x00, 0x00,
    0x00, 0x00, 0x00, 0x00, 0x00, 0x00, 0x00,
    0x00, 0x00, 0x00, 0x00, 0x00, 0x00, 0x00,

    /* Unicode: U+0030 */
    0x00, 0x00, 0x00, 0x00, 0x00, 0x00, 0x00, 0x00, 0x00,
    0x00, 0x00, 0x00, 0x00, 0x00, 0x00, 0x00, 0x00, 0x00,
    0x00, 0x00, 0x00, 0x00, 0x00, 0x00, 0x00, 0x00, 0x00,
    0x00, 0x00, 0x00, 0x00, 0x00, 0x00, 0x00, 0x00, 0x00,
    0x00, 0x00, 0x48, 0xC9, 0xF5, 0xE0, 0x7D, 0x03, 0x00,
    0x00, 0x4A, 0xFD, 0xA2, 0x50, 0x76, 0xF5, 0x9B, 0x00,
    0x00, 0xD9, 0xAB, 0x00, 0x00, 0x00, 0x54, 0xFF, 0x2E,
    0x29, 0xFF, 0x44, 0x00, 0x00, 0x00, 0x02, 0xEA, 0x7F,
    0x49, 0xFF, 0x21, 0x00, 0x00, 0x00, 0x00, 0xCA, 0xA0,
    0x49, 0xFF, 0x21, 0x00, 0x00, 0x00, 0x00, 0xCA, 0x9F,
    0x29, 0xFF, 0x43, 0x00, 0x00, 0x00, 0x02, 0xEA, 0x7F,
    0x00, 0xDA, 0xA9, 0x00, 0x00, 0x00, 0x52, 0xFF, 0x30,
    0x00, 0x4B, 0xFD, 0xA0, 0x4F, 0x74, 0xF4, 0x9C, 0x00,
    0x00, 0x00, 0x49, 0xC9, 0xF6, 0xE0, 0x7D, 0x03, 0x00,
    0x00, 0x00, 0x00, 0x00, 0x00, 0x00, 0x00, 0x00, 0x00,
    0x00, 0x00, 0x00, 0x00, 0x00, 0x00, 0x00, 0x00, 0x00,
    0x00, 0x00, 0x00, 0x00, 0x00, 0x00, 0x00, 0x00, 0x00,
    0x00, 0x00, 0x00, 0x00, 0x00, 0x00, 0x00, 0x00, 0x00,

    /* Unicode: U+0031 */
    0x00, 0x00, 0x00, 0x00,
    0x00, 0x00, 0x00, 0x00,
    0x00, 0x00, 0x00, 0x00,
    0x00, 0x00, 0x00, 0x00,
    0xE4, 0xFF, 0xFF, 0xB4,
    0x39, 0x40, 0xC1, 0xB4,
    0x00, 0x00, 0xAC, 0xB4,
    0x00, 0x00, 0xAC, 0xB4,
    0x00, 0x00, 0xAC, 0xB4,
    0x00, 0x00, 0xAC, 0xB4,
    0x00, 0x00, 0xAC, 0xB4,
    0x00, 0x00, 0xAC, 0xB4,
    0x00, 0x00, 0xAC, 0xB4,
    0x00, 0x00, 0xAC, 0xB4,
    0x00, 0x00, 0x00, 0x00,
    0x00, 0x00, 0x00, 0x00,
    0x00, 0x00, 0x00, 0x00,
    0x00, 0x00, 0x00, 0x00,

    /* Unicode: U+0032 */
    0x00, 0x00, 0x00, 0x00, 0x00, 0x00, 0x00, 0x00,
    0x00, 0x00, 0x00, 0x00, 0x00, 0x00, 0x00, 0x00,
    0x00, 0x00, 0x00, 0x00, 0x00, 0x00, 0x00, 0x00,
    0x00, 0x00, 0x00, 0x00, 0x00, 0x00, 0x00, 0x00,
    0x07, 0x78, 0xD4, 0xF7, 0xE6, 0x9F, 0x17, 0x00,
    0x87, 0xE6, 0x72, 0x47, 0x65, 0xE4, 0xC5, 0x00,
    0x07, 0x19, 0x00, 0x00, 0x00, 0x5B, 0xFF, 0x14,
    0x00, 0x00, 0x00, 0x00, 0x00, 0x6A, 0xFB, 0x0B,
    0x00, 0x00, 0x00, 0x00, 0x11, 0xDC, 0xA0, 0x00,
    0x00, 0x00, 0x00, 0x10, 0xC9, 0xCB, 0x0D, 0x00,
    0x00, 0x00, 0x13, 0xCE, 0xC9, 0x10, 0x00, 0x00,
    0x00, 0x16, 0xD2, 0xC4, 0x0E, 0x00, 0x00, 0x00,
    0x19, 0xD6, 0xE4, 0x4B, 0x40, 0x40, 0x40, 0x24,
    0x7B, 0xFF, 0xFF, 0xFF, 0xFF, 0xFF, 0xFF, 0x90,
    0x00, 0x00, 0x00, 0x00, 0x00, 0x00, 0x00, 0x00,
    0x00, 0x00, 0x00, 0x00, 0x00, 0x00, 0x00, 0x00,
    0x00, 0x00, 0x00, 0x00, 0x00, 0x00, 0x00, 0x00,
    0x00, 0x00, 0x00, 0x00, 0x00, 0x00, 0x00, 0x00,

    /* Unicode: U+0033 */
    0x00, 0x00, 0x00, 0x00, 0x00, 0x00, 0x00, 0x00,
    0x00, 0x00, 0x00, 0x00, 0x00, 0x00, 0x00, 0x00,
    0x00, 0x00, 0x00, 0x00, 0x00, 0x00, 0x00, 0x00,
    0x00, 0x00, 0x00, 0x00, 0x00, 0x00, 0x00, 0x00,
    0x7C, 0xFF, 0xFF, 0xFF, 0xFF, 0xFF, 0xFB, 0x00,
    0x1F, 0x40, 0x40, 0x40, 0x56, 0xF7, 0x90, 0x00,
    0x00, 0x00, 0x00, 0x05, 0xC2, 0xBE, 0x04, 0x00,
    0x00, 0x00, 0x00, 0x98, 0xDF, 0x14, 0x00, 0x00,
    0x00, 0x00, 0x33, 0xFF, 0xE1, 0x91, 0x16, 0x00,
    0x00, 0x00, 0x0F, 0x46, 0x63, 0xD4, 0xDB, 0x0A,
    0x00, 0x00, 0x00, 0x00, 0x00, 0x24, 0xFF, 0x49,
    0x14, 0x01, 0x00, 0x00, 0x00, 0x25, 0xFF, 0x4C,
    0xB7, 0xC6, 0x67, 0x46, 0x5F, 0xD3, 0xDF, 0x09,
    0x2A, 0xA0, 0xE2, 0xFA, 0xEC, 0xA9, 0x20, 0x00,
    0x00, 0x00, 0x00, 0x00, 0x00, 0x00, 0x00, 0x00,
    0x00, 0x00, 0x00, 0x00, 0x00, 0x00, 0x00, 0x00,
    0x00, 0x00, 0x00, 0x00, 0x00, 0x00, 0x00, 0x00,
    0x00, 0x00, 0x00, 0x00, 0x00, 0x00, 0x00, 0x00,

    /* Unicode: U+0034 */
    0x00, 0x00, 0x00, 0x00, 0x00, 0x00, 0x00, 0x00, 0x00, 0x00,
    0x00, 0x00, 0x00, 0x00, 0x00, 0x00, 0x00, 0x00, 0x00, 0x00,
    0x00, 0x00, 0x00, 0x00, 0x00, 0x00, 0x00, 0x00, 0x00, 0x00,
    0x00, 0x00, 0x00, 0x00, 0x00, 0x00, 0x00, 0x00, 0x00, 0x00,
    0x00, 0x00, 0x00, 0x00, 0x0B, 0xD1, 0xA7, 0x00, 0x00, 0x00,
    0x00, 0x00, 0x00, 0x00, 0xAA, 0xCF, 0x0A, 0x00, 0x00, 0x00,
    0x00, 0x00, 0x00, 0x7B, 0xEB, 0x1F, 0x00, 0x00, 0x00, 0x00,
    0x00, 0x00, 0x4C, 0xF9, 0x40, 0x00, 0x1B, 0x09, 0x00, 0x00,
    0x00, 0x28, 0xF1, 0x6C, 0x00, 0x00, 0xFC, 0x58, 0x00, 0x00,
    0x10, 0xD9, 0xA7, 0x0C, 0x0C, 0x0C, 0xFC, 0x5F, 0x0C, 0x02,
    0x74, 0xFF, 0xFF, 0xFF, 0xFF, 0xFF, 0xFF, 0xFF, 0xFF, 0x34,
    0x1C, 0x3C, 0x3C, 0x3C, 0x3C, 0x3F, 0xFF, 0x7F, 0x3C, 0x0C,
    0x00, 0x00, 0x00, 0x00, 0x00, 0x04, 0xFF, 0x58, 0x00, 0x00,
    0x00, 0x00, 0x00, 0x00, 0x00, 0x04, 0xFF, 0x58, 0x00, 0x00,
    0x00, 0x00, 0x00, 0x00, 0x00, 0x00, 0x00, 0x00, 0x00, 0x00,
    0x00, 0x00, 0x00, 0x00, 0x00, 0x00, 0x00, 0x00, 0x00, 0x00,
    0x00, 0x00, 0x00, 0x00, 0x00, 0x00, 0x00, 0x00, 0x00, 0x00,
    0x00, 0x00, 0x00, 0x00, 0x00, 0x00, 0x00, 0x00, 0x00, 0x00,

    /* Unicode: U+0035 */
    0x00, 0x00, 0x00, 0x00, 0x00, 0x00, 0x00, 0x00,
    0x00, 0x00, 0x00, 0x00, 0x00, 0x00, 0x00, 0x00,
    0x00, 0x00, 0x00, 0x00, 0x00, 0x00, 0x00, 0x00,
    0x00, 0x00, 0x00, 0x00, 0x00, 0x00, 0x00, 0x00,
    0x00, 0x95, 0xFF, 0xFF, 0xFF, 0xFF, 0xFF, 0x00,
    0x00, 0xAE, 0xB3, 0x40, 0x40, 0x40, 0x40, 0x00,
    0x00, 0xC7, 0x84, 0x00, 0x00, 0x00, 0x00, 0x00,
    0x00, 0xE1, 0x70, 0x05, 0x00, 0x00, 0x00, 0x00,
    0x00, 0xF9, 0xFF, 0xFF, 0xF5, 0xC0, 0x40, 0x00,
    0x02, 0x38, 0x38, 0x3F, 0x5B, 0xC2, 0xF5, 0x27,
    0x00, 0x00, 0x00, 0x00, 0x00, 0x08, 0xF4, 0x74,
    0x0E, 0x07, 0x00, 0x00, 0x00, 0x08, 0xF4, 0x77,
    0x8C, 0xD8, 0x72, 0x47, 0x56, 0xBF, 0xF4, 0x21,
    0x19, 0x90, 0xDA, 0xF9, 0xF1, 0xBA, 0x35, 0x00,
    0x00, 0x00, 0x00, 0x00, 0x00, 0x00, 0x00, 0x00,
    0x00, 0x00, 0x00, 0x00, 0x00, 0x00, 0x00, 0x00,
    0x00, 0x00, 0x00, 0x00, 0x00, 0x00, 0x00, 0x00,
    0x00, 0x00, 0x00, 0x00, 0x00, 0x00, 0x00, 0x00,

    /* Unicode: U+0036 */
    0x00, 0x00, 0x00, 0x00, 0x00, 0x00, 0x00, 0x00, 0x00,
    0x00, 0x00, 0x00, 0x00, 0x00, 0x00, 0x00, 0x00, 0x00,
    0x00, 0x00, 0x00, 0x00, 0x00, 0x00, 0x00, 0x00, 0x00,
    0x00, 0x00, 0x00, 0x00, 0x00, 0x00, 0x00, 0x00, 0x00,
    0x00, 0x00, 0x28, 0xA6, 0xE7, 0xF7, 0xD7, 0x5E, 0x00,
    0x00, 0x31, 0xF2, 0xCD, 0x66, 0x49, 0x6F, 0x3F, 0x00,
    0x00, 0xC8, 0xC8, 0x05, 0x00, 0x00, 0x00, 0x00, 0x00,
    0x20, 0xFF, 0x50, 0x00, 0x01, 0x00, 0x00, 0x00, 0x00,
    0x45, 0xFF, 0x50, 0xBD, 0xFA, 0xF7, 0xB0, 0x1F, 0x00,
    0x4E, 0xFF, 0xEA, 0x85, 0x45, 0x5C, 0xDA, 0xD7, 0x03,
    0x33, 0xFF, 0x87, 0x00, 0x00, 0x00, 0x37, 0xFF, 0x35,
    0x05, 0xEA, 0x88, 0x00, 0x00, 0x00, 0x3A, 0xFF, 0x2D,
    0x00, 0x68, 0xFC, 0x8B, 0x4D, 0x62, 0xDE, 0xC5, 0x00,
    0x00, 0x00, 0x5D, 0xD1, 0xF9, 0xEB, 0x9C, 0x13, 0x00,
    0x00, 0x00, 0x00, 0x00, 0x00, 0x00, 0x00, 0x00, 0x00,
    0x00, 0x00, 0x00, 0x00, 0x00, 0x00, 0x00, 0x00, 0x00,
    0x00, 0x00, 0x00, 0x00, 0x00, 0x00, 0x00, 0x00, 0x00,
    0x00, 0x00, 0x00, 0x00, 0x00, 0x00, 0x00, 0x00, 0x00,

    /* Unicode: U+0037 */
    0x00, 0x00, 0x00, 0x00, 0x00, 0x00, 0x00, 0x00,
    0x00, 0x00, 0x00, 0x00, 0x00, 0x00, 0x00, 0x00,
    0x00, 0x00, 0x00, 0x00, 0x00, 0x00, 0x00, 0x00,
    0x00, 0x00, 0x00, 0x00, 0x00, 0x00, 0x00, 0x00,
    0x94, 0xFF, 0xFF, 0xFF, 0xFF, 0xFF, 0xFF, 0xCF,
    0x94, 0xD3, 0x40, 0x40, 0x40, 0x42, 0xEE, 0x95,
    0x94, 0xC4, 0x00, 0x00, 0x00, 0x4F, 0xFE, 0x26,
    0x02, 0x03, 0x00, 0x00, 0x00, 0xC1, 0xB4, 0x00,
    0x00, 0x00, 0x00, 0x00, 0x32, 0xFF, 0x43, 0x00,
    0x00, 0x00, 0x00, 0x00, 0xA4, 0xD2, 0x00, 0x00,
    0x00, 0x00, 0x00, 0x1B, 0xFA, 0x62, 0x00, 0x00,
    0x00, 0x00, 0x00, 0x88, 0xE9, 0x07, 0x00, 0x00,
    0x00, 0x00, 0x0B, 0xEE, 0x80, 0x00, 0x00, 0x00,
    0x00, 0x00, 0x6B, 0xF8, 0x17, 0x00, 0x00, 0x00,
    0x00, 0x00, 0x00, 0x00, 0x00, 0x00, 0x00, 0x00,
    0x00, 0x00, 0x00, 0x00, 0x00, 0x00, 0x00, 0x00,
    0x00, 0x00, 0x00, 0x00, 0x00, 0x00, 0x00, 0x00,
    0x00, 0x00, 0x00, 0x00, 0x00, 0x00, 0x00, 0x00,

    /* Unicode: U+0038 */
    0x00, 0x00, 0x00, 0x00, 0x00, 0x00, 0x00, 0x00, 0x00,
    0x00, 0x00, 0x00, 0x00, 0x00, 0x00, 0x00, 0x00, 0x00,
    0x00, 0x00, 0x00, 0x00, 0x00, 0x00, 0x00, 0x00, 0x00,
    0x00, 0x00, 0x00, 0x00, 0x00, 0x00, 0x00, 0x00, 0x00,
    0x00, 0x13, 0x98, 0xE5, 0xFA, 0xE5, 0x99, 0x14, 0x00,
    0x00, 0xBE, 0xE6, 0x69, 0x47, 0x69, 0xE5, 0xC1, 0x00,
    0x01, 0xFD, 0x6C, 0x00, 0x00, 0x00, 0x65, 0xFE, 0x03,
    0x00, 0xC6, 0xC7, 0x2F, 0x0E, 0x2E, 0xC4, 0xC7, 0x00,
    0x00, 0x25, 0xEE, 0xFF, 0xFF, 0xFF, 0xEE, 0x26, 0x00,
    0x09, 0xD9, 0xD4, 0x5E, 0x3F, 0x5E, 0xD4, 0xD9, 0x0A,
    0x51, 0xFF, 0x24, 0x00, 0x00, 0x00, 0x21, 0xFF, 0x54,
    0x52, 0xFF, 0x29, 0x00, 0x00, 0x00, 0x27, 0xFF, 0x54,
    0x0B, 0xE1, 0xDB, 0x66, 0x47, 0x67, 0xDB, 0xE2, 0x0C,
    0x00, 0x1D, 0xA1, 0xE7, 0xFB, 0xE7, 0xA1, 0x1E, 0x00,
    0x00, 0x00, 0x00, 0x00, 0x00, 0x00, 0x00, 0x00, 0x00,
    0x00, 0x00, 0x00, 0x00, 0x00, 0x00, 0x00, 0x00, 0x00,
    0x00, 0x00, 0x00, 0x00, 0x00, 0x00, 0x00, 0x00, 0x00,
    0x00, 0x00, 0x00, 0x00, 0x00, 0x00, 0x00, 0x00, 0x00,

    /* Unicode: U+0039 */
    0x00, 0x00, 0x00, 0x00, 0x00, 0x00, 0x00, 0x00,
    0x00, 0x00, 0x00, 0x00, 0x00, 0x00, 0x00, 0x00,
    0x00, 0x00, 0x00, 0x00, 0x00, 0x00, 0x00, 0x00,
    0x00, 0x00, 0x00, 0x00, 0x00, 0x00, 0x00, 0x00,
    0x00, 0x36, 0xBE, 0xF5, 0xEF, 0xAF, 0x26, 0x00,
    0x24, 0xF4, 0xB4, 0x4F, 0x5E, 0xBA, 0xEB, 0x1A,
    0x83, 0xE2, 0x04, 0x00, 0x00, 0x04, 0xE3, 0x91,
    0x90, 0xD4, 0x00, 0x00, 0x00, 0x00, 0xD6, 0xD6,
    0x4B, 0xFF, 0x7E, 0x18, 0x24, 0x94, 0xFC, 0xF1,
    0x00, 0x7B, 0xF6, 0xFF, 0xFF, 0xC3, 0x96, 0xE7,
    0x00, 0x00, 0x0C, 0x30, 0x1F, 0x00, 0xA5, 0xC3,
    0x00, 0x00, 0x00, 0x00, 0x00, 0x26, 0xF9, 0x6A,
    0x00, 0x6F, 0x56, 0x4B, 0x79, 0xEE, 0xC1, 0x03,
    0x03, 0xA6, 0xEA, 0xF8, 0xD9, 0x7E, 0x07, 0x00,
    0x00, 0x00, 0x00, 0x00, 0x00, 0x00, 0x00, 0x00,
    0x00, 0x00, 0x00, 0x00, 0x00, 0x00, 0x00, 0x00,
    0x00, 0x00, 0x00, 0x00, 0x00, 0x00, 0x00, 0x00,
    0x00, 0x00, 0x00, 0x00, 0x00, 0x00, 0x00, 0x00,

    /* Unicode: U+003A */
    0x00, 0x00, 0x00,
    0x00, 0x00, 0x00,
    0x00, 0x00, 0x00,
    0x00, 0x00, 0x00,
    0x00, 0x00, 0x00,
    0x00, 0x00, 0x00,
    0x30, 0xF2, 0x55,
    0x30, 0xEF, 0x51,
    0x00, 0x00, 0x00,
    0x00, 0x00, 0x00,
    0x00, 0x00, 0x00,
    0x00, 0x00, 0x00,
    0x30, 0xF2, 0x55,
    0x30, 0xEF, 0x51,
    0x00, 0x00, 0x00,
    0x00, 0x00, 0x00,
    0x00, 0x00, 0x00,
    0x00, 0x00, 0x00,

    /* Unicode: U+003B */
    0x00, 0x00, 0x00,
    0x00, 0x00, 0x00,
    0x00, 0x00, 0x00,
    0x00, 0x00, 0x00,
    0x00, 0x00, 0x00,
    0x00, 0x00, 0x00,
    0x30, 0xF2, 0x55,
    0x30, 0xEF, 0x51,
    0x00, 0x00, 0x00,
    0x00, 0x00, 0x00,
    0x00, 0x00, 0x00,
    0x00, 0x00, 0x00,
    0x2C, 0xEF, 0x54,
    0x25, 0xF1, 0x6B,
    0x00, 0xE2, 0x1E,
    0x24, 0xC9, 0x00,
    0x00, 0x00, 0x00,
    0x00, 0x00, 0x00,

    /* Unicode: U+003C */
    0x00, 0x00, 0x00, 0x00, 0x00, 0x00, 0x00, 0x00,
    0x00, 0x00, 0x00, 0x00, 0x00, 0x00, 0x00, 0x00,
    0x00, 0x00, 0x00, 0x00, 0x00, 0x00, 0x00, 0x00,
    0x00, 0x00, 0x00, 0x00, 0x00, 0x00, 0x00, 0x00,
    0x00, 0x00, 0x00, 0x00, 0x00, 0x00, 0x00, 0x00,
    0x00, 0x00, 0x00, 0x00, 0x00, 0x00, 0x00, 0x00,
    0x00, 0x00, 0x00, 0x00, 0x03, 0x4E, 0xB4, 0x31,
    0x00, 0x00, 0x20, 0x83, 0xE5, 0xD7, 0x75, 0x0B,
    0x08, 0xB8, 0xF0, 0x9C, 0x3A, 0x00, 0x00, 0x00,
    0x0B, 0xE8, 0xD3, 0x6A, 0x10, 0x00, 0x00, 0x00,
    0x00, 0x05, 0x53, 0xB8, 0xF4, 0xA4, 0x41, 0x01,
    0x00, 0x00, 0x00, 0x00, 0x20, 0x83, 0xE5, 0x33,
    0x00, 0x00, 0x00, 0x00, 0x00, 0x00, 0x03, 0x07,
    0x00, 0x00, 0x00, 0x00, 0x00, 0x00, 0x00, 0x00,
    0x00, 0x00, 0x00, 0x00, 0x00, 0x00, 0x00, 0x00,
    0x00, 0x00, 0x00, 0x00, 0x00, 0x00, 0x00, 0x00,
    0x00, 0x00, 0x00, 0x00, 0x00, 0x00, 0x00, 0x00,
    0x00, 0x00, 0x00, 0x00, 0x00, 0x00, 0x00, 0x00,

    /* Unicode: U+003D */
    0x00, 0x00, 0x00, 0x00, 0x00, 0x00, 0x00, 0x00,
    0x00, 0x00, 0x00, 0x00, 0x00, 0x00, 0x00, 0x00,
    0x00, 0x00, 0x00, 0x00, 0x00, 0x00, 0x00, 0x00,
    0x00, 0x00, 0x00, 0x00, 0x00, 0x00, 0x00, 0x00,
    0x00, 0x00, 0x00, 0x00, 0x00, 0x00, 0x00, 0x00,
    0x00, 0x00, 0x00, 0x00, 0x00, 0x00, 0x00, 0x00,
    0x10, 0xFF, 0xFF, 0xFF, 0xFF, 0xFF, 0xFF, 0x34,
    0x04, 0x40, 0x40, 0x40, 0x40, 0x40, 0x40, 0x0D,
    0x00, 0x00, 0x00, 0x00, 0x00, 0x00, 0x00, 0x00,
    0x00, 0x08, 0x08, 0x08, 0x08, 0x08, 0x08, 0x01,
    0x10, 0xFF, 0xFF, 0xFF, 0xFF, 0xFF, 0xFF, 0x34,
    0x03, 0x38, 0x38, 0x38, 0x38, 0x38, 0x38, 0x0B,
    0x00, 0x00, 0x00, 0x00, 0x00, 0x00, 0x00, 0x00,
    0x00, 0x00, 0x00, 0x00, 0x00, 0x00, 0x00, 0x00,
    0x00, 0x00, 0x00, 0x00, 0x00, 0x00, 0x00, 0x00,
    0x00, 0x00, 0x00, 0x00, 0x00, 0x00, 0x00, 0x00,
    0x00, 0x00, 0x00, 0x00, 0x00, 0x00, 0x00, 0x00,
    0x00, 0x00, 0x00, 0x00, 0x00, 0x00, 0x00, 0x00,

    /* Unicode: U+003E */
    0x00, 0x00, 0x00, 0x00, 0x00, 0x00, 0x00, 0x00,
    0x00, 0x00, 0x00, 0x00, 0x00, 0x00, 0x00, 0x00,
    0x00, 0x00, 0x00, 0x00, 0x00, 0x00, 0x00, 0x00,
    0x00, 0x00, 0x00, 0x00, 0x00, 0x00, 0x00, 0x00,
    0x00, 0x00, 0x00, 0x00, 0x00, 0x00, 0x00, 0x00,
    0x00, 0x00, 0x00, 0x00, 0x00, 0x00, 0x00, 0x00,
    0x0F, 0xC2, 0x5D, 0x08, 0x00, 0x00, 0x00, 0x00,
    0x03, 0x68, 0xC9, 0xEE, 0x92, 0x2C, 0x00, 0x00,
    0x00, 0x00, 0x00, 0x2B, 0x8D, 0xE9, 0xC7, 0x1C,
    0x00, 0x00, 0x00, 0x09, 0x5B, 0xC2, 0xF0, 0x26,
    0x00, 0x33, 0x95, 0xEF, 0xC7, 0x61, 0x0A, 0x00,
    0x0F, 0xEE, 0x92, 0x2C, 0x00, 0x00, 0x00, 0x00,
    0x02, 0x08, 0x00, 0x00, 0x00, 0x00, 0x00, 0x00,
    0x00, 0x00, 0x00, 0x00, 0x00, 0x00, 0x00, 0x00,
    0x00, 0x00, 0x00, 0x00, 0x00, 0x00, 0x00, 0x00,
    0x00, 0x00, 0x00, 0x00, 0x00, 0x00, 0x00, 0x00,
    0x00, 0x00, 0x00, 0x00, 0x00, 0x00, 0x00, 0x00,
    0x00, 0x00, 0x00, 0x00, 0x00, 0x00, 0x00, 0x00,

    /* Unicode: U+003F */
    0x00, 0x00, 0x00, 0x00, 0x00, 0x00, 0x00, 0x00,
    0x00, 0x00, 0x00, 0x00, 0x00, 0x00, 0x00, 0x00,
    0x00, 0x00, 0x00, 0x00, 0x00, 0x00, 0x00, 0x00,
    0x00, 0x00, 0x00, 0x00, 0x00, 0x00, 0x00, 0x00,
    0x05, 0x76, 0xD5, 0xF7, 0xE8, 0xA7, 0x1D, 0x00,
    0x96, 0xE8, 0x72, 0x47, 0x66, 0xE7, 0xCA, 0x00,
    0x0E, 0x1D, 0x00, 0x00, 0x00, 0x69, 0xFE, 0x05,
    0x00, 0x00, 0x00, 0x00, 0x00, 0x9C, 0xCE, 0x00,
    0x00, 0x00, 0x00, 0x00, 0x8B, 0xEC, 0x2F, 0x00,
    0x00, 0x00, 0x00, 0x6C, 0xF3, 0x2E, 0x00, 0x00,
    0x00, 0x00, 0x00, 0x8E, 0x7D, 0x00, 0x00, 0x00,
    0x00, 0x00, 0x00, 0x00, 0x00, 0x00, 0x00, 0x00,
    0x00, 0x00, 0x00, 0xA8, 0x7B, 0x00, 0x00, 0x00,
    0x00, 0x00, 0x00, 0xC9, 0x9A, 0x00, 0x00, 0x00,
    0x00, 0x00, 0x00, 0x00, 0x00, 0x00, 0x00, 0x00,
    0x00, 0x00, 0x00, 0x00, 0x00, 0x00, 0x00, 0x00,
    0x00, 0x00, 0x00, 0x00, 0x00, 0x00, 0x00, 0x00,
    0x00, 0x00, 0x00, 0x00, 0x00, 0x00, 0x00, 0x00,

    /* Unicode: U+0040 */
    0x00, 0x00, 0x00, 0x00, 0x00, 0x00, 0x00, 0x00, 0x00, 0x00, 0x00, 0x00, 0x00, 0x00,
    0x00, 0x00, 0x00, 0x00, 0x00, 0x00, 0x00, 0x00, 0x00, 0x00, 0x00, 0x00, 0x00, 0x00,
    0x00, 0x00, 0x00, 0x00, 0x00, 0x00, 0x00, 0x00, 0x00, 0x00, 0x00, 0x00, 0x00, 0x00,
    0x00, 0x00, 0x00, 0x00, 0x00, 0x00, 0x00, 0x00, 0x00, 0x00, 0x00, 0x00, 0x00, 0x00,
    0x00, 0x00, 0x00, 0x0D, 0x6C, 0xC4, 0xE8, 0xF7, 0xDD, 0xA5, 0x41, 0x00, 0x00, 0x00,
    0x00, 0x00, 0x30, 0xDC, 0xDE, 0x82, 0x56, 0x47, 0x60, 0xA4, 0xF5, 0x9E, 0x06, 0x00,
    0x00, 0x19, 0xE9, 0x8A, 0x13, 0x9C, 0xEF, 0xED, 0x8F, 0x7E, 0xE1, 0xCB, 0x98, 0x00,
    0x00, 0xA3, 0x9D, 0x00, 0xBA, 0xE4, 0x65, 0x4D, 0xB5, 0xEE, 0xC0, 0x16, 0xE6, 0x30,
    0x0E, 0xF3, 0x1A, 0x34, 0xFD, 0x2E, 0x00, 0x00, 0x02, 0xCF, 0xC0, 0x00, 0x79, 0x8F,
    0x37, 0xCE, 0x00, 0x67, 0xDC, 0x00, 0x00, 0x00, 0x00, 0x80, 0xC0, 0x00, 0x3D, 0xB7,
    0x4C, 0xB7, 0x00, 0x67, 0xD8, 0x00, 0x00, 0x00, 0x00, 0x7B, 0xC0, 0x00, 0x2A, 0xC1,
    0x36, 0xCE, 0x00, 0x34, 0xFB, 0x21, 0x00, 0x00, 0x00, 0xC2, 0xC0, 0x00, 0x48, 0xA6,
    0x0D, 0xF2, 0x19, 0x00, 0xBA, 0xD0, 0x41, 0x29, 0x94, 0xE8, 0xE7, 0x30, 0xBA, 0x55,
    0x00, 0xA1, 0x9B, 0x00, 0x0D, 0x9D, 0xEF, 0xF0, 0x9D, 0x1B, 0xC5, 0xF6, 0x9A, 0x02,
    0x00, 0x19, 0xE9, 0x87, 0x04, 0x00, 0x00, 0x00, 0x00, 0x00, 0x00, 0x00, 0x00, 0x00,
    0x00, 0x00, 0x31, 0xDE, 0xDB, 0x7F, 0x54, 0x48, 0x64, 0xAC, 0x0D, 0x00, 0x00, 0x00,
    0x00, 0x00, 0x00, 0x0F, 0x70, 0xC7, 0xEB, 0xF4, 0xD1, 0x79, 0x0A, 0x00, 0x00, 0x00,
    0x00, 0x00, 0x00, 0x00, 0x00, 0x00, 0x00, 0x00, 0x00, 0x00, 0x00, 0x00, 0x00, 0x00,

    /* Unicode: U+0041 */
    0x00, 0x00, 0x00, 0x00, 0x00, 0x00, 0x00, 0x00, 0x00, 0x00, 0x00, 0x00,
    0x00, 0x00, 0x00, 0x00, 0x00, 0x00, 0x00, 0x00, 0x00, 0x00, 0x00, 0x00,
    0x00, 0x00, 0x00, 0x00, 0x00, 0x00, 0x00, 0x00, 0x00, 0x00, 0x00, 0x00,
    0x00, 0x00, 0x00, 0x00, 0x00, 0x00, 0x00, 0x00, 0x00, 0x00, 0x00, 0x00,
    0x00, 0x00, 0x00, 0x00, 0x00, 0xCD, 0xF5, 0x12, 0x00, 0x00, 0x00, 0x00,
    0x00, 0x00, 0x00, 0x00, 0x3F, 0xF9, 0xDF, 0x7A, 0x00, 0x00, 0x00, 0x00,
    0x00, 0x00, 0x00, 0x00, 0xB0, 0x9C, 0x65, 0xE6, 0x06, 0x00, 0x00, 0x00,
    0x00, 0x00, 0x00, 0x24, 0xFB, 0x28, 0x07, 0xE7, 0x5E, 0x00, 0x00, 0x00,
    0x00, 0x00, 0x00, 0x94, 0xB0, 0x00, 0x00, 0x79, 0xD0, 0x00, 0x00, 0x00,
    0x00, 0x00, 0x10, 0xF4, 0x3A, 0x00, 0x00, 0x10, 0xF2, 0x42, 0x00, 0x00,
    0x00, 0x00, 0x77, 0xFF, 0xFF, 0xFF, 0xFF, 0xFF, 0xFF, 0xB4, 0x00, 0x00,
    0x00, 0x04, 0xE3, 0x77, 0x30, 0x30, 0x30, 0x30, 0x4A, 0xFE, 0x27, 0x00,
    0x00, 0x5A, 0xF3, 0x0B, 0x00, 0x00, 0x00, 0x00, 0x00, 0xC8, 0x98, 0x00,
    0x00, 0xCB, 0x9D, 0x00, 0x00, 0x00, 0x00, 0x00, 0x00, 0x65, 0xF6, 0x14,
    0x00, 0x00, 0x00, 0x00, 0x00, 0x00, 0x00, 0x00, 0x00, 0x00, 0x00, 0x00,
    0x00, 0x00, 0x00, 0x00, 0x00, 0x00, 0x00, 0x00, 0x00, 0x00, 0x00, 0x00,
    0x00, 0x00, 0x00, 0x00, 0x00, 0x00, 0x00, 0x00, 0x00, 0x00, 0x00, 0x00,
    0x00, 0x00, 0x00, 0x00, 0x00, 0x00, 0x00, 0x00, 0x00, 0x00, 0x00, 0x00,

    /* Unicode: U+0042 */
    0x00, 0x00, 0x00, 0x00, 0x00, 0x00, 0x00, 0x00, 0x00,
    0x00, 0x00, 0x00, 0x00, 0x00, 0x00, 0x00, 0x00, 0x00,
    0x00, 0x00, 0x00, 0x00, 0x00, 0x00, 0x00, 0x00, 0x00,
    0x00, 0x00, 0x00, 0x00, 0x00, 0x00, 0x00, 0x00, 0x00,
    0x88, 0xFF, 0xFF, 0xFF, 0xFF, 0xEE, 0xC0, 0x44, 0x00,
    0x88, 0xE8, 0x40, 0x40, 0x40, 0x55, 0xBA, 0xF9, 0x23,
    0x88, 0xE0, 0x00, 0x00, 0x00, 0x00, 0x15, 0xFF, 0x54,
    0x88, 0xE1, 0x08, 0x08, 0x08, 0x1D, 0x8A, 0xF4, 0x1C,
    0x88, 0xFF, 0xFF, 0xFF, 0xFF, 0xFF, 0xFF, 0x82, 0x00,
    0x88, 0xE7, 0x38, 0x38, 0x38, 0x43, 0x7F, 0xFC, 0x67,
    0x88, 0xE0, 0x00, 0x00, 0x00, 0x00, 0x00, 0xA0, 0xCD,
    0x88, 0xE0, 0x00, 0x00, 0x00, 0x00, 0x00, 0xA1, 0xD0,
    0x88, 0xE8, 0x40, 0x40, 0x40, 0x4A, 0x85, 0xFC, 0x7E,
    0x88, 0xFF, 0xFF, 0xFF, 0xFF, 0xF5, 0xD5, 0x75, 0x02,
    0x00, 0x00, 0x00, 0x00, 0x00, 0x00, 0x00, 0x00, 0x00,
    0x00, 0x00, 0x00, 0x00, 0x00, 0x00, 0x00, 0x00, 0x00,
    0x00, 0x00, 0x00, 0x00, 0x00, 0x00, 0x00, 0x00, 0x00,
    0x00, 0x00, 0x00, 0x00, 0x00, 0x00, 0x00, 0x00, 0x00,

    /* Unicode: U+0043 */
    0x00, 0x00, 0x00, 0x00, 0x00, 0x00, 0x00, 0x00, 0x00, 0x00,
    0x00, 0x00, 0x00, 0x00, 0x00, 0x00, 0x00, 0x00, 0x00, 0x00,
    0x00, 0x00, 0x00, 0x00, 0x00, 0x00, 0x00, 0x00, 0x00, 0x00,
    0x00, 0x00, 0x00, 0x00, 0x00, 0x00, 0x00, 0x00, 0x00, 0x00,
    0x00, 0x00, 0x06, 0x73, 0xCF, 0xF4, 0xF0, 0xBC, 0x48, 0x00,
    0x00, 0x0F, 0xCD, 0xEF, 0x85, 0x4C, 0x50, 0x9F, 0xFD, 0x50,
    0x00, 0xA5, 0xE8, 0x21, 0x00, 0x00, 0x00, 0x00, 0x3B, 0x04,
    0x18, 0xFC, 0x65, 0x00, 0x00, 0x00, 0x00, 0x00, 0x00, 0x00,
    0x44, 0xFF, 0x23, 0x00, 0x00, 0x00, 0x00, 0x00, 0x00, 0x00,
    0x45, 0xFF, 0x22, 0x00, 0x00, 0x00, 0x00, 0x00, 0x00, 0x00,
    0x18, 0xFC, 0x65, 0x00, 0x00, 0x00, 0x00, 0x00, 0x00, 0x00,
    0x00, 0xA5, 0xE8, 0x21, 0x00, 0x00, 0x00, 0x00, 0x2D, 0x01,
    0x00, 0x10, 0xCF, 0xEF, 0x84, 0x4C, 0x4F, 0x99, 0xFB, 0x52,
    0x00, 0x00, 0x08, 0x79, 0xD2, 0xF5, 0xF1, 0xBE, 0x4F, 0x00,
    0x00, 0x00, 0x00, 0x00, 0x00, 0x00, 0x00, 0x00, 0x00, 0x00,
    0x00, 0x00, 0x00, 0x00, 0x00, 0x00, 0x00, 0x00, 0x00, 0x00,
    0x00, 0x00, 0x00, 0x00, 0x00, 0x00, 0x00, 0x00, 0x00, 0x00,
    0x00, 0x00, 0x00, 0x00, 0x00, 0x00, 0x00, 0x00, 0x00, 0x00,

    /* Unicode: U+0044 */
    0x00, 0x00, 0x00, 0x00, 0x00, 0x00, 0x00, 0x00, 0x00, 0x00,
    0x00, 0x00, 0x00, 0x00, 0x00, 0x00, 0x00, 0x00, 0x00, 0x00,
    0x00, 0x00, 0x00, 0x00, 0x00, 0x00, 0x00, 0x00, 0x00, 0x00,
    0x00, 0x00, 0x00, 0x00, 0x00, 0x00, 0x00, 0x00, 0x00, 0x00,
    0x88, 0xFF, 0xFF, 0xFF, 0xFD, 0xE6, 0xAF, 0x41, 0x00, 0x00,
    0x88, 0xE8, 0x40, 0x40, 0x43, 0x5F, 0xB4, 0xFE, 0x7A, 0x00,
    0x88, 0xE0, 0x00, 0x00, 0x00, 0x00, 0x00, 0x73, 0xFE, 0x3D,
    0x88, 0xE0, 0x00, 0x00, 0x00, 0x00, 0x00, 0x00, 0xD1, 0xA7,
    0x88, 0xE0, 0x00, 0x00, 0x00, 0x00, 0x00, 0x00, 0x93, 0xD4,
    0x88, 0xE0, 0x00, 0x00, 0x00, 0x00, 0x00, 0x00, 0x93, 0xD3,
    0x88, 0xE0, 0x00, 0x00, 0x00, 0x00, 0x00, 0x00, 0xD0, 0xA7,
    0x88, 0xE0, 0x00, 0x00, 0x00, 0x00, 0x00, 0x71, 0xFE, 0x3D,
    0x88, 0xE8, 0x40, 0x40, 0x43, 0x5E, 0xB4, 0xFE, 0x7A, 0x00,
    0x88, 0xFF, 0xFF, 0xFF, 0xFD, 0xE7, 0xAF, 0x41, 0x00, 0x00,
    0x00, 0x00, 0x00, 0x00, 0x00, 0x00, 0x00, 0x00, 0x00, 0x00,
    0x00, 0x00, 0x00, 0x00, 0x00, 0x00, 0x00, 0x00, 0x00, 0x00,
    0x00, 0x00, 0x00, 0x00, 0x00, 0x00, 0x00, 0x00, 0x00, 0x00,
    0x00, 0x00, 0x00, 0x00, 0x00, 0x00, 0x00, 0x00, 0x00, 0x00,

    /* Unicode: U+0045 */
    0x00, 0x00, 0x00, 0x00, 0x00, 0x00, 0x00, 0x00,
    0x00, 0x00, 0x00, 0x00, 0x00, 0x00, 0x00, 0x00,
    0x00, 0x00, 0x00, 0x00, 0x00, 0x00, 0x00, 0x00,
    0x00, 0x00, 0x00, 0x00, 0x00, 0x00, 0x00, 0x00,
    0x88, 0xFF, 0xFF, 0xFF, 0xFF, 0xFF, 0xFF, 0x64,
    0x88, 0xE8, 0x40, 0x40, 0x40, 0x40, 0x40, 0x19,
    0x88, 0xE0, 0x00, 0x00, 0x00, 0x00, 0x00, 0x00,
    0x88, 0xE1, 0x08, 0x08, 0x08, 0x08, 0x06, 0x00,
    0x88, 0xFF, 0xFF, 0xFF, 0xFF, 0xFF, 0xC8, 0x00,
    0x88, 0xE7, 0x38, 0x38, 0x38, 0x38, 0x2B, 0x00,
    0x88, 0xE0, 0x00, 0x00, 0x00, 0x00, 0x00, 0x00,
    0x88, 0xE0, 0x00, 0x00, 0x00, 0x00, 0x00, 0x00,
    0x88, 0xE8, 0x40, 0x40, 0x40, 0x40, 0x40, 0x25,
    0x88, 0xFF, 0xFF, 0xFF, 0xFF, 0xFF, 0xFF, 0x94,
    0x00, 0x00, 0x00, 0x00, 0x00, 0x00, 0x00, 0x00,
    0x00, 0x00, 0x00, 0x00, 0x00, 0x00, 0x00, 0x00,
    0x00, 0x00, 0x00, 0x00, 0x00, 0x00, 0x00, 0x00,
    0x00, 0x00, 0x00, 0x00, 0x00, 0x00, 0x00, 0x00,

    /* Unicode: U+0046 */
    0x00, 0x00, 0x00, 0x00, 0x00, 0x00, 0x00, 0x00,
    0x00, 0x00, 0x00, 0x00, 0x00, 0x00, 0x00, 0x00,
    0x00, 0x00, 0x00, 0x00, 0x00, 0x00, 0x00, 0x00,
    0x00, 0x00, 0x00, 0x00, 0x00, 0x00, 0x00, 0x00,
    0x88, 0xFF, 0xFF, 0xFF, 0xFF, 0xFF, 0xFF, 0x64,
    0x88, 0xE8, 0x40, 0x40, 0x40, 0x40, 0x40, 0x19,
    0x88, 0xE0, 0x00, 0x00, 0x00, 0x00, 0x00, 0x00,
    0x88, 0xE0, 0x00, 0x00, 0x00, 0x00, 0x00, 0x00,
    0x88, 0xE1, 0x08, 0x08, 0x08, 0x08, 0x06, 0x00,
    0x88, 0xFF, 0xFF, 0xFF, 0xFF, 0xFF, 0xC8, 0x00,
    0x88, 0xE7, 0x38, 0x38, 0x38, 0x38, 0x2B, 0x00,
    0x88, 0xE0, 0x00, 0x00, 0x00, 0x00, 0x00, 0x00,
    0x88, 0xE0, 0x00, 0x00, 0x00, 0x00, 0x00, 0x00,
    0x88, 0xE0, 0x00, 0x00, 0x00, 0x00, 0x00, 0x00,
    0x00, 0x00, 0x00, 0x00, 0x00, 0x00, 0x00, 0x00,
    0x00, 0x00, 0x00, 0x00, 0x00, 0x00, 0x00, 0x00,
    0x00, 0x00, 0x00, 0x00, 0x00, 0x00, 0x00, 0x00,
    0x00, 0x00, 0x00, 0x00, 0x00, 0x00, 0x00, 0x00,

    /* Unicode: U+0047 */
    0x00, 0x00, 0x00, 0x00, 0x00, 0x00, 0x00, 0x00, 0x00, 0x00,
    0x00, 0x00, 0x00, 0x00, 0x00, 0x00, 0x00, 0x00, 0x00, 0x00,
    0x00, 0x00, 0x00, 0x00, 0x00, 0x00, 0x00, 0x00, 0x00, 0x00,
    0x00, 0x00, 0x00, 0x00, 0x00, 0x00, 0x00, 0x00, 0x00, 0x00,
    0x00, 0x00, 0x07, 0x74, 0xCE, 0xF3, 0xF2, 0xC4, 0x5C, 0x00,
    0x00, 0x0F, 0xCE, 0xF1, 0x88, 0x4E, 0x4D, 0x90, 0xF7, 0x6A,
    0x00, 0xA5, 0xEA, 0x24, 0x00, 0x00, 0x00, 0x00, 0x29, 0x06,
    0x18, 0xFC, 0x67, 0x00, 0x00, 0x00, 0x00, 0x00, 0x00, 0x00,
    0x44, 0xFF, 0x23, 0x00, 0x00, 0x00, 0x00, 0x00, 0x08, 0x07,
    0x45, 0xFF, 0x23, 0x00, 0x00, 0x00, 0x00, 0x00, 0xBC, 0x9C,
    0x18, 0xFC, 0x67, 0x00, 0x00, 0x00, 0x00, 0x00, 0xBC, 0x9C,
    0x00, 0xA5, 0xEA, 0x24, 0x00, 0x00, 0x00, 0x00, 0xBC, 0x9C,
    0x00, 0x0F, 0xCC, 0xF1, 0x87, 0x4D, 0x50, 0x89, 0xF2, 0x90,
    0x00, 0x00, 0x07, 0x75, 0xD0, 0xF4, 0xF4, 0xC8, 0x6C, 0x05,
    0x00, 0x00, 0x00, 0x00, 0x00, 0x00, 0x00, 0x00, 0x00, 0x00,
    0x00, 0x00, 0x00, 0x00, 0x00, 0x00, 0x00, 0x00, 0x00, 0x00,
    0x00, 0x00, 0x00, 0x00, 0x00, 0x00, 0x00, 0x00, 0x00, 0x00,
    0x00, 0x00, 0x00, 0x00, 0x00, 0x00, 0x00, 0x00, 0x00, 0x00,

    /* Unicode: U+0048 */
    0x00, 0x00, 0x00, 0x00, 0x00, 0x00, 0x00, 0x00, 0x00,
    0x00, 0x00, 0x00, 0x00, 0x00, 0x00, 0x00, 0x00, 0x00,
    0x00, 0x00, 0x00, 0x00, 0x00, 0x00, 0x00, 0x00, 0x00,
    0x00, 0x00, 0x00, 0x00, 0x00, 0x00, 0x00, 0x00, 0x00,
    0x88, 0xE0, 0x00, 0x00, 0x00, 0x00, 0x00, 0x80, 0xE4,
    0x88, 0xE0, 0x00, 0x00, 0x00, 0x00, 0x00, 0x80, 0xE4,
    0x88, 0xE0, 0x00, 0x00, 0x00, 0x00, 0x00, 0x80, 0xE4,
    0x88, 0xE1, 0x08, 0x08, 0x08, 0x08, 0x08, 0x84, 0xE4,
    0x88, 0xFF, 0xFF, 0xFF, 0xFF, 0xFF, 0xFF, 0xFF, 0xE4,
    0x88, 0xE7, 0x38, 0x38, 0x38, 0x38, 0x38, 0x9C, 0xE4,
    0x88, 0xE0, 0x00, 0x00, 0x00, 0x00, 0x00, 0x80, 0xE4,
    0x88, 0xE0, 0x00, 0x00, 0x00, 0x00, 0x00, 0x80, 0xE4,
    0x88, 0xE0, 0x00, 0x00, 0x00, 0x00, 0x00, 0x80, 0xE4,
    0x88, 0xE0, 0x00, 0x00, 0x00, 0x00, 0x00, 0x80, 0xE4,
    0x00, 0x00, 0x00, 0x00, 0x00, 0x00, 0x00, 0x00, 0x00,
    0x00, 0x00, 0x00, 0x00, 0x00, 0x00, 0x00, 0x00, 0x00,
    0x00, 0x00, 0x00, 0x00, 0x00, 0x00, 0x00, 0x00, 0x00,
    0x00, 0x00, 0x00, 0x00, 0x00, 0x00, 0x00, 0x00, 0x00,

    /* Unicode: U+0049 */
    0x00, 0x00,
    0x00, 0x00,
    0x00, 0x00,
    0x00, 0x00,
    0x88, 0xE0,
    0x88, 0xE0,
    0x88, 0xE0,
    0x88, 0xE0,
    0x88, 0xE0,
    0x88, 0xE0,
    0x88, 0xE0,
    0x88, 0xE0,
    0x88, 0xE0,
    0x88, 0xE0,
    0x00, 0x00,
    0x00, 0x00,
    0x00, 0x00,
    0x00, 0x00,

    /* Unicode: U+004A */
    0x00, 0x00, 0x00, 0x00, 0x00, 0x00, 0x00,
    0x00, 0x00, 0x00, 0x00, 0x00, 0x00, 0x00,
    0x00, 0x00, 0x00, 0x00, 0x00, 0x00, 0x00,
    0x00, 0x00, 0x00, 0x00, 0x00, 0x00, 0x00,
    0x00, 0x20, 0xFF, 0xFF, 0xFF, 0xFF, 0xCC,
    0x00, 0x08, 0x40, 0x40, 0x40, 0xB2, 0xCC,
    0x00, 0x00, 0x00, 0x00, 0x00, 0x98, 0xCC,
    0x00, 0x00, 0x00, 0x00, 0x00, 0x98, 0xCC,
    0x00, 0x00, 0x00, 0x00, 0x00, 0x98, 0xCC,
    0x00, 0x00, 0x00, 0x00, 0x00, 0x98, 0xCC,
    0x00, 0x00, 0x00, 0x00, 0x00, 0x98, 0xCA,
    0x00, 0x23, 0x00, 0x00, 0x00, 0xB6, 0xAF,
    0x04, 0xE3, 0xA4, 0x4A, 0x75, 0xFC, 0x64,
    0x00, 0x39, 0xC4, 0xF7, 0xE2, 0x81, 0x02,
    0x00, 0x00, 0x00, 0x00, 0x00, 0x00, 0x00,
    0x00, 0x00, 0x00, 0x00, 0x00, 0x00, 0x00,
    0x00, 0x00, 0x00, 0x00, 0x00, 0x00, 0x00,
    0x00, 0x00, 0x00, 0x00, 0x00, 0x00, 0x00,

    /* Unicode: U+004B */
    0x00, 0x00, 0x00, 0x00, 0x00, 0x00, 0x00, 0x00, 0x00, 0x00,
    0x00, 0x00, 0x00, 0x00, 0x00, 0x00, 0x00, 0x00, 0x00, 0x00,
    0x00, 0x00, 0x00, 0x00, 0x00, 0x00, 0x00, 0x00, 0x00, 0x00,
    0x00, 0x00, 0x00, 0x00, 0x00, 0x00, 0x00, 0x00, 0x00, 0x00,
    0x88, 0xE0, 0x00, 0x00, 0x00, 0x00, 0x4E, 0xF8, 0x53, 0x00,
    0x88, 0xE0, 0x00, 0x00, 0x00, 0x44, 0xF7, 0x64, 0x00, 0x00,
    0x88, 0xE0, 0x00, 0x00, 0x3B, 0xF4, 0x76, 0x00, 0x00, 0x00,
    0x88, 0xE0, 0x00, 0x32, 0xF0, 0x88, 0x00, 0x00, 0x00, 0x00,
    0x88, 0xE0, 0x2A, 0xEB, 0xCF, 0x00, 0x00, 0x00, 0x00, 0x00,
    0x88, 0xEF, 0xE5, 0xD9, 0xFF, 0x64, 0x00, 0x00, 0x00, 0x00,
    0x88, 0xFF, 0xBD, 0x08, 0x93, 0xF9, 0x3A, 0x00, 0x00, 0x00,
    0x88, 0xEB, 0x0A, 0x00, 0x03, 0xB5, 0xE7, 0x1C, 0x00, 0x00,
    0x88, 0xE0, 0x00, 0x00, 0x00, 0x0D, 0xD1, 0xCB, 0x08, 0x00,
    0x88, 0xE0, 0x00, 0x00, 0x00, 0x00, 0x1D, 0xE7, 0xA3, 0x00,
    0x00, 0x00, 0x00, 0x00, 0x00, 0x00, 0x00, 0x00, 0x00, 0x00,
    0x00, 0x00, 0x00, 0x00, 0x00, 0x00, 0x00, 0x00, 0x00, 0x00,
    0x00, 0x00, 0x00, 0x00, 0x00, 0x00, 0x00, 0x00, 0x00, 0x00,
    0x00, 0x00, 0x00, 0x00, 0x00, 0x00, 0x00, 0x00, 0x00, 0x00,

    /* Unicode: U+004C */
    0x00, 0x00, 0x00, 0x00, 0x00, 0x00, 0x00, 0x00,
    0x00, 0x00, 0x00, 0x00, 0x00, 0x00, 0x00, 0x00,
    0x00, 0x00, 0x00, 0x00, 0x00, 0x00, 0x00, 0x00,
    0x00, 0x00, 0x00, 0x00, 0x00, 0x00, 0x00, 0x00,
    0x88, 0xE0, 0x00, 0x00, 0x00, 0x00, 0x00, 0x00,
    0x88, 0xE0, 0x00, 0x00, 0x00, 0x00, 0x00, 0x00,
    0x88, 0xE0, 0x00, 0x00, 0x00, 0x00, 0x00, 0x00,
    0x88, 0xE0, 0x00, 0x00, 0x00, 0x00, 0x00, 0x00,
    0x88, 0xE0, 0x00, 0x00, 0x00, 0x00, 0x00, 0x00,
    0x88, 0xE0, 0x00, 0x00, 0x00, 0x00, 0x00, 0x00,
    0x88, 0xE0, 0x00, 0x00, 0x00, 0x00, 0x00, 0x00,
    0x88, 0xE0, 0x00, 0x00, 0x00, 0x00, 0x00, 0x00,
    0x88, 0xE9, 0x4C, 0x4C, 0x4C, 0x4C, 0x4C, 0x0D,
    0x88, 0xFF, 0xFF, 0xFF, 0xFF, 0xFF, 0xFF, 0x2C,
    0x00, 0x00, 0x00, 0x00, 0x00, 0x00, 0x00, 0x00,
    0x00, 0x00, 0x00, 0x00, 0x00, 0x00, 0x00, 0x00,
    0x00, 0x00, 0x00, 0x00, 0x00, 0x00, 0x00, 0x00,
    0x00, 0x00, 0x00, 0x00, 0x00, 0x00, 0x00, 0x00,

    /* Unicode: U+004D */
    0x00, 0x00, 0x00, 0x00, 0x00, 0x00, 0x00, 0x00, 0x00, 0x00, 0x00,
    0x00, 0x00, 0x00, 0x00, 0x00, 0x00, 0x00, 0x00, 0x00, 0x00, 0x00,
    0x00, 0x00, 0x00, 0x00, 0x00, 0x00, 0x00, 0x00, 0x00, 0x00, 0x00,
    0x00, 0x00, 0x00, 0x00, 0x00, 0x00, 0x00, 0x00, 0x00, 0x00, 0x00,
    0x88, 0xE0, 0x09, 0x00, 0x00, 0x00, 0x00, 0x00, 0x00, 0x8E, 0xE3,
    0x88, 0xFF, 0x7E, 0x00, 0x00, 0x00, 0x00, 0x00, 0x26, 0xFA, 0xE4,
    0x88, 0xFB, 0xF5, 0x1D, 0x00, 0x00, 0x00, 0x00, 0xB3, 0xF9, 0xE4,
    0x88, 0xD0, 0xC0, 0xA7, 0x00, 0x00, 0x00, 0x46, 0xF7, 0x93, 0xE5,
    0x88, 0xD0, 0x2E, 0xFB, 0x3C, 0x00, 0x03, 0xD4, 0x81, 0x73, 0xE5,
    0x88, 0xD0, 0x00, 0x93, 0xCD, 0x02, 0x6B, 0xE1, 0x09, 0x73, 0xE5,
    0x88, 0xD0, 0x00, 0x11, 0xEB, 0x75, 0xEC, 0x55, 0x00, 0x72, 0xE6,
    0x88, 0xD0, 0x00, 0x00, 0x65, 0xFF, 0xBF, 0x00, 0x00, 0x72, 0xE6,
    0x88, 0xD0, 0x00, 0x00, 0x02, 0xAB, 0x2D, 0x00, 0x00, 0x71, 0xE7,
    0x88, 0xD0, 0x00, 0x00, 0x00, 0x00, 0x00, 0x00, 0x00, 0x70, 0xE7,
    0x00, 0x00, 0x00, 0x00, 0x00, 0x00, 0x00, 0x00, 0x00, 0x00, 0x00,
    0x00, 0x00, 0x00, 0x00, 0x00, 0x00, 0x00, 0x00, 0x00, 0x00, 0x00,
    0x00, 0x00, 0x00, 0x00, 0x00, 0x00, 0x00, 0x00, 0x00, 0x00, 0x00,
    0x00, 0x00, 0x00, 0x00, 0x00, 0x00, 0x00, 0x00, 0x00, 0x00, 0x00,

    /* Unicode: U+004E */
    0x00, 0x00, 0x00, 0x00, 0x00, 0x00, 0x00, 0x00, 0x00,
    0x00, 0x00, 0x00, 0x00, 0x00, 0x00, 0x00, 0x00, 0x00,
    0x00, 0x00, 0x00, 0x00, 0x00, 0x00, 0x00, 0x00, 0x00,
    0x00, 0x00, 0x00, 0x00, 0x00, 0x00, 0x00, 0x00, 0x00,
    0x88, 0xE8, 0x1B, 0x00, 0x00, 0x00, 0x00, 0x80, 0xE4,
    0x88, 0xFF, 0xC6, 0x06, 0x00, 0x00, 0x00, 0x80, 0xE4,
    0x88, 0xF4, 0xF7, 0x95, 0x00, 0x00, 0x00, 0x80, 0xE4,
    0x88, 0xE0, 0x60, 0xFF, 0x5E, 0x00, 0x00, 0x80, 0xE4,
    0x88, 0xE0, 0x00, 0x96, 0xF6, 0x30, 0x00, 0x80, 0xE4,
    0x88, 0xE0, 0x00, 0x06, 0xC6, 0xDE, 0x12, 0x80, 0xE4,
    0x88, 0xE0, 0x00, 0x00, 0x1A, 0xE8, 0xB7, 0x82, 0xE4,
    0x88, 0xE0, 0x00, 0x00, 0x00, 0x3D, 0xFB, 0xE8, 0xE4,
    0x88, 0xE0, 0x00, 0x00, 0x00, 0x00, 0x6F, 0xFF, 0xE4,
    0x88, 0xE0, 0x00, 0x00, 0x00, 0x00, 0x00, 0xA4, 0xE4,
    0x00, 0x00, 0x00, 0x00, 0x00, 0x00, 0x00, 0x00, 0x00,
    0x00, 0x00, 0x00, 0x00, 0x00, 0x00, 0x00, 0x00, 0x00,
    0x00, 0x00, 0x00, 0x00, 0x00, 0x00, 0x00, 0x00, 0x00,
    0x00, 0x00, 0x00, 0x00, 0x00, 0x00, 0x00, 0x00, 0x00,

    /* Unicode: U+004F */
    0x00, 0x00, 0x00, 0x00, 0x00, 0x00, 0x00, 0x00, 0x00, 0x00, 0x00, 0x00,
    0x00, 0x00, 0x00, 0x00, 0x00, 0x00, 0x00, 0x00, 0x00, 0x00, 0x00, 0x00,
    0x00, 0x00, 0x00, 0x00, 0x00, 0x00, 0x00, 0x00, 0x00, 0x00, 0x00, 0x00,
    0x00, 0x00, 0x00, 0x00, 0x00, 0x00, 0x00, 0x00, 0x00, 0x00, 0x00, 0x00,
    0x00, 0x00, 0x06, 0x71, 0xCE, 0xF3, 0xED, 0xBD, 0x53, 0x00, 0x00, 0x00,
    0x00, 0x0E, 0xCB, 0xEF, 0x84, 0x4C, 0x53, 0x9C, 0xFC, 0x9F, 0x00, 0x00,
    0x00, 0xA3, 0xE8, 0x21, 0x00, 0x00, 0x00, 0x00, 0x4B, 0xFD, 0x69, 0x00,
    0x17, 0xFB, 0x65, 0x00, 0x00, 0x00, 0x00, 0x00, 0x00, 0xA3, 0xD8, 0x00,
    0x44, 0xFF, 0x23, 0x00, 0x00, 0x00, 0x00, 0x00, 0x00, 0x60, 0xFF, 0x09,
    0x45, 0xFF, 0x22, 0x00, 0x00, 0x00, 0x00, 0x00, 0x00, 0x60, 0xFF, 0x08,
    0x18, 0xFC, 0x65, 0x00, 0x00, 0x00, 0x00, 0x00, 0x00, 0xA3, 0xD8, 0x00,
    0x00, 0xA5, 0xE8, 0x21, 0x00, 0x00, 0x00, 0x00, 0x4B, 0xFD, 0x69, 0x00,
    0x00, 0x0F, 0xCC, 0xEF, 0x83, 0x4B, 0x52, 0x9B, 0xFC, 0xA0, 0x00, 0x00,
    0x00, 0x00, 0x07, 0x75, 0xD0, 0xF4, 0xEE, 0xBF, 0x57, 0x00, 0x00, 0x00,
    0x00, 0x00, 0x00, 0x00, 0x00, 0x00, 0x00, 0x00, 0x00, 0x00, 0x00, 0x00,
    0x00, 0x00, 0x00, 0x00, 0x00, 0x00, 0x00, 0x00, 0x00, 0x00, 0x00, 0x00,
    0x00, 0x00, 0x00, 0x00, 0x00, 0x00, 0x00, 0x00, 0x00, 0x00, 0x00, 0x00,
    0x00, 0x00, 0x00, 0x00, 0x00, 0x00, 0x00, 0x00, 0x00, 0x00, 0x00, 0x00,

    /* Unicode: U+0050 */
    0x00, 0x00, 0x00, 0x00, 0x00, 0x00, 0x00, 0x00, 0x00,
    0x00, 0x00, 0x00, 0x00, 0x00, 0x00, 0x00, 0x00, 0x00,
    0x00, 0x00, 0x00, 0x00, 0x00, 0x00, 0x00, 0x00, 0x00,
    0x00, 0x00, 0x00, 0x00, 0x00, 0x00, 0x00, 0x00, 0x00,
    0x88, 0xFF, 0xFF, 0xFF, 0xF6, 0xD3, 0x78, 0x07, 0x00,
    0x88, 0xE8, 0x40, 0x40, 0x49, 0x7A, 0xEE, 0xB7, 0x00,
    0x88, 0xE0, 0x00, 0x00, 0x00, 0x00, 0x4E, 0xFF, 0x35,
    0x88, 0xE0, 0x00, 0x00, 0x00, 0x00, 0x10, 0xFF, 0x59,
    0x88, 0xE0, 0x00, 0x00, 0x00, 0x00, 0x36, 0xFF, 0x42,
    0x88, 0xE1, 0x08, 0x08, 0x11, 0x42, 0xD4, 0xDA, 0x05,
    0x88, 0xFF, 0xFF, 0xFF, 0xFF, 0xFF, 0xB4, 0x20, 0x00,
    0x88, 0xE7, 0x38, 0x38, 0x2F, 0x0D, 0x00, 0x00, 0x00,
    0x88, 0xE0, 0x00, 0x00, 0x00, 0x00, 0x00, 0x00, 0x00,
    0x88, 0xE0, 0x00, 0x00, 0x00, 0x00, 0x00, 0x00, 0x00,
    0x00, 0x00, 0x00, 0x00, 0x00, 0x00, 0x00, 0x00, 0x00,
    0x00, 0x00, 0x00, 0x00, 0x00, 0x00, 0x00, 0x00, 0x00,
    0x00, 0x00, 0x00, 0x00, 0x00, 0x00, 0x00, 0x00, 0x00,
    0x00, 0x00, 0x00, 0x00, 0x00, 0x00, 0x00, 0x00, 0x00,

    /* Unicode: U+0051 */
    0x00, 0x00, 0x00, 0x00, 0x00, 0x00, 0x00, 0x00, 0x00, 0x00, 0x00, 0x00,
    0x00, 0x00, 0x00, 0x00, 0x00, 0x00, 0x00, 0x00, 0x00, 0x00, 0x00, 0x00,
    0x00, 0x00, 0x00, 0x00, 0x00, 0x00, 0x00, 0x00, 0x00, 0x00, 0x00, 0x00,
    0x00, 0x00, 0x00, 0x00, 0x00, 0x00, 0x00, 0x00, 0x00, 0x00, 0x00, 0x00,
    0x00, 0x00, 0x05, 0x71, 0xCE, 0xF3, 0xED, 0xBD, 0x53, 0x00, 0x00, 0x00,
    0x00, 0x0D, 0xC9, 0xEF, 0x84, 0x4C, 0x53, 0x9D, 0xFD, 0x9C, 0x00, 0x00,
    0x00, 0xA1, 0xE8, 0x21, 0x00, 0x00, 0x00, 0x00, 0x4C, 0xFD, 0x67, 0x00,
    0x16, 0xFB, 0x65, 0x00, 0x00, 0x00, 0x00, 0x00, 0x00, 0xA3, 0xD6, 0x00,
    0x43, 0xFF, 0x23, 0x00, 0x00, 0x00, 0x00, 0x00, 0x00, 0x60, 0xFE, 0x08,
    0x46, 0xFF, 0x22, 0x00, 0x00, 0x00, 0x00, 0x00, 0x00, 0x60, 0xFF, 0x0B,
    0x1A, 0xFD, 0x65, 0x00, 0x00, 0x00, 0x00, 0x00, 0x00, 0xA3, 0xDC, 0x00,
    0x00, 0xAD, 0xE8, 0x21, 0x00, 0x00, 0x00, 0x00, 0x4C, 0xFD, 0x71, 0x00,
    0x00, 0x15, 0xD8, 0xEF, 0x83, 0x4B, 0x52, 0x9D, 0xFD, 0xAF, 0x04, 0x00,
    0x00, 0x00, 0x0E, 0x87, 0xDC, 0xFB, 0xFF, 0xD5, 0x67, 0x02, 0x00, 0x00,
    0x00, 0x00, 0x00, 0x00, 0x00, 0x1E, 0xE2, 0xC9, 0x33, 0x20, 0x9A, 0x3F,
    0x00, 0x00, 0x00, 0x00, 0x00, 0x00, 0x1E, 0xC2, 0xFF, 0xFF, 0xD2, 0x22,
    0x00, 0x00, 0x00, 0x00, 0x00, 0x00, 0x00, 0x00, 0x21, 0x2A, 0x01, 0x00,
    0x00, 0x00, 0x00, 0x00, 0x00, 0x00, 0x00, 0x00, 0x00, 0x00, 0x00, 0x00,

    /* Unicode: U+0052 */
    0x00, 0x00, 0x00, 0x00, 0x00, 0x00, 0x00, 0x00, 0x00,
    0x00, 0x00, 0x00, 0x00, 0x00, 0x00, 0x00, 0x00, 0x00,
    0x00, 0x00, 0x00, 0x00, 0x00, 0x00, 0x00, 0x00, 0x00,
    0x00, 0x00, 0x00, 0x00, 0x00, 0x00, 0x00, 0x00, 0x00,
    0x88, 0xFF, 0xFF, 0xFF, 0xF6, 0xD3, 0x78, 0x07, 0x00,
    0x88, 0xE8, 0x40, 0x40, 0x49, 0x7A, 0xEE, 0xB7, 0x00,
    0x88, 0xE0, 0x00, 0x00, 0x00, 0x00, 0x4E, 0xFF, 0x35,
    0x88, 0xE0, 0x00, 0x00, 0x00, 0x00, 0x10, 0xFF, 0x59,
    0x88, 0xE0, 0x00, 0x00, 0x00, 0x00, 0x36, 0xFF, 0x3F,
    0x88, 0xE1, 0x08, 0x08, 0x11, 0x42, 0xD5, 0xD7, 0x03,
    0x88, 0xFF, 0xFF, 0xFF, 0xFF, 0xFF, 0xC0, 0x20, 0x00,
    0x88, 0xE7, 0x38, 0x38, 0x36, 0xD3, 0xAB, 0x00, 0x00,
    0x88, 0xE0, 0x00, 0x00, 0x00, 0x28, 0xF4, 0x6C, 0x00,
    0x88, 0xE0, 0x00, 0x00, 0x00, 0x00, 0x5C, 0xF8, 0x32,
    0x00, 0x00, 0x00, 0x00, 0x00, 0x00, 0x00, 0x00, 0x00,
    0x00, 0x00, 0x00, 0x00, 0x00, 0x00, 0x00, 0x00, 0x00,
    0x00, 0x00, 0x00, 0x00, 0x00, 0x00, 0x00, 0x00, 0x00,
    0x00, 0x00, 0x00, 0x00, 0x00, 0x00, 0x00, 0x00, 0x00,

    /* Unicode: U+0053 */
    0x00, 0x00, 0x00, 0x00, 0x00, 0x00, 0x00, 0x00, 0x00,
    0x00, 0x00, 0x00, 0x00, 0x00, 0x00, 0x00, 0x00, 0x00,
    0x00, 0x00, 0x00, 0x00, 0x00, 0x00, 0x00, 0x00, 0x00,
    0x00, 0x00, 0x00, 0x00, 0x00, 0x00, 0x00, 0x00, 0x00,
    0x00, 0x15, 0x99, 0xE4, 0xF9, 0xDE, 0xA5, 0x2F, 0x00,
    0x01, 0xCC, 0xE0, 0x68, 0x48, 0x66, 0xC0, 0x7D, 0x00,
    0x24, 0xFF, 0x46, 0x00, 0x00, 0x00, 0x00, 0x04, 0x00,
    0x12, 0xFA, 0x88, 0x02, 0x00, 0x00, 0x00, 0x00, 0x00,
    0x00, 0x69, 0xF8, 0xDD, 0x97, 0x54, 0x0C, 0x00, 0x00,
    0x00, 0x00, 0x16, 0x65, 0xA8, 0xEC, 0xEF, 0x52, 0x00,
    0x00, 0x00, 0x00, 0x00, 0x00, 0x08, 0x9D, 0xF3, 0x06,
    0x01, 0x1D, 0x00, 0x00, 0x00, 0x00, 0x54, 0xFF, 0x14,
    0x3E, 0xF3, 0x94, 0x54, 0x46, 0x6B, 0xE4, 0xBD, 0x00,
    0x00, 0x52, 0xB7, 0xED, 0xFA, 0xE1, 0x91, 0x10, 0x00,
    0x00, 0x00, 0x00, 0x00, 0x00, 0x00, 0x00, 0x00, 0x00,
    0x00, 0x00, 0x00, 0x00, 0x00, 0x00, 0x00, 0x00, 0x00,
    0x00, 0x00, 0x00, 0x00, 0x00, 0x00, 0x00, 0x00, 0x00,
    0x00, 0x00, 0x00, 0x00, 0x00, 0x00, 0x00, 0x00, 0x00,

    /* Unicode: U+0054 */
    0x00, 0x00, 0x00, 0x00, 0x00, 0x00, 0x00, 0x00, 0x00,
    0x00, 0x00, 0x00, 0x00, 0x00, 0x00, 0x00, 0x00, 0x00,
    0x00, 0x00, 0x00, 0x00, 0x00, 0x00, 0x00, 0x00, 0x00,
    0x00, 0x00, 0x00, 0x00, 0x00, 0x00, 0x00, 0x00, 0x00,
    0xF0, 0xFF, 0xFF, 0xFF, 0xFF, 0xFF, 0xFF, 0xFF, 0x28,
    0x3C, 0x40, 0x40, 0xAF, 0xD9, 0x40, 0x40, 0x40, 0x0A,
    0x00, 0x00, 0x00, 0x94, 0xCC, 0x00, 0x00, 0x00, 0x00,
    0x00, 0x00, 0x00, 0x94, 0xCC, 0x00, 0x00, 0x00, 0x00,
    0x00, 0x00, 0x00, 0x94, 0xCC, 0x00, 0x00, 0x00, 0x00,
    0x00, 0x00, 0x00, 0x94, 0xCC, 0x00, 0x00, 0x00, 0x00,
    0x00, 0x00, 0x00, 0x94, 0xCC, 0x00, 0x00, 0x00, 0x00,
    0x00, 0x00, 0x00, 0x94, 0xCC, 0x00, 0x00, 0x00, 0x00,
    0x00, 0x00, 0x00, 0x94, 0xCC, 0x00, 0x00, 0x00, 0x00,
    0x00, 0x00, 0x00, 0x94, 0xCC, 0x00, 0x00, 0x00, 0x00,
    0x00, 0x00, 0x00, 0x00, 0x00, 0x00, 0x00, 0x00, 0x00,
    0x00, 0x00, 0x00, 0x00, 0x00, 0x00, 0x00, 0x00, 0x00,
    0x00, 0x00, 0x00, 0x00, 0x00, 0x00, 0x00, 0x00, 0x00,
    0x00, 0x00, 0x00, 0x00, 0x00, 0x00, 0x00, 0x00, 0x00,

    /* Unicode: U+0055 */
    0x00, 0x00, 0x00, 0x00, 0x00, 0x00, 0x00, 0x00, 0x00,
    0x00, 0x00, 0x00, 0x00, 0x00, 0x00, 0x00, 0x00, 0x00,
    0x00, 0x00, 0x00, 0x00, 0x00, 0x00, 0x00, 0x00, 0x00,
    0x00, 0x00, 0x00, 0x00, 0x00, 0x00, 0x00, 0x00, 0x00,
    0x9C, 0xC8, 0x00, 0x00, 0x00, 0x00, 0x00, 0xB0, 0xAC,
    0x9C, 0xC8, 0x00, 0x00, 0x00, 0x00, 0x00, 0xB0, 0xAC,
    0x9C, 0xC8, 0x00, 0x00, 0x00, 0x00, 0x00, 0xB0, 0xAC,
    0x9C, 0xC8, 0x00, 0x00, 0x00, 0x00, 0x00, 0xB0, 0xAC,
    0x9C, 0xC8, 0x00, 0x00, 0x00, 0x00, 0x00, 0xB0, 0xAC,
    0x9A, 0xCA, 0x00, 0x00, 0x00, 0x00, 0x00, 0xB3, 0xAA,
    0x8A, 0xE5, 0x00, 0x00, 0x00, 0x00, 0x00, 0xCE, 0x99,
    0x4F, 0xFF, 0x3C, 0x00, 0x00, 0x00, 0x2A, 0xFC, 0x5E,
    0x03, 0xC9, 0xED, 0x73, 0x4A, 0x6C, 0xE5, 0xD2, 0x07,
    0x00, 0x0F, 0x92, 0xE3, 0xFB, 0xE6, 0x98, 0x12, 0x00,
    0x00, 0x00, 0x00, 0x00, 0x00, 0x00, 0x00, 0x00, 0x00,
    0x00, 0x00, 0x00, 0x00, 0x00, 0x00, 0x00, 0x00, 0x00,
    0x00, 0x00, 0x00, 0x00, 0x00, 0x00, 0x00, 0x00, 0x00,
    0x00, 0x00, 0x00, 0x00, 0x00, 0x00, 0x00, 0x00, 0x00,

    /* Unicode: U+0056 */
    0x00, 0x00, 0x00, 0x00, 0x00, 0x00, 0x00, 0x00, 0x00, 0x00, 0x00,
    0x00, 0x00, 0x00, 0x00, 0x00, 0x00, 0x00, 0x00, 0x00, 0x00, 0x00,
    0x00, 0x00, 0x00, 0x00, 0x00, 0x00, 0x00, 0x00, 0x00, 0x00, 0x00,
    0x00, 0x00, 0x00, 0x00, 0x00, 0x00, 0x00, 0x00, 0x00, 0x00, 0x00,
    0x00, 0xCD, 0xB6, 0x00, 0x00, 0x00, 0x00, 0x00, 0x00, 0xA4, 0xC4,
    0x00, 0x5F, 0xFE, 0x25, 0x00, 0x00, 0x00, 0x00, 0x17, 0xF9, 0x56,
    0x00, 0x07, 0xE9, 0x92, 0x00, 0x00, 0x00, 0x00, 0x80, 0xE4, 0x04,
    0x00, 0x00, 0x82, 0xF2, 0x0D, 0x00, 0x00, 0x06, 0xE7, 0x7A, 0x00,
    0x00, 0x00, 0x19, 0xFA, 0x6D, 0x00, 0x00, 0x5D, 0xF7, 0x14, 0x00,
    0x00, 0x00, 0x00, 0xA5, 0xD9, 0x01, 0x00, 0xCA, 0x9E, 0x00, 0x00,
    0x00, 0x00, 0x00, 0x36, 0xFF, 0x49, 0x39, 0xFF, 0x30, 0x00, 0x00,
    0x00, 0x00, 0x00, 0x00, 0xC8, 0xB7, 0xA7, 0xC2, 0x00, 0x00, 0x00,
    0x00, 0x00, 0x00, 0x00, 0x5A, 0xFE, 0xFB, 0x54, 0x00, 0x00, 0x00,
    0x00, 0x00, 0x00, 0x00, 0x05, 0xE5, 0xE2, 0x03, 0x00, 0x00, 0x00,
    0x00, 0x00, 0x00, 0x00, 0x00, 0x00, 0x00, 0x00, 0x00, 0x00, 0x00,
    0x00, 0x00, 0x00, 0x00, 0x00, 0x00, 0x00, 0x00, 0x00, 0x00, 0x00,
    0x00, 0x00, 0x00, 0x00, 0x00, 0x00, 0x00, 0x00, 0x00, 0x00, 0x00,
    0x00, 0x00, 0x00, 0x00, 0x00, 0x00, 0x00, 0x00, 0x00, 0x00, 0x00,

    /* Unicode: U+0057 */
    0x00, 0x00, 0x00, 0x00, 0x00, 0x00, 0x00, 0x00, 0x00, 0x00, 0x00, 0x00, 0x00, 0x00, 0x00, 0x00,
    0x00, 0x00, 0x00, 0x00, 0x00, 0x00, 0x00, 0x00, 0x00, 0x00, 0x00, 0x00, 0x00, 0x00, 0x00, 0x00,
    0x00, 0x00, 0x00, 0x00, 0x00, 0x00, 0x00, 0x00, 0x00, 0x00, 0x00, 0x00, 0x00, 0x00, 0x00, 0x00,
    0x00, 0x00, 0x00, 0x00, 0x00, 0x00, 0x00, 0x00, 0x00, 0x00, 0x00, 0x00, 0x00, 0x00, 0x00, 0x00,
    0x63, 0xFB, 0x12, 0x00, 0x00, 0x00, 0x00, 0xDF, 0xBD, 0x00, 0x00, 0x00, 0x00, 0x2F, 0xFF, 0x25,
    0x13, 0xFB, 0x60, 0x00, 0x00, 0x00, 0x36, 0xFF, 0xFC, 0x15, 0x00, 0x00, 0x00, 0x83, 0xD2, 0x00,
    0x00, 0xBB, 0xB3, 0x00, 0x00, 0x00, 0x8D, 0xC0, 0xEE, 0x67, 0x00, 0x00, 0x00, 0xD7, 0x7E, 0x00,
    0x00, 0x68, 0xF8, 0x0D, 0x00, 0x01, 0xE2, 0x65, 0x9E, 0xBB, 0x00, 0x00, 0x2C, 0xFF, 0x2B, 0x00,
    0x00, 0x16, 0xFD, 0x59, 0x00, 0x3B, 0xFB, 0x14, 0x49, 0xFB, 0x14, 0x00, 0x81, 0xD7, 0x00, 0x00,
    0x00, 0x00, 0xC1, 0xAC, 0x00, 0x92, 0xBA, 0x00, 0x05, 0xED, 0x64, 0x00, 0xD5, 0x83, 0x00, 0x00,
    0x00, 0x00, 0x6D, 0xF5, 0x0C, 0xE6, 0x64, 0x00, 0x00, 0x9D, 0xB9, 0x29, 0xFF, 0x30, 0x00, 0x00,
    0x00, 0x00, 0x1A, 0xFE, 0x93, 0xFB, 0x13, 0x00, 0x00, 0x47, 0xFB, 0x91, 0xDC, 0x00, 0x00, 0x00,
    0x00, 0x00, 0x00, 0xC6, 0xFE, 0xB8, 0x00, 0x00, 0x00, 0x04, 0xEC, 0xFD, 0x89, 0x00, 0x00, 0x00,
    0x00, 0x00, 0x00, 0x72, 0xFF, 0x62, 0x00, 0x00, 0x00, 0x00, 0x9B, 0xFF, 0x35, 0x00, 0x00, 0x00,
    0x00, 0x00, 0x00, 0x00, 0x00, 0x00, 0x00, 0x00, 0x00, 0x00, 0x00, 0x00, 0x00, 0x00, 0x00, 0x00,
    0x00, 0x00, 0x00, 0x00, 0x00, 0x00, 0x00, 0x00, 0x00, 0x00, 0x00, 0x00, 0x00, 0x00, 0x00, 0x00,
    0x00, 0x00, 0x00, 0x00, 0x00, 0x00, 0x00, 0x00, 0x00, 0x00, 0x00, 0x00, 0x00, 0x00, 0x00, 0x00,
    0x00, 0x00, 0x00, 0x00, 0x00, 0x00, 0x00, 0x00, 0x00, 0x00, 0x00, 0x00, 0x00, 0x00, 0x00, 0x00,

    /* Unicode: U+0058 */
    0x00, 0x00, 0x00, 0x00, 0x00, 0x00, 0x00, 0x00, 0x00, 0x00,
    0x00, 0x00, 0x00, 0x00, 0x00, 0x00, 0x00, 0x00, 0x00, 0x00,
    0x00, 0x00, 0x00, 0x00, 0x00, 0x00, 0x00, 0x00, 0x00, 0x00,
    0x00, 0x00, 0x00, 0x00, 0x00, 0x00, 0x00, 0x00, 0x00, 0x00,
    0x40, 0xFD, 0x5B, 0x00, 0x00, 0x00, 0x0A, 0xD8, 0xA0, 0x00,
    0x00, 0x88, 0xF0, 0x20, 0x00, 0x00, 0x97, 0xDC, 0x0D, 0x00,
    0x00, 0x05, 0xCD, 0xC4, 0x03, 0x4B, 0xFB, 0x37, 0x00, 0x00,
    0x00, 0x00, 0x28, 0xF5, 0x90, 0xE9, 0x7C, 0x00, 0x00, 0x00,
    0x00, 0x00, 0x00, 0x6B, 0xFF, 0xC8, 0x03, 0x00, 0x00, 0x00,
    0x00, 0x00, 0x00, 0x97, 0xFD, 0xE9, 0x17, 0x00, 0x00, 0x00,
    0x00, 0x00, 0x4E, 0xFD, 0x4D, 0xD6, 0xB6, 0x01, 0x00, 0x00,
    0x00, 0x19, 0xEB, 0x8E, 0x00, 0x30, 0xF9, 0x70, 0x00, 0x00,
    0x01, 0xBB, 0xD2, 0x07, 0x00, 0x00, 0x72, 0xF8, 0x2F, 0x00,
    0x74, 0xF8, 0x2D, 0x00, 0x00, 0x00, 0x01, 0xBA, 0xD6, 0x09,
    0x00, 0x00, 0x00, 0x00, 0x00, 0x00, 0x00, 0x00, 0x00, 0x00,
    0x00, 0x00, 0x00, 0x00, 0x00, 0x00, 0x00, 0x00, 0x00, 0x00,
    0x00, 0x00, 0x00, 0x00, 0x00, 0x00, 0x00, 0x00, 0x00, 0x00,
    0x00, 0x00, 0x00, 0x00, 0x00, 0x00, 0x00, 0x00, 0x00, 0x00,

    /* Unicode: U+0059 */
    0x00, 0x00, 0x00, 0x00, 0x00, 0x00, 0x00, 0x00, 0x00, 0x00, 0x00,
    0x00, 0x00, 0x00, 0x00, 0x00, 0x00, 0x00, 0x00, 0x00, 0x00, 0x00,
    0x00, 0x00, 0x00, 0x00, 0x00, 0x00, 0x00, 0x00, 0x00, 0x00, 0x00,
    0x00, 0x00, 0x00, 0x00, 0x00, 0x00, 0x00, 0x00, 0x00, 0x00, 0x00,
    0x00, 0xC2, 0xBB, 0x00, 0x00, 0x00, 0x00, 0x00, 0x91, 0xCD, 0x02,
    0x00, 0x2E, 0xFC, 0x54, 0x00, 0x00, 0x00, 0x2D, 0xFA, 0x39, 0x00,
    0x00, 0x00, 0x91, 0xE1, 0x0A, 0x00, 0x00, 0xC1, 0xA0, 0x00, 0x00,
    0x00, 0x00, 0x0F, 0xE8, 0x84, 0x00, 0x5B, 0xF0, 0x17, 0x00, 0x00,
    0x00, 0x00, 0x00, 0x5E, 0xF8, 0x31, 0xE6, 0x70, 0x00, 0x00, 0x00,
    0x00, 0x00, 0x00, 0x00, 0xC3, 0xF3, 0xD4, 0x04, 0x00, 0x00, 0x00,
    0x00, 0x00, 0x00, 0x00, 0x3C, 0xFF, 0x4F, 0x00, 0x00, 0x00, 0x00,
    0x00, 0x00, 0x00, 0x00, 0x28, 0xFF, 0x38, 0x00, 0x00, 0x00, 0x00,
    0x00, 0x00, 0x00, 0x00, 0x28, 0xFF, 0x38, 0x00, 0x00, 0x00, 0x00,
    0x00, 0x00, 0x00, 0x00, 0x28, 0xFF, 0x38, 0x00, 0x00, 0x00, 0x00,
    0x00, 0x00, 0x00, 0x00, 0x00, 0x00, 0x00, 0x00, 0x00, 0x00, 0x00,
    0x00, 0x00, 0x00, 0x00, 0x00, 0x00, 0x00, 0x00, 0x00, 0x00, 0x00,
    0x00, 0x00, 0x00, 0x00, 0x00, 0x00, 0x00, 0x00, 0x00, 0x00, 0x00,
    0x00, 0x00, 0x00, 0x00, 0x00, 0x00, 0x00, 0x00, 0x00, 0x00, 0x00,

    /* Unicode: U+005A */
    0x00, 0x00, 0x00, 0x00, 0x00, 0x00, 0x00, 0x00, 0x00,
    0x00, 0x00, 0x00, 0x00, 0x00, 0x00, 0x00, 0x00, 0x00,
    0x00, 0x00, 0x00, 0x00, 0x00, 0x00, 0x00, 0x00, 0x00,
    0x00, 0x00, 0x00, 0x00, 0x00, 0x00, 0x00, 0x00, 0x00,
    0x4C, 0xFF, 0xFF, 0xFF, 0xFF, 0xFF, 0xFF, 0xFF, 0x9B,
    0x13, 0x40, 0x40, 0x40, 0x40, 0x40, 0xA6, 0xF9, 0x39,
    0x00, 0x00, 0x00, 0x00, 0x00, 0x3E, 0xFB, 0x69, 0x00,
    0x00, 0x00, 0x00, 0x00, 0x1B, 0xE8, 0xA0, 0x00, 0x00,
    0x00, 0x00, 0x00, 0x06, 0xC7, 0xCD, 0x08, 0x00, 0x00,
    0x00, 0x00, 0x00, 0x99, 0xEC, 0x1F, 0x00, 0x00, 0x00,
    0x00, 0x00, 0x63, 0xFD, 0x45, 0x00, 0x00, 0x00, 0x00,
    0x00, 0x35, 0xF8, 0x78, 0x00, 0x00, 0x00, 0x00, 0x00,
    0x15, 0xE2, 0xD4, 0x40, 0x40, 0x40, 0x40, 0x40, 0x33,
    0x63, 0xFF, 0xFF, 0xFF, 0xFF, 0xFF, 0xFF, 0xFF, 0xCC,
    0x00, 0x00, 0x00, 0x00, 0x00, 0x00, 0x00, 0x00, 0x00,
    0x00, 0x00, 0x00, 0x00, 0x00, 0x00, 0x00, 0x00, 0x00,
    0x00, 0x00, 0x00, 0x00, 0x00, 0x00, 0x00, 0x00, 0x00,
    0x00, 0x00, 0x00, 0x00, 0x00, 0x00, 0x00, 0x00, 0x00,

    /* Unicode: U+005B */
    0x00, 0x00, 0x00, 0x00,
    0x00, 0x00, 0x00, 0x00,
    0x00, 0x00, 0x00, 0x00,
    0x88, 0xFF, 0xFF, 0x64,
    0x88, 0xDC, 0x40, 0x19,
    0x88, 0xD0, 0x00, 0x00,
    0x88, 0xD0, 0x00, 0x00,
    0x88, 0xD0, 0x00, 0x00,
    0x88, 0xD0, 0x00, 0x00,
    0x88, 0xD0, 0x00, 0x00,
    0x88, 0xD0, 0x00, 0x00,
    0x88, 0xD0, 0x00, 0x00,
    0x88, 0xD0, 0x00, 0x00,
    0x88, 0xD0, 0x00, 0x00,
    0x88, 0xD0, 0x00, 0x00,
    0x88, 0xDC, 0x40, 0x19,
    0x88, 0xFF, 0xFF, 0x64,
    0x00, 0x00, 0x00, 0x00,

    /* Unicode: U+005C */
    0x00, 0x00, 0x00, 0x00, 0x00, 0x00, 0x00,
    0x5E, 0xD9, 0x00, 0x00, 0x00, 0x00, 0x00,
    0x0F, 0xF9, 0x2E, 0x00, 0x00, 0x00, 0x00,
    0x00, 0xB5, 0x83, 0x00, 0x00, 0x00, 0x00,
    0x00, 0x60, 0xD7, 0x00, 0x00, 0x00, 0x00,
    0x00, 0x11, 0xFA, 0x2C, 0x00, 0x00, 0x00,
    0x00, 0x00, 0xB7, 0x80, 0x00, 0x00, 0x00,
    0x00, 0x00, 0x63, 0xD5, 0x00, 0x00, 0x00,
    0x00, 0x00, 0x12, 0xFB, 0x2A, 0x00, 0x00,
    0x00, 0x00, 0x00, 0xB9, 0x7E, 0x00, 0x00,
    0x00, 0x00, 0x00, 0x65, 0xD3, 0x00, 0x00,
    0x00, 0x00, 0x00, 0x14, 0xFB, 0x27, 0x00,
    0x00, 0x00, 0x00, 0x00, 0xBC, 0x7C, 0x00,
    0x00, 0x00, 0x00, 0x00, 0x67, 0xD0, 0x00,
    0x00, 0x00, 0x00, 0x00, 0x15, 0xFC, 0x25,
    0x00, 0x00, 0x00, 0x00, 0x00, 0x00, 0x00,
    0x00, 0x00, 0x00, 0x00, 0x00, 0x00, 0x00,
    0x00, 0x00, 0x00, 0x00, 0x00, 0x00, 0x00,

    /* Unicode: U+005D */
    0x00, 0x00, 0x00, 0x00,
    0x00, 0x00, 0x00, 0x00,
    0x00, 0x00, 0x00, 0x00,
    0xBC, 0xFF, 0xFF, 0x30,
    0x2F, 0x5E, 0xFF, 0x30,
    0x00, 0x28, 0xFF, 0x30,
    0x00, 0x28, 0xFF, 0x30,
    0x00, 0x28, 0xFF, 0x30,
    0x00, 0x28, 0xFF, 0x30,
    0x00, 0x28, 0xFF, 0x30,
    0x00, 0x28, 0xFF, 0x30,
    0x00, 0x28, 0xFF, 0x30,
    0x00, 0x28, 0xFF, 0x30,
    0x00, 0x28, 0xFF, 0x30,
    0x00, 0x28, 0xFF, 0x30,
    0x2F, 0x5E, 0xFF, 0x30,
    0xBC, 0xFF, 0xFF, 0x30,
    0x00, 0x00, 0x00, 0x00,

    /* Unicode: U+005E */
    0x00, 0x00, 0x00, 0x00, 0x00, 0x00, 0x00,
    0x00, 0x00, 0x00, 0x00, 0x00, 0x00, 0x00,
    0x00, 0x00, 0x00, 0x00, 0x00, 0x00, 0x00,
    0x00, 0x00, 0x00, 0x00, 0x00, 0x00, 0x00,
    0x00, 0x00, 0x00, 0x00, 0x00, 0x00, 0x00,
    0x00, 0x00, 0x00, 0x00, 0x00, 0x00, 0x00,
    0x00, 0x00, 0xAE, 0xD7, 0x00, 0x00, 0x00,
    0x00, 0x1B, 0xE9, 0xCD, 0x41, 0x00, 0x00,
    0x00, 0x82, 0x8E, 0x61, 0xAA, 0x00, 0x00,
    0x04, 0xE5, 0x26, 0x0A, 0xEB, 0x19, 0x00,
    0x56, 0xBC, 0x00, 0x00, 0x93, 0x7D, 0x00,
    0xBF, 0x54, 0x00, 0x00, 0x2C, 0xE3, 0x03,
    0x00, 0x00, 0x00, 0x00, 0x00, 0x00, 0x00,
    0x00, 0x00, 0x00, 0x00, 0x00, 0x00, 0x00,
    0x00, 0x00, 0x00, 0x00, 0x00, 0x00, 0x00,
    0x00, 0x00, 0x00, 0x00, 0x00, 0x00, 0x00,
    0x00, 0x00, 0x00, 0x00, 0x00, 0x00, 0x00,
    0x00, 0x00, 0x00, 0x00, 0x00, 0x00, 0x00,

    /* Unicode: U+005F */
    0x00, 0x00, 0x00, 0x00, 0x00, 0x00, 0x00,
    0x00, 0x00, 0x00, 0x00, 0x00, 0x00, 0x00,
    0x00, 0x00, 0x00, 0x00, 0x00, 0x00, 0x00,
    0x00, 0x00, 0x00, 0x00, 0x00, 0x00, 0x00,
    0x00, 0x00, 0x00, 0x00, 0x00, 0x00, 0x00,
    0x00, 0x00, 0x00, 0x00, 0x00, 0x00, 0x00,
    0x00, 0x00, 0x00, 0x00, 0x00, 0x00, 0x00,
    0x00, 0x00, 0x00, 0x00, 0x00, 0x00, 0x00,
    0x00, 0x00, 0x00, 0x00, 0x00, 0x00, 0x00,
    0x00, 0x00, 0x00, 0x00, 0x00, 0x00, 0x00,
    0x00, 0x00, 0x00, 0x00, 0x00, 0x00, 0x00,
    0x00, 0x00, 0x00, 0x00, 0x00, 0x00, 0x00,
    0x00, 0x00, 0x00, 0x00, 0x00, 0x00, 0x00,
    0x08, 0x08, 0x08, 0x08, 0x08, 0x08, 0x08,
    0xFF, 0xFF, 0xFF, 0xFF, 0xFF, 0xFF, 0xFF,
    0x38, 0x38, 0x38, 0x38, 0x38, 0x38, 0x38,
    0x00, 0x00, 0x00, 0x00, 0x00, 0x00, 0x00,
    0x00, 0x00, 0x00, 0x00, 0x00, 0x00, 0x00,

    /* Unicode: U+0060 */
    0x00, 0x00, 0x00, 0x00, 0x00,
    0x00, 0x00, 0x00, 0x00, 0x00,
    0x00, 0x00, 0x00, 0x00, 0x00,
    0x0E, 0xB7, 0xC7, 0x0C, 0x00,
    0x00, 0x03, 0x93, 0xBD, 0x08,
    0x00, 0x00, 0x00, 0x00, 0x00,
    0x00, 0x00, 0x00, 0x00, 0x00,
    0x00, 0x00, 0x00, 0x00, 0x00,
    0x00, 0x00, 0x00, 0x00, 0x00,
    0x00, 0x00, 0x00, 0x00, 0x00,
    0x00, 0x00, 0x00, 0x00, 0x00,
    0x00, 0x00, 0x00, 0x00, 0x00,
    0x00, 0x00, 0x00, 0x00, 0x00,
    0x00, 0x00, 0x00, 0x00, 0x00,
    0x00, 0x00, 0x00, 0x00, 0x00,
    0x00, 0x00, 0x00, 0x00, 0x00,
    0x00, 0x00, 0x00, 0x00, 0x00,
    0x00, 0x00, 0x00, 0x00, 0x00,

    /* Unicode: U+0061 */
    0x00, 0x00, 0x00, 0x00, 0x00, 0x00, 0x00, 0x00,
    0x00, 0x00, 0x00, 0x00, 0x00, 0x00, 0x00, 0x00,
    0x00, 0x00, 0x00, 0x00, 0x00, 0x00, 0x00, 0x00,
    0x00, 0x00, 0x00, 0x00, 0x00, 0x00, 0x00, 0x00,
    0x00, 0x00, 0x00, 0x00, 0x00, 0x00, 0x00, 0x00,
    0x00, 0x00, 0x00, 0x00, 0x00, 0x00, 0x00, 0x00,
    0x00, 0x4C, 0xC6, 0xF6, 0xEB, 0xAA, 0x1A, 0x00,
    0x02, 0xAF, 0x7C, 0x4D, 0x58, 0xD1, 0xBE, 0x00,
    0x00, 0x00, 0x00, 0x03, 0x08, 0x45, 0xFF, 0x0D,
    0x00, 0x57, 0xDA, 0xFC, 0xFF, 0xFF, 0xFF, 0x27,
    0x1A, 0xF9, 0x96, 0x3F, 0x38, 0x5D, 0xFF, 0x28,
    0x40, 0xFF, 0x14, 0x00, 0x00, 0x4D, 0xFF, 0x28,
    0x16, 0xF5, 0xA3, 0x48, 0x69, 0xE3, 0xFF, 0x28,
    0x00, 0x4B, 0xD5, 0xF8, 0xD0, 0x5C, 0xFF, 0x28,
    0x00, 0x00, 0x00, 0x00, 0x00, 0x00, 0x00, 0x00,
    0x00, 0x00, 0x00, 0x00, 0x00, 0x00, 0x00, 0x00,
    0x00, 0x00, 0x00, 0x00, 0x00, 0x00, 0x00, 0x00,
    0x00, 0x00, 0x00, 0x00, 0x00, 0x00, 0x00, 0x00,

    /* Unicode: U+0062 */
    0x00, 0x00, 0x00, 0x00, 0x00, 0x00, 0x00, 0x00,
    0x00, 0x00, 0x00, 0x00, 0x00, 0x00, 0x00, 0x00,
    0x00, 0x00, 0x00, 0x00, 0x00, 0x00, 0x00, 0x00,
    0xB8, 0xA0, 0x00, 0x00, 0x00, 0x00, 0x00, 0x00,
    0xB8, 0xA0, 0x00, 0x00, 0x00, 0x00, 0x00, 0x00,
    0xB8, 0xA0, 0x00, 0x00, 0x00, 0x00, 0x00, 0x00,
    0xB8, 0xA2, 0x81, 0xE6, 0xF5, 0xC1, 0x3B, 0x00,
    0xB8, 0xF7, 0xD0, 0x5A, 0x4F, 0xB7, 0xFA, 0x33,
    0xB8, 0xED, 0x11, 0x00, 0x00, 0x02, 0xCC, 0xAF,
    0xB8, 0xAA, 0x00, 0x00, 0x00, 0x00, 0x74, 0xE6,
    0xB8, 0xAA, 0x00, 0x00, 0x00, 0x00, 0x74, 0xE5,
    0xB8, 0xED, 0x12, 0x00, 0x00, 0x02, 0xCC, 0xAF,
    0xB8, 0xF2, 0xD0, 0x5A, 0x4F, 0xB7, 0xFA, 0x33,
    0xB8, 0x92, 0x82, 0xE7, 0xF5, 0xC1, 0x3B, 0x00,
    0x00, 0x00, 0x00, 0x00, 0x00, 0x00, 0x00, 0x00,
    0x00, 0x00, 0x00, 0x00, 0x00, 0x00, 0x00, 0x00,
    0x00, 0x00, 0x00, 0x00, 0x00, 0x00, 0x00, 0x00,
    0x00, 0x00, 0x00, 0x00, 0x00, 0x00, 0x00, 0x00,

    /* Unicode: U+0063 */
    0x00, 0x00, 0x00, 0x00, 0x00, 0x00, 0x00, 0x00,
    0x00, 0x00, 0x00, 0x00, 0x00, 0x00, 0x00, 0x00,
    0x00, 0x00, 0x00, 0x00, 0x00, 0x00, 0x00, 0x00,
    0x00, 0x00, 0x00, 0x00, 0x00, 0x00, 0x00, 0x00,
    0x00, 0x00, 0x00, 0x00, 0x00, 0x00, 0x00, 0x00,
    0x00, 0x00, 0x00, 0x00, 0x00, 0x00, 0x00, 0x00,
    0x00, 0x02, 0x72, 0xD9, 0xF8, 0xD8, 0x65, 0x00,
    0x00, 0x94, 0xF5, 0x79, 0x48, 0x80, 0xF9, 0x48,
    0x20, 0xFE, 0x5A, 0x00, 0x00, 0x00, 0x26, 0x00,
    0x59, 0xFD, 0x06, 0x00, 0x00, 0x00, 0x00, 0x00,
    0x5A, 0xFD, 0x05, 0x00, 0x00, 0x00, 0x00, 0x00,
    0x20, 0xFE, 0x59, 0x00, 0x00, 0x00, 0x29, 0x00,
    0x00, 0x93, 0xF4, 0x77, 0x47, 0x7F, 0xF9, 0x49,
    0x00, 0x02, 0x72, 0xDA, 0xF8, 0xD8, 0x64, 0x00,
    0x00, 0x00, 0x00, 0x00, 0x00, 0x00, 0x00, 0x00,
    0x00, 0x00, 0x00, 0x00, 0x00, 0x00, 0x00, 0x00,
    0x00, 0x00, 0x00, 0x00, 0x00, 0x00, 0x00, 0x00,
    0x00, 0x00, 0x00, 0x00, 0x00, 0x00, 0x00, 0x00,

    /* Unicode: U+0064 */
    0x00, 0x00, 0x00, 0x00, 0x00, 0x00, 0x00, 0x00, 0x00,
    0x00, 0x00, 0x00, 0x00, 0x00, 0x00, 0x00, 0x00, 0x00,
    0x00, 0x00, 0x00, 0x00, 0x00, 0x00, 0x00, 0x00, 0x00,
    0x00, 0x00, 0x00, 0x00, 0x00, 0x00, 0x10, 0xFF, 0x48,
    0x00, 0x00, 0x00, 0x00, 0x00, 0x00, 0x10, 0xFF, 0x48,
    0x00, 0x00, 0x00, 0x00, 0x00, 0x00, 0x10, 0xFF, 0x48,
    0x00, 0x05, 0x81, 0xE1, 0xF7, 0xC6, 0x46, 0xFF, 0x48,
    0x00, 0xA4, 0xF4, 0x77, 0x48, 0x84, 0xF1, 0xFF, 0x48,
    0x26, 0xFF, 0x5A, 0x00, 0x00, 0x00, 0x76, 0xFF, 0x48,
    0x5B, 0xFD, 0x06, 0x00, 0x00, 0x00, 0x1F, 0xFF, 0x48,
    0x5B, 0xFD, 0x06, 0x00, 0x00, 0x00, 0x20, 0xFF, 0x48,
    0x26, 0xFF, 0x5B, 0x00, 0x00, 0x00, 0x76, 0xFF, 0x48,
    0x00, 0xA4, 0xF4, 0x77, 0x48, 0x84, 0xED, 0xFF, 0x48,
    0x00, 0x05, 0x82, 0xE2, 0xF8, 0xC6, 0x39, 0xFF, 0x48,
    0x00, 0x00, 0x00, 0x00, 0x00, 0x00, 0x00, 0x00, 0x00,
    0x00, 0x00, 0x00, 0x00, 0x00, 0x00, 0x00, 0x00, 0x00,
    0x00, 0x00, 0x00, 0x00, 0x00, 0x00, 0x00, 0x00, 0x00,
    0x00, 0x00, 0x00, 0x00, 0x00, 0x00, 0x00, 0x00, 0x00,

    /* Unicode: U+0065 */
    0x00, 0x00, 0x00, 0x00, 0x00, 0x00, 0x00, 0x00,
    0x00, 0x00, 0x00, 0x00, 0x00, 0x00, 0x00, 0x00,
    0x00, 0x00, 0x00, 0x00, 0x00, 0x00, 0x00, 0x00,
    0x00, 0x00, 0x00, 0x00, 0x00, 0x00, 0x00, 0x00,
    0x00, 0x00, 0x00, 0x00, 0x00, 0x00, 0x00, 0x00,
    0x00, 0x00, 0x00, 0x00, 0x00, 0x00, 0x00, 0x00,
    0x00, 0x04, 0x80, 0xE1, 0xF6, 0xC9, 0x48, 0x00,
    0x00, 0xA0, 0xDC, 0x64, 0x4A, 0x88, 0xFA, 0x44,
    0x24, 0xFE, 0x29, 0x08, 0x08, 0x08, 0x86, 0xC1,
    0x5A, 0xFF, 0xFF, 0xFF, 0xFF, 0xFF, 0xFF, 0xF1,
    0x5A, 0xFE, 0x42, 0x38, 0x38, 0x38, 0x38, 0x35,
    0x22, 0xFE, 0x68, 0x00, 0x00, 0x00, 0x11, 0x00,
    0x00, 0x98, 0xF9, 0x87, 0x4A, 0x68, 0xE5, 0x45,
    0x00, 0x02, 0x76, 0xD9, 0xF9, 0xE1, 0x84, 0x05,
    0x00, 0x00, 0x00, 0x00, 0x00, 0x00, 0x00, 0x00,
    0x00, 0x00, 0x00, 0x00, 0x00, 0x00, 0x00, 0x00,
    0x00, 0x00, 0x00, 0x00, 0x00, 0x00, 0x00, 0x00,
    0x00, 0x00, 0x00, 0x00, 0x00, 0x00, 0x00, 0x00,

    /* Unicode: U+0066 */
    0x00, 0x00, 0x00, 0x00, 0x00, 0x00,
    0x00, 0x00, 0x00, 0x00, 0x00, 0x00,
    0x00, 0x00, 0x00, 0x00, 0x00, 0x00,
    0x00, 0x03, 0x97, 0xEE, 0xE4, 0x38,
    0x00, 0x5A, 0xF8, 0x5E, 0x5E, 0x15,
    0x00, 0x85, 0xCB, 0x00, 0x00, 0x00,
    0xCC, 0xFF, 0xFF, 0xFF, 0xF0, 0x00,
    0x33, 0xA6, 0xDC, 0x40, 0x3C, 0x00,
    0x00, 0x88, 0xD0, 0x00, 0x00, 0x00,
    0x00, 0x88, 0xD0, 0x00, 0x00, 0x00,
    0x00, 0x88, 0xD0, 0x00, 0x00, 0x00,
    0x00, 0x88, 0xD0, 0x00, 0x00, 0x00,
    0x00, 0x88, 0xD0, 0x00, 0x00, 0x00,
    0x00, 0x88, 0xD0, 0x00, 0x00, 0x00,
    0x00, 0x00, 0x00, 0x00, 0x00, 0x00,
    0x00, 0x00, 0x00, 0x00, 0x00, 0x00,
    0x00, 0x00, 0x00, 0x00, 0x00, 0x00,
    0x00, 0x00, 0x00, 0x00, 0x00, 0x00,

    /* Unicode: U+0067 */
    0x00, 0x00, 0x00, 0x00, 0x00, 0x00, 0x00, 0x00, 0x00,
    0x00, 0x00, 0x00, 0x00, 0x00, 0x00, 0x00, 0x00, 0x00,
    0x00, 0x00, 0x00, 0x00, 0x00, 0x00, 0x00, 0x00, 0x00,
    0x00, 0x00, 0x00, 0x00, 0x00, 0x00, 0x00, 0x00, 0x00,
    0x00, 0x00, 0x00, 0x00, 0x00, 0x00, 0x00, 0x00, 0x00,
    0x00, 0x00, 0x00, 0x00, 0x00, 0x00, 0x00, 0x00, 0x00,
    0x00, 0x04, 0x7F, 0xE0, 0xF8, 0xCA, 0x44, 0xE8, 0x60,
    0x00, 0x9E, 0xF6, 0x7F, 0x4C, 0x7E, 0xF0, 0xF9, 0x60,
    0x23, 0xFF, 0x5D, 0x00, 0x00, 0x00, 0x5B, 0xFF, 0x60,
    0x5A, 0xFE, 0x09, 0x00, 0x00, 0x00, 0x07, 0xFC, 0x60,
    0x5A, 0xFD, 0x06, 0x00, 0x00, 0x00, 0x05, 0xFB, 0x60,
    0x23, 0xFF, 0x5D, 0x00, 0x00, 0x00, 0x5D, 0xFF, 0x60,
    0x00, 0x9D, 0xF6, 0x79, 0x47, 0x79, 0xF1, 0xFE, 0x5F,
    0x00, 0x04, 0x7F, 0xE0, 0xF9, 0xCF, 0x4B, 0xFC, 0x55,
    0x00, 0x05, 0x00, 0x00, 0x00, 0x00, 0x39, 0xFF, 0x2B,
    0x00, 0xC2, 0xAF, 0x65, 0x48, 0x6A, 0xE1, 0xBF, 0x00,
    0x00, 0x36, 0xAC, 0xE8, 0xF9, 0xDB, 0x8D, 0x0D, 0x00,
    0x00, 0x00, 0x00, 0x00, 0x00, 0x00, 0x00, 0x00, 0x00,

    /* Unicode: U+0068 */
    0x00, 0x00, 0x00, 0x00, 0x00, 0x00, 0x00, 0x00,
    0x00, 0x00, 0x00, 0x00, 0x00, 0x00, 0x00, 0x00,
    0x00, 0x00, 0x00, 0x00, 0x00, 0x00, 0x00, 0x00,
    0xB8, 0xA0, 0x00, 0x00, 0x00, 0x00, 0x00, 0x00,
    0xB8, 0xA0, 0x00, 0x00, 0x00, 0x00, 0x00, 0x00,
    0xB8, 0xA0, 0x00, 0x00, 0x00, 0x00, 0x00, 0x00,
    0xB8, 0xA7, 0x91, 0xE9, 0xF2, 0xB8, 0x24, 0x00,
    0xB8, 0xFD, 0xC1, 0x55, 0x59, 0xD9, 0xD3, 0x03,
    0xB8, 0xE7, 0x0A, 0x00, 0x00, 0x3C, 0xFF, 0x2E,
    0xB8, 0xAD, 0x00, 0x00, 0x00, 0x0D, 0xFF, 0x4C,
    0xB8, 0xA0, 0x00, 0x00, 0x00, 0x08, 0xFF, 0x50,
    0xB8, 0xA0, 0x00, 0x00, 0x00, 0x08, 0xFF, 0x50,
    0xB8, 0xA0, 0x00, 0x00, 0x00, 0x08, 0xFF, 0x50,
    0xB8, 0xA0, 0x00, 0x00, 0x00, 0x08, 0xFF, 0x50,
    0x00, 0x00, 0x00, 0x00, 0x00, 0x00, 0x00, 0x00,
    0x00, 0x00, 0x00, 0x00, 0x00, 0x00, 0x00, 0x00,
    0x00, 0x00, 0x00, 0x00, 0x00, 0x00, 0x00, 0x00,
    0x00, 0x00, 0x00, 0x00, 0x00, 0x00, 0x00, 0x00,

    /* Unicode: U+0069 */
    0x00, 0x00,
    0x00, 0x00,
    0x00, 0x00,
    0xC0, 0xA7,
    0xA3, 0x89,
    0x00, 0x00,
    0xB8, 0xA0,
    0xB8, 0xA0,
    0xB8, 0xA0,
    0xB8, 0xA0,
    0xB8, 0xA0,
    0xB8, 0xA0,
    0xB8, 0xA0,
    0xB8, 0xA0,
    0x00, 0x00,
    0x00, 0x00,
    0x00, 0x00,
    0x00, 0x00,

    /* Unicode: U+006A */
    0x00, 0x00, 0x00, 0x00, 0x00,
    0x00, 0x00, 0x00, 0x00, 0x00,
    0x00, 0x00, 0x00, 0x00, 0x00,
    0x00, 0x00, 0x00, 0xAC, 0xBA,
    0x00, 0x00, 0x00, 0x91, 0x9B,
    0x00, 0x00, 0x00, 0x00, 0x00,
    0x00, 0x00, 0x00, 0xA8, 0xB0,
    0x00, 0x00, 0x00, 0xA8, 0xB0,
    0x00, 0x00, 0x00, 0xA8, 0xB0,
    0x00, 0x00, 0x00, 0xA8, 0xB0,
    0x00, 0x00, 0x00, 0xA8, 0xB0,
    0x00, 0x00, 0x00, 0xA8, 0xB0,
    0x00, 0x00, 0x00, 0xA8, 0xB0,
    0x00, 0x00, 0x00, 0xA8, 0xB0,
    0x00, 0x00, 0x00, 0xAD, 0xA8,
    0x01, 0x5D, 0x49, 0xED, 0x76,
    0x1E, 0xDF, 0xF4, 0xAB, 0x0B,
    0x00, 0x00, 0x00, 0x00, 0x00,

    /* Unicode: U+006B */
    0x00, 0x00, 0x00, 0x00, 0x00, 0x00, 0x00, 0x00,
    0x00, 0x00, 0x00, 0x00, 0x00, 0x00, 0x00, 0x00,
    0x00, 0x00, 0x00, 0x00, 0x00, 0x00, 0x00, 0x00,
    0xB8, 0xA0, 0x00, 0x00, 0x00, 0x00, 0x00, 0x00,
    0xB8, 0xA0, 0x00, 0x00, 0x00, 0x00, 0x00, 0x00,
    0xB8, 0xA0, 0x00, 0x00, 0x00, 0x00, 0x00, 0x00,
    0xB8, 0xA0, 0x00, 0x00, 0x0F, 0xC8, 0xC5, 0x0A,
    0xB8, 0xA0, 0x00, 0x0F, 0xC8, 0xD1, 0x10, 0x00,
    0xB8, 0xA0, 0x0F, 0xC8, 0xDC, 0x18, 0x00, 0x00,
    0xB8, 0xAF, 0xC8, 0xFF, 0x62, 0x00, 0x00, 0x00,
    0xB8, 0xFF, 0xE6, 0xCA, 0xEA, 0x1A, 0x00, 0x00,
    0xB8, 0xE0, 0x21, 0x19, 0xE7, 0xBE, 0x02, 0x00,
    0xB8, 0xA0, 0x00, 0x00, 0x3E, 0xFB, 0x7D, 0x00,
    0xB8, 0xA0, 0x00, 0x00, 0x00, 0x73, 0xFC, 0x3D,
    0x00, 0x00, 0x00, 0x00, 0x00, 0x00, 0x00, 0x00,
    0x00, 0x00, 0x00, 0x00, 0x00, 0x00, 0x00, 0x00,
    0x00, 0x00, 0x00, 0x00, 0x00, 0x00, 0x00, 0x00,
    0x00, 0x00, 0x00, 0x00, 0x00, 0x00, 0x00, 0x00,

    /* Unicode: U+006C */
    0x00, 0x00,
    0x00, 0x00,
    0x00, 0x00,
    0xB8, 0xA0,
    0xB8, 0xA0,
    0xB8, 0xA0,
    0xB8, 0xA0,
    0xB8, 0xA0,
    0xB8, 0xA0,
    0xB8, 0xA0,
    0xB8, 0xA0,
    0xB8, 0xA0,
    0xB8, 0xA0,
    0xB8, 0xA0,
    0x00, 0x00,
    0x00, 0x00,
    0x00, 0x00,
    0x00, 0x00,

    /* Unicode: U+006D */
    0x00, 0x00, 0x00, 0x00, 0x00, 0x00, 0x00, 0x00, 0x00, 0x00, 0x00, 0x00, 0x00,
    0x00, 0x00, 0x00, 0x00, 0x00, 0x00, 0x00, 0x00, 0x00, 0x00, 0x00, 0x00, 0x00,
    0x00, 0x00, 0x00, 0x00, 0x00, 0x00, 0x00, 0x00, 0x00, 0x00, 0x00, 0x00, 0x00,
    0x00, 0x00, 0x00, 0x00, 0x00, 0x00, 0x00, 0x00, 0x00, 0x00, 0x00, 0x00, 0x00,
    0x00, 0x00, 0x00, 0x00, 0x00, 0x00, 0x00, 0x00, 0x00, 0x00, 0x00, 0x00, 0x00,
    0x00, 0x00, 0x00, 0x00, 0x00, 0x00, 0x00, 0x00, 0x00, 0x00, 0x00, 0x00, 0x00,
    0xB8, 0x98, 0x95, 0xEC, 0xF4, 0xA9, 0x14, 0x58, 0xD2, 0xF7, 0xD3, 0x4C, 0x00,
    0xB8, 0xFA, 0xBA, 0x51, 0x66, 0xED, 0xD8, 0xF1, 0x73, 0x4D, 0xAD, 0xFA, 0x26,
    0xB8, 0xE5, 0x08, 0x00, 0x00, 0x6E, 0xFF, 0x69, 0x00, 0x00, 0x07, 0xEB, 0x76,
    0xB8, 0xAD, 0x00, 0x00, 0x00, 0x41, 0xFF, 0x29, 0x00, 0x00, 0x00, 0xC5, 0x94,
    0xB8, 0xA0, 0x00, 0x00, 0x00, 0x3C, 0xFF, 0x1C, 0x00, 0x00, 0x00, 0xC0, 0x98,
    0xB8, 0xA0, 0x00, 0x00, 0x00, 0x3C, 0xFF, 0x1C, 0x00, 0x00, 0x00, 0xC0, 0x98,
    0xB8, 0xA0, 0x00, 0x00, 0x00, 0x3C, 0xFF, 0x1C, 0x00, 0x00, 0x00, 0xC0, 0x98,
    0xB8, 0xA0, 0x00, 0x00, 0x00, 0x3C, 0xFF, 0x1C, 0x00, 0x00, 0x00, 0xC0, 0x98,
    0x00, 0x00, 0x00, 0x00, 0x00, 0x00, 0x00, 0x00, 0x00, 0x00, 0x00, 0x00, 0x00,
    0x00, 0x00, 0x00, 0x00, 0x00, 0x00, 0x00, 0x00, 0x00, 0x00, 0x00, 0x00, 0x00,
    0x00, 0x00, 0x00, 0x00, 0x00, 0x00, 0x00, 0x00, 0x00, 0x00, 0x00, 0x00, 0x00,
    0x00, 0x00, 0x00, 0x00, 0x00, 0x00, 0x00, 0x00, 0x00, 0x00, 0x00, 0x00, 0x00,

    /* Unicode: U+006E */
    0x00, 0x00, 0x00, 0x00, 0x00, 0x00, 0x00, 0x00,
    0x00, 0x00, 0x00, 0x00, 0x00, 0x00, 0x00, 0x00,
    0x00, 0x00, 0x00, 0x00, 0x00, 0x00, 0x00, 0x00,
    0x00, 0x00, 0x00, 0x00, 0x00, 0x00, 0x00, 0x00,
    0x00, 0x00, 0x00, 0x00, 0x00, 0x00, 0x00, 0x00,
    0x00, 0x00, 0x00, 0x00, 0x00, 0x00, 0x00, 0x00,
    0xB8, 0x97, 0x8E, 0xE8, 0xF2, 0xB8, 0x24, 0x00,
    0xB8, 0xF9, 0xC1, 0x55, 0x59, 0xD9, 0xD3, 0x03,
    0xB8, 0xE7, 0x0A, 0x00, 0x00, 0x3C, 0xFF, 0x2E,
    0xB8, 0xAD, 0x00, 0x00, 0x00, 0x0D, 0xFF, 0x4C,
    0xB8, 0xA0, 0x00, 0x00, 0x00, 0x08, 0xFF, 0x50,
    0xB8, 0xA0, 0x00, 0x00, 0x00, 0x08, 0xFF, 0x50,
    0xB8, 0xA0, 0x00, 0x00, 0x00, 0x08, 0xFF, 0x50,
    0xB8, 0xA0, 0x00, 0x00, 0x00, 0x08, 0xFF, 0x50,
    0x00, 0x00, 0x00, 0x00, 0x00, 0x00, 0x00, 0x00,
    0x00, 0x00, 0x00, 0x00, 0x00, 0x00, 0x00, 0x00,
    0x00, 0x00, 0x00, 0x00, 0x00, 0x00, 0x00, 0x00,
    0x00, 0x00, 0x00, 0x00, 0x00, 0x00, 0x00, 0x00,

    /* Unicode: U+006F */
    0x00, 0x00, 0x00, 0x00, 0x00, 0x00, 0x00, 0x00, 0x00,
    0x00, 0x00, 0x00, 0x00, 0x00, 0x00, 0x00, 0x00, 0x00,
    0x00, 0x00, 0x00, 0x00, 0x00, 0x00, 0x00, 0x00, 0x00,
    0x00, 0x00, 0x00, 0x00, 0x00, 0x00, 0x00, 0x00, 0x00,
    0x00, 0x00, 0x00, 0x00, 0x00, 0x00, 0x00, 0x00, 0x00,
    0x00, 0x00, 0x00, 0x00, 0x00, 0x00, 0x00, 0x00, 0x00,
    0x00, 0x02, 0x77, 0xDC, 0xF7, 0xD5, 0x66, 0x00, 0x00,
    0x00, 0x99, 0xF4, 0x77, 0x48, 0x82, 0xFA, 0x7A, 0x00,
    0x22, 0xFF, 0x5A, 0x00, 0x00, 0x00, 0x76, 0xF5, 0x0D,
    0x5A, 0xFD, 0x06, 0x00, 0x00, 0x00, 0x1F, 0xFF, 0x3D,
    0x5A, 0xFD, 0x06, 0x00, 0x00, 0x00, 0x20, 0xFF, 0x3C,
    0x22, 0xFE, 0x5B, 0x00, 0x00, 0x00, 0x76, 0xF5, 0x0D,
    0x00, 0x98, 0xF4, 0x77, 0x47, 0x82, 0xFA, 0x7A, 0x00,
    0x00, 0x02, 0x77, 0xDC, 0xF8, 0xD6, 0x66, 0x00, 0x00,
    0x00, 0x00, 0x00, 0x00, 0x00, 0x00, 0x00, 0x00, 0x00,
    0x00, 0x00, 0x00, 0x00, 0x00, 0x00, 0x00, 0x00, 0x00,
    0x00, 0x00, 0x00, 0x00, 0x00, 0x00, 0x00, 0x00, 0x00,
    0x00, 0x00, 0x00, 0x00, 0x00, 0x00, 0x00, 0x00, 0x00,

    /* Unicode: U+0070 */
    0x00, 0x00, 0x00, 0x00, 0x00, 0x00, 0x00, 0x00,
    0x00, 0x00, 0x00, 0x00, 0x00, 0x00, 0x00, 0x00,
    0x00, 0x00, 0x00, 0x00, 0x00, 0x00, 0x00, 0x00,
    0x00, 0x00, 0x00, 0x00, 0x00, 0x00, 0x00, 0x00,
    0x00, 0x00, 0x00, 0x00, 0x00, 0x00, 0x00, 0x00,
    0x00, 0x00, 0x00, 0x00, 0x00, 0x00, 0x00, 0x00,
    0xB8, 0x93, 0x83, 0xE6, 0xF5, 0xC1, 0x3B, 0x00,
    0xB8, 0xF3, 0xD2, 0x5B, 0x4F, 0xB7, 0xFA, 0x33,
    0xB8, 0xEF, 0x14, 0x00, 0x00, 0x02, 0xCC, 0xAF,
    0xB8, 0xAB, 0x00, 0x00, 0x00, 0x00, 0x74, 0xE6,
    0xB8, 0xAA, 0x00, 0x00, 0x00, 0x00, 0x74, 0xE5,
    0xB8, 0xED, 0x12, 0x00, 0x00, 0x02, 0xCC, 0xAF,
    0xB8, 0xF6, 0xD0, 0x5A, 0x4F, 0xB7, 0xFA, 0x33,
    0xB8, 0xA1, 0x80, 0xE6, 0xF5, 0xC1, 0x3B, 0x00,
    0xB8, 0xA0, 0x00, 0x00, 0x00, 0x00, 0x00, 0x00,
    0xB8, 0xA0, 0x00, 0x00, 0x00, 0x00, 0x00, 0x00,
    0xB8, 0xA0, 0x00, 0x00, 0x00, 0x00, 0x00, 0x00,
    0x00, 0x00, 0x00, 0x00, 0x00, 0x00, 0x00, 0x00,

    /* Unicode: U+0071 */
    0x00, 0x00, 0x00, 0x00, 0x00, 0x00, 0x00, 0x00, 0x00,
    0x00, 0x00, 0x00, 0x00, 0x00, 0x00, 0x00, 0x00, 0x00,
    0x00, 0x00, 0x00, 0x00, 0x00, 0x00, 0x00, 0x00, 0x00,
    0x00, 0x00, 0x00, 0x00, 0x00, 0x00, 0x00, 0x00, 0x00,
    0x00, 0x00, 0x00, 0x00, 0x00, 0x00, 0x00, 0x00, 0x00,
    0x00, 0x00, 0x00, 0x00, 0x00, 0x00, 0x00, 0x00, 0x00,
    0x00, 0x05, 0x81, 0xE1, 0xF7, 0xC6, 0x3B, 0xFF, 0x48,
    0x00, 0xA4, 0xF4, 0x77, 0x48, 0x84, 0xEF, 0xFF, 0x48,
    0x26, 0xFF, 0x5A, 0x00, 0x00, 0x00, 0x77, 0xFF, 0x48,
    0x5B, 0xFD, 0x06, 0x00, 0x00, 0x00, 0x1F, 0xFF, 0x48,
    0x5B, 0xFD, 0x06, 0x00, 0x00, 0x00, 0x20, 0xFF, 0x48,
    0x26, 0xFF, 0x5B, 0x00, 0x00, 0x00, 0x76, 0xFF, 0x48,
    0x00, 0xA4, 0xF4, 0x77, 0x48, 0x84, 0xF1, 0xFF, 0x48,
    0x00, 0x05, 0x82, 0xE2, 0xF8, 0xC5, 0x44, 0xFF, 0x48,
    0x00, 0x00, 0x00, 0x00, 0x00, 0x00, 0x10, 0xFF, 0x48,
    0x00, 0x00, 0x00, 0x00, 0x00, 0x00, 0x10, 0xFF, 0x48,
    0x00, 0x00, 0x00, 0x00, 0x00, 0x00, 0x10, 0xFF, 0x48,
    0x00, 0x00, 0x00, 0x00, 0x00, 0x00, 0x00, 0x00, 0x00,

    /* Unicode: U+0072 */
    0x00, 0x00, 0x00, 0x00, 0x00,
    0x00, 0x00, 0x00, 0x00, 0x00,
    0x00, 0x00, 0x00, 0x00, 0x00,
    0x00, 0x00, 0x00, 0x00, 0x00,
    0x00, 0x00, 0x00, 0x00, 0x00,
    0x00, 0x00, 0x00, 0x00, 0x00,
    0xB8, 0x97, 0x94, 0xEA, 0x43,
    0xB8, 0xF7, 0xC3, 0x55, 0x12,
    0xB8, 0xE9, 0x0B, 0x00, 0x00,
    0xB8, 0xB0, 0x00, 0x00, 0x00,
    0xB8, 0xA0, 0x00, 0x00, 0x00,
    0xB8, 0xA0, 0x00, 0x00, 0x00,
    0xB8, 0xA0, 0x00, 0x00, 0x00,
    0xB8, 0xA0, 0x00, 0x00, 0x00,
    0x00, 0x00, 0x00, 0x00, 0x00,
    0x00, 0x00, 0x00, 0x00, 0x00,
    0x00, 0x00, 0x00, 0x00, 0x00,
    0x00, 0x00, 0x00, 0x00, 0x00,

    /* Unicode: U+0073 */
    0x00, 0x00, 0x00, 0x00, 0x00, 0x00, 0x00,
    0x00, 0x00, 0x00, 0x00, 0x00, 0x00, 0x00,
    0x00, 0x00, 0x00, 0x00, 0x00, 0x00, 0x00,
    0x00, 0x00, 0x00, 0x00, 0x00, 0x00, 0x00,
    0x00, 0x00, 0x00, 0x00, 0x00, 0x00, 0x00,
    0x00, 0x00, 0x00, 0x00, 0x00, 0x00, 0x00,
    0x00, 0x5A, 0xD2, 0xF6, 0xE2, 0xAC, 0x1E,
    0x33, 0xFE, 0x86, 0x47, 0x60, 0xB5, 0x0F,
    0x61, 0xF8, 0x0B, 0x00, 0x00, 0x00, 0x00,
    0x1E, 0xE7, 0xE1, 0x95, 0x5F, 0x13, 0x00,
    0x00, 0x12, 0x6C, 0xA0, 0xE0, 0xED, 0x37,
    0x00, 0x00, 0x00, 0x00, 0x03, 0xD9, 0x90,
    0x60, 0xBF, 0x67, 0x47, 0x6B, 0xF6, 0x61,
    0x31, 0xAD, 0xE0, 0xF8, 0xDC, 0x78, 0x00,
    0x00, 0x00, 0x00, 0x00, 0x00, 0x00, 0x00,
    0x00, 0x00, 0x00, 0x00, 0x00, 0x00, 0x00,
    0x00, 0x00, 0x00, 0x00, 0x00, 0x00, 0x00,
    0x00, 0x00, 0x00, 0x00, 0x00, 0x00, 0x00,

    /* Unicode: U+0074 */
    0x00, 0x00, 0x00, 0x00, 0x00, 0x00,
    0x00, 0x00, 0x00, 0x00, 0x00, 0x00,
    0x00, 0x00, 0x00, 0x00, 0x00, 0x00,
    0x00, 0x00, 0x00, 0x00, 0x00, 0x00,
    0x00, 0x44, 0x68, 0x00, 0x00, 0x00,
    0x00, 0x88, 0xD0, 0x00, 0x00, 0x00,
    0xCC, 0xFF, 0xFF, 0xFF, 0xF0, 0x00,
    0x33, 0xA6, 0xDC, 0x40, 0x3C, 0x00,
    0x00, 0x88, 0xD0, 0x00, 0x00, 0x00,
    0x00, 0x88, 0xD0, 0x00, 0x00, 0x00,
    0x00, 0x88, 0xD0, 0x00, 0x00, 0x00,
    0x00, 0x84, 0xD4, 0x00, 0x00, 0x00,
    0x00, 0x5B, 0xFA, 0x52, 0x4E, 0x15,
    0x00, 0x04, 0xA0, 0xF1, 0xE1, 0x38,
    0x00, 0x00, 0x00, 0x00, 0x00, 0x00,
    0x00, 0x00, 0x00, 0x00, 0x00, 0x00,
    0x00, 0x00, 0x00, 0x00, 0x00, 0x00,
    0x00, 0x00, 0x00, 0x00, 0x00, 0x00,

    /* Unicode: U+0075 */
    0x00, 0x00, 0x00, 0x00, 0x00, 0x00, 0x00, 0x00,
    0x00, 0x00, 0x00, 0x00, 0x00, 0x00, 0x00, 0x00,
    0x00, 0x00, 0x00, 0x00, 0x00, 0x00, 0x00, 0x00,
    0x00, 0x00, 0x00, 0x00, 0x00, 0x00, 0x00, 0x00,
    0x00, 0x00, 0x00, 0x00, 0x00, 0x00, 0x00, 0x00,
    0x00, 0x00, 0x00, 0x00, 0x00, 0x00, 0x00, 0x00,
    0xCC, 0x8C, 0x00, 0x00, 0x00, 0x28, 0xFF, 0x30,
    0xCC, 0x8C, 0x00, 0x00, 0x00, 0x28, 0xFF, 0x30,
    0xCC, 0x8C, 0x00, 0x00, 0x00, 0x28, 0xFF, 0x30,
    0xCC, 0x8C, 0x00, 0x00, 0x00, 0x28, 0xFF, 0x30,
    0xC8, 0x91, 0x00, 0x00, 0x00, 0x36, 0xFF, 0x30,
    0xAA, 0xC0, 0x00, 0x00, 0x00, 0x79, 0xFF, 0x30,
    0x51, 0xFF, 0x8F, 0x4B, 0x7D, 0xF0, 0xFF, 0x30,
    0x00, 0x6A, 0xDA, 0xF8, 0xC9, 0x4D, 0xFF, 0x30,
    0x00, 0x00, 0x00, 0x00, 0x00, 0x00, 0x00, 0x00,
    0x00, 0x00, 0x00, 0x00, 0x00, 0x00, 0x00, 0x00,
    0x00, 0x00, 0x00, 0x00, 0x00, 0x00, 0x00, 0x00,
    0x00, 0x00, 0x00, 0x00, 0x00, 0x00, 0x00, 0x00,

    /* Unicode: U+0076 */
    0x00, 0x00, 0x00, 0x00, 0x00, 0x00, 0x00, 0x00, 0x00,
    0x00, 0x00, 0x00, 0x00, 0x00, 0x00, 0x00, 0x00, 0x00,
    0x00, 0x00, 0x00, 0x00, 0x00, 0x00, 0x00, 0x00, 0x00,
    0x00, 0x00, 0x00, 0x00, 0x00, 0x00, 0x00, 0x00, 0x00,
    0x00, 0x00, 0x00, 0x00, 0x00, 0x00, 0x00, 0x00, 0x00,
    0x00, 0x00, 0x00, 0x00, 0x00, 0x00, 0x00, 0x00, 0x00,
    0x00, 0xD4, 0x92, 0x00, 0x00, 0x00, 0x00, 0xAC, 0xA3,
    0x00, 0x6D, 0xEE, 0x08, 0x00, 0x00, 0x18, 0xFB, 0x3B,
    0x00, 0x0F, 0xF5, 0x5C, 0x00, 0x00, 0x7C, 0xD3, 0x00,
    0x00, 0x00, 0x9D, 0xC2, 0x00, 0x02, 0xE0, 0x6B, 0x00,
    0x00, 0x00, 0x34, 0xFF, 0x28, 0x4B, 0xF4, 0x0E, 0x00,
    0x00, 0x00, 0x00, 0xCC, 0x8C, 0xB3, 0x9B, 0x00, 0x00,
    0x00, 0x00, 0x00, 0x65, 0xEF, 0xFC, 0x33, 0x00, 0x00,
    0x00, 0x00, 0x00, 0x0B, 0xF1, 0xCB, 0x00, 0x00, 0x00,
    0x00, 0x00, 0x00, 0x00, 0x00, 0x00, 0x00, 0x00, 0x00,
    0x00, 0x00, 0x00, 0x00, 0x00, 0x00, 0x00, 0x00, 0x00,
    0x00, 0x00, 0x00, 0x00, 0x00, 0x00, 0x00, 0x00, 0x00,
    0x00, 0x00, 0x00, 0x00, 0x00, 0x00, 0x00, 0x00, 0x00,

    /* Unicode: U+0077 */
    0x00, 0x00, 0x00, 0x00, 0x00, 0x00, 0x00, 0x00, 0x00, 0x00, 0x00, 0x00, 0x00,
    0x00, 0x00, 0x00, 0x00, 0x00, 0x00, 0x00, 0x00, 0x00, 0x00, 0x00, 0x00, 0x00,
    0x00, 0x00, 0x00, 0x00, 0x00, 0x00, 0x00, 0x00, 0x00, 0x00, 0x00, 0x00, 0x00,
    0x00, 0x00, 0x00, 0x00, 0x00, 0x00, 0x00, 0x00, 0x00, 0x00, 0x00, 0x00, 0x00,
    0x00, 0x00, 0x00, 0x00, 0x00, 0x00, 0x00, 0x00, 0x00, 0x00, 0x00, 0x00, 0x00,
    0x00, 0x00, 0x00, 0x00, 0x00, 0x00, 0x00, 0x00, 0x00, 0x00, 0x00, 0x00, 0x00,
    0xC0, 0x86, 0x00, 0x00, 0x00, 0x6D, 0xFB, 0x14, 0x00, 0x00, 0x00, 0xDF, 0x53,
    0x68, 0xDC, 0x00, 0x00, 0x00, 0xC7, 0xFF, 0x67, 0x00, 0x00, 0x38, 0xF2, 0x08,
    0x14, 0xFB, 0x33, 0x00, 0x20, 0xFD, 0xA5, 0xBF, 0x00, 0x00, 0x90, 0xA2, 0x00,
    0x00, 0xB7, 0x8A, 0x00, 0x7A, 0xC0, 0x2B, 0xFD, 0x19, 0x02, 0xE5, 0x49, 0x00,
    0x00, 0x5E, 0xDF, 0x00, 0xD3, 0x63, 0x00, 0xD0, 0x6F, 0x40, 0xEC, 0x04, 0x00,
    0x00, 0x0E, 0xF7, 0x63, 0xF7, 0x0F, 0x00, 0x75, 0xC6, 0x97, 0x98, 0x00, 0x00,
    0x00, 0x00, 0xAD, 0xF2, 0xAA, 0x00, 0x00, 0x1B, 0xFC, 0xF1, 0x40, 0x00, 0x00,
    0x00, 0x00, 0x54, 0xFF, 0x4E, 0x00, 0x00, 0x00, 0xBE, 0xE5, 0x02, 0x00, 0x00,
    0x00, 0x00, 0x00, 0x00, 0x00, 0x00, 0x00, 0x00, 0x00, 0x00, 0x00, 0x00, 0x00,
    0x00, 0x00, 0x00, 0x00, 0x00, 0x00, 0x00, 0x00, 0x00, 0x00, 0x00, 0x00, 0x00,
    0x00, 0x00, 0x00, 0x00, 0x00, 0x00, 0x00, 0x00, 0x00, 0x00, 0x00, 0x00, 0x00,
    0x00, 0x00, 0x00, 0x00, 0x00, 0x00, 0x00, 0x00, 0x00, 0x00, 0x00, 0x00, 0x00,

    /* Unicode: U+0078 */
    0x00, 0x00, 0x00, 0x00, 0x00, 0x00, 0x00, 0x00,
    0x00, 0x00, 0x00, 0x00, 0x00, 0x00, 0x00, 0x00,
    0x00, 0x00, 0x00, 0x00, 0x00, 0x00, 0x00, 0x00,
    0x00, 0x00, 0x00, 0x00, 0x00, 0x00, 0x00, 0x00,
    0x00, 0x00, 0x00, 0x00, 0x00, 0x00, 0x00, 0x00,
    0x00, 0x00, 0x00, 0x00, 0x00, 0x00, 0x00, 0x00,
    0x4E, 0xF9, 0x32, 0x00, 0x00, 0x71, 0xEB, 0x19,
    0x00, 0x9A, 0xD6, 0x08, 0x2A, 0xF7, 0x50, 0x00,
    0x00, 0x0B, 0xDA, 0x96, 0xCD, 0x9A, 0x00, 0x00,
    0x00, 0x00, 0x36, 0xFB, 0xDB, 0x0B, 0x00, 0x00,
    0x00, 0x00, 0x46, 0xFE, 0xE5, 0x14, 0x00, 0x00,
    0x00, 0x16, 0xE7, 0x7C, 0xC1, 0xB3, 0x00, 0x00,
    0x01, 0xB5, 0xC0, 0x02, 0x1F, 0xF0, 0x6F, 0x00,
    0x70, 0xEE, 0x1D, 0x00, 0x00, 0x5A, 0xF9, 0x31,
    0x00, 0x00, 0x00, 0x00, 0x00, 0x00, 0x00, 0x00,
    0x00, 0x00, 0x00, 0x00, 0x00, 0x00, 0x00, 0x00,
    0x00, 0x00, 0x00, 0x00, 0x00, 0x00, 0x00, 0x00,
    0x00, 0x00, 0x00, 0x00, 0x00, 0x00, 0x00, 0x00,

    /* Unicode: U+0079 */
    0x00, 0x00, 0x00, 0x00, 0x00, 0x00, 0x00, 0x00, 0x00,
    0x00, 0x00, 0x00, 0x00, 0x00, 0x00, 0x00, 0x00, 0x00,
    0x00, 0x00, 0x00, 0x00, 0x00, 0x00, 0x00, 0x00, 0x00,
    0x00, 0x00, 0x00, 0x00, 0x00, 0x00, 0x00, 0x00, 0x00,
    0x00, 0x00, 0x00, 0x00, 0x00, 0x00, 0x00, 0x00, 0x00,
    0x00, 0x00, 0x00, 0x00, 0x00, 0x00, 0x00, 0x00, 0x00,
    0x00, 0xD3, 0x92, 0x00, 0x00, 0x00, 0x00, 0xAB, 0xA2,
    0x00, 0x6B, 0xEF, 0x09, 0x00, 0x00, 0x16, 0xFA, 0x39,
    0x00, 0x0E, 0xF3, 0x60, 0x00, 0x00, 0x76, 0xD0, 0x00,
    0x00, 0x00, 0x99, 0xC7, 0x00, 0x01, 0xDA, 0x67, 0x00,
    0x00, 0x00, 0x30, 0xFF, 0x2E, 0x42, 0xF1, 0x0C, 0x00,
    0x00, 0x00, 0x00, 0xC8, 0x95, 0xA7, 0x94, 0x00, 0x00,
    0x00, 0x00, 0x00, 0x5F, 0xF2, 0xF8, 0x2C, 0x00, 0x00,
    0x00, 0x00, 0x00, 0x08, 0xED, 0xC2, 0x00, 0x00, 0x00,
    0x00, 0x00, 0x00, 0x0A, 0xEC, 0x58, 0x00, 0x00, 0x00,
    0x06, 0x8B, 0x44, 0xA0, 0xDB, 0x04, 0x00, 0x00, 0x00,
    0x19, 0xC1, 0xF5, 0xCD, 0x2D, 0x00, 0x00, 0x00, 0x00,
    0x00, 0x00, 0x00, 0x00, 0x00, 0x00, 0x00, 0x00, 0x00,

    /* Unicode: U+007A */
    0x00, 0x00, 0x00, 0x00, 0x00, 0x00, 0x00,
    0x00, 0x00, 0x00, 0x00, 0x00, 0x00, 0x00,
    0x00, 0x00, 0x00, 0x00, 0x00, 0x00, 0x00,
    0x00, 0x00, 0x00, 0x00, 0x00, 0x00, 0x00,
    0x00, 0x00, 0x00, 0x00, 0x00, 0x00, 0x00,
    0x00, 0x00, 0x00, 0x00, 0x00, 0x00, 0x00,
    0x5C, 0xFF, 0xFF, 0xFF, 0xFF, 0xFF, 0xA8,
    0x17, 0x40, 0x40, 0x40, 0x82, 0xFE, 0x48,
    0x00, 0x00, 0x00, 0x19, 0xE9, 0x83, 0x00,
    0x00, 0x00, 0x03, 0xC1, 0xBD, 0x03, 0x00,
    0x00, 0x00, 0x88, 0xE6, 0x17, 0x00, 0x00,
    0x00, 0x4A, 0xFA, 0x3F, 0x00, 0x00, 0x00,
    0x1E, 0xED, 0xAC, 0x40, 0x40, 0x40, 0x32,
    0x6F, 0xFF, 0xFF, 0xFF, 0xFF, 0xFF, 0xC8,
    0x00, 0x00, 0x00, 0x00, 0x00, 0x00, 0x00,
    0x00, 0x00, 0x00, 0x00, 0x00, 0x00, 0x00,
    0x00, 0x00, 0x00, 0x00, 0x00, 0x00, 0x00,
    0x00, 0x00, 0x00, 0x00, 0x00, 0x00, 0x00,

    /* Unicode: U+007B */
    0x00, 0x00, 0x00, 0x00, 0x00,
    0x00, 0x00, 0x00, 0x00, 0x00,
    0x00, 0x00, 0x00, 0x00, 0x00,
    0x00, 0x00, 0x6A, 0xEB, 0xA3,
    0x00, 0x04, 0xF8, 0xA4, 0x2A,
    0x00, 0x13, 0xFF, 0x45, 0x00,
    0x00, 0x14, 0xFF, 0x44, 0x00,
    0x00, 0x14, 0xFF, 0x44, 0x00,
    0x01, 0x38, 0xFF, 0x3D, 0x00,
    0x34, 0xFF, 0xCC, 0x05, 0x00,
    0x0B, 0x68, 0xFF, 0x2F, 0x00,
    0x00, 0x14, 0xFF, 0x43, 0x00,
    0x00, 0x14, 0xFF, 0x44, 0x00,
    0x00, 0x14, 0xFF, 0x44, 0x00,
    0x00, 0x12, 0xFF, 0x47, 0x00,
    0x00, 0x01, 0xF1, 0xAA, 0x2A,
    0x00, 0x00, 0x5E, 0xE9, 0xA3,
    0x00, 0x00, 0x00, 0x00, 0x00,

    /* Unicode: U+007C */
    0x00, 0x00,
    0x00, 0x00,
    0x00, 0x00,
    0x88, 0xB8,
    0x88, 0xB8,
    0x88, 0xB8,
    0x88, 0xB8,
    0x88, 0xB8,
    0x88, 0xB8,
    0x88, 0xB8,
    0x88, 0xB8,
    0x88, 0xB8,
    0x88, 0xB8,
    0x88, 0xB8,
    0x88, 0xB8,
    0x88, 0xB8,
    0x88, 0xB8,
    0x00, 0x00,

    /* Unicode: U+007D */
    0x00, 0x00, 0x00, 0x00, 0x00,
    0x00, 0x00, 0x00, 0x00, 0x00,
    0x00, 0x00, 0x00, 0x00, 0x00,
    0xBB, 0xE6, 0x5A, 0x00, 0x00,
    0x32, 0xB1, 0xEB, 0x00, 0x00,
    0x00, 0x55, 0xFF, 0x03, 0x00,
    0x00, 0x54, 0xFF, 0x04, 0x00,
    0x00, 0x54, 0xFF, 0x04, 0x00,
    0x00, 0x4E, 0xFF, 0x27, 0x00,
    0x00, 0x0C, 0xDD, 0xFF, 0x1C,
    0x00, 0x42, 0xFF, 0x5A, 0x06,
    0x00, 0x54, 0xFF, 0x04, 0x00,
    0x00, 0x54, 0xFF, 0x04, 0x00,
    0x00, 0x54, 0xFF, 0x04, 0x00,
    0x00, 0x57, 0xFF, 0x02, 0x00,
    0x31, 0xB6, 0xE1, 0x00, 0x00,
    0xBB, 0xE4, 0x4F, 0x00, 0x00,
    0x00, 0x00, 0x00, 0x00, 0x00,

    /* Unicode: U+007E */
    0x00, 0x00, 0x00, 0x00, 0x00, 0x00, 0x00, 0x00,
    0x00, 0x00, 0x00, 0x00, 0x00, 0x00, 0x00, 0x00,
    0x00, 0x00, 0x00, 0x00, 0x00, 0x00, 0x00, 0x00,
    0x00, 0x00, 0x00, 0x00, 0x00, 0x00, 0x00, 0x00,
    0x00, 0x00, 0x00, 0x00, 0x00, 0x00, 0x00, 0x00,
    0x00, 0x00, 0x00, 0x00, 0x00, 0x00, 0x00, 0x00,
    0x00, 0x00, 0x00, 0x00, 0x00, 0x00, 0x00, 0x00,
    0x00, 0x00, 0x01, 0x00, 0x00, 0x00, 0x04, 0x02,
    0x00, 0x86, 0xF8, 0xD7, 0x5E, 0x14, 0xC8, 0x42,
    0x13, 0xE7, 0x10, 0x4F, 0xE6, 0xFF, 0xD2, 0x06,
    0x09, 0x28, 0x00, 0x00, 0x07, 0x2B, 0x07, 0x00,
    0x00, 0x00, 0x00, 0x00, 0x00, 0x00, 0x00, 0x00,
    0x00, 0x00, 0x00, 0x00, 0x00, 0x00, 0x00, 0x00,
    0x00, 0x00, 0x00, 0x00, 0x00, 0x00, 0x00, 0x00,
    0x00, 0x00, 0x00, 0x00, 0x00, 0x00, 0x00, 0x00,
    0x00, 0x00, 0x00, 0x00, 0x00, 0x00, 0x00, 0x00,
    0x00, 0x00, 0x00, 0x00, 0x00, 0x00, 0x00, 0x00,
    0x00, 0x00, 0x00, 0x00, 0x00, 0x00, 0x00, 0x00,

    /* Unicode: U+007F */
    0x00, 0x00, 0x00, 0x00, 0x00, 0x00, 0x00, 0x00,
    0x00, 0x00, 0x00, 0x00, 0x00, 0x00, 0x00, 0x00,
    0x00, 0x00, 0x00, 0x00, 0x00, 0x00, 0x00, 0x00,
    0x00, 0x00, 0x00, 0x00, 0x00, 0x00, 0x00, 0x00,
    0x70, 0xFE, 0xFC, 0xFC, 0xFC, 0xFC, 0xFD, 0xA8,
    0x70, 0xB0, 0x00, 0x00, 0x00, 0x00, 0x78, 0xA8,
    0x70, 0xB0, 0x00, 0x00, 0x00, 0x00, 0x78, 0xA8,
    0x70, 0xB0, 0x00, 0x00, 0x00, 0x00, 0x78, 0xA8,
    0x70, 0xB0, 0x00, 0x00, 0x00, 0x00, 0x78, 0xA8,
    0x70, 0xB0, 0x00, 0x00, 0x00, 0x00, 0x78, 0xA8,
    0x70, 0xB0, 0x00, 0x00, 0x00, 0x00, 0x78, 0xA8,
    0x70, 0xB0, 0x00, 0x00, 0x00, 0x00, 0x78, 0xA8,
    0x70, 0xB0, 0x00, 0x00, 0x00, 0x00, 0x78, 0xA8,
    0x6E, 0xFC, 0xFC, 0xFC, 0xFC, 0xFC, 0xFC, 0xA5,
    0x00, 0x00, 0x00, 0x00, 0x00, 0x00, 0x00, 0x00,
    0x00, 0x00, 0x00, 0x00, 0x00, 0x00, 0x00, 0x00,
    0x00, 0x00, 0x00, 0x00, 0x00, 0x00, 0x00, 0x00,
    0x00, 0x00, 0x00, 0x00, 0x00, 0x00, 0x00, 0x00,

    /* Unicode: U+0080 */
    0x00, 0x00, 0x00, 0x00, 0x00, 0x00, 0x00, 0x00,
    0x00, 0x00, 0x00, 0x00, 0x00, 0x00, 0x00, 0x00,
    0x00, 0x00, 0x00, 0x00, 0x00, 0x00, 0x00, 0x00,
    0x00, 0x00, 0x00, 0x00, 0x00, 0x00, 0x00, 0x00,
    0x70, 0xFE, 0xFC, 0xFC, 0xFC, 0xFC, 0xFD, 0xA8,
    0x70, 0xB0, 0x00, 0x00, 0x00, 0x00, 0x78, 0xA8,
    0x70, 0xB0, 0x00, 0x00, 0x00, 0x00, 0x78, 0xA8,
    0x70, 0xB0, 0x00, 0x00, 0x00, 0x00, 0x78, 0xA8,
    0x70, 0xB0, 0x00, 0x00, 0x00, 0x00, 0x78, 0xA8,
    0x70, 0xB0, 0x00, 0x00, 0x00, 0x00, 0x78, 0xA8,
    0x70, 0xB0, 0x00, 0x00, 0x00, 0x00, 0x78, 0xA8,
    0x70, 0xB0, 0x00, 0x00, 0x00, 0x00, 0x78, 0xA8,
    0x70, 0xB0, 0x00, 0x00, 0x00, 0x00, 0x78, 0xA8,
    0x6E, 0xFC, 0xFC, 0xFC, 0xFC, 0xFC, 0xFC, 0xA5,
    0x00, 0x00, 0x00, 0x00, 0x00, 0x00, 0x00, 0x00,
    0x00, 0x00, 0x00, 0x00, 0x00, 0x00, 0x00, 0x00,
    0x00, 0x00, 0x00, 0x00, 0x00, 0x00, 0x00, 0x00,
    0x00, 0x00, 0x00, 0x00, 0x00, 0x00, 0x00, 0x00,

    /* Unicode: U+0081 */
    0x00, 0x00, 0x00, 0x00, 0x00, 0x00, 0x00, 0x00,
    0x00, 0x00, 0x00, 0x00, 0x00, 0x00, 0x00, 0x00,
    0x00, 0x00, 0x00, 0x00, 0x00, 0x00, 0x00, 0x00,
    0x00, 0x00, 0x00, 0x00, 0x00, 0x00, 0x00, 0x00,
    0x70, 0xFE, 0xFC, 0xFC, 0xFC, 0xFC, 0xFD, 0xA8,
    0x70, 0xB0, 0x00, 0x00, 0x00, 0x00, 0x78, 0xA8,
    0x70, 0xB0, 0x00, 0x00, 0x00, 0x00, 0x78, 0xA8,
    0x70, 0xB0, 0x00, 0x00, 0x00, 0x00, 0x78, 0xA8,
    0x70, 0xB0, 0x00, 0x00, 0x00, 0x00, 0x78, 0xA8,
    0x70, 0xB0, 0x00, 0x00, 0x00, 0x00, 0x78, 0xA8,
    0x70, 0xB0, 0x00, 0x00, 0x00, 0x00, 0x78, 0xA8,
    0x70, 0xB0, 0x00, 0x00, 0x00, 0x00, 0x78, 0xA8,
    0x70, 0xB0, 0x00, 0x00, 0x00, 0x00, 0x78, 0xA8,
    0x6E, 0xFC, 0xFC, 0xFC, 0xFC, 0xFC, 0xFC, 0xA5,
    0x00, 0x00, 0x00, 0x00, 0x00, 0x00, 0x00, 0x00,
    0x00, 0x00, 0x00, 0x00, 0x00, 0x00, 0x00, 0x00,
    0x00, 0x00, 0x00, 0x00, 0x00, 0x00, 0x00, 0x00,
    0x00, 0x00, 0x00, 0x00, 0x00, 0x00, 0x00, 0x00,

    /* Unicode: U+0082 */
    0x00, 0x00, 0x00, 0x00, 0x00, 0x00, 0x00, 0x00,
    0x00, 0x00, 0x00, 0x00, 0x00, 0x00, 0x00, 0x00,
    0x00, 0x00, 0x00, 0x00, 0x00, 0x00, 0x00, 0x00,
    0x00, 0x00, 0x00, 0x00, 0x00, 0x00, 0x00, 0x00,
    0x70, 0xFE, 0xFC, 0xFC, 0xFC, 0xFC, 0xFD, 0xA8,
    0x70, 0xB0, 0x00, 0x00, 0x00, 0x00, 0x78, 0xA8,
    0x70, 0xB0, 0x00, 0x00, 0x00, 0x00, 0x78, 0xA8,
    0x70, 0xB0, 0x00, 0x00, 0x00, 0x00, 0x78, 0xA8,
    0x70, 0xB0, 0x00, 0x00, 0x00, 0x00, 0x78, 0xA8,
    0x70, 0xB0, 0x00, 0x00, 0x00, 0x00, 0x78, 0xA8,
    0x70, 0xB0, 0x00, 0x00, 0x00, 0x00, 0x78, 0xA8,
    0x70, 0xB0, 0x00, 0x00, 0x00, 0x00, 0x78, 0xA8,
    0x70, 0xB0, 0x00, 0x00, 0x00, 0x00, 0x78, 0xA8,
    0x6E, 0xFC, 0xFC, 0xFC, 0xFC, 0xFC, 0xFC, 0xA5,
    0x00, 0x00, 0x00, 0x00, 0x00, 0x00, 0x00, 0x00,
    0x00, 0x00, 0x00, 0x00, 0x00, 0x00, 0x00, 0x00,
    0x00, 0x00, 0x00, 0x00, 0x00, 0x00, 0x00, 0x00,
    0x00, 0x00, 0x00, 0x00, 0x00, 0x00, 0x00, 0x00,

    /* Unicode: U+0083 */
    0x00, 0x00, 0x00, 0x00, 0x00, 0x00, 0x00, 0x00,
    0x00, 0x00, 0x00, 0x00, 0x00, 0x00, 0x00, 0x00,
    0x00, 0x00, 0x00, 0x00, 0x00, 0x00, 0x00, 0x00,
    0x00, 0x00, 0x00, 0x00, 0x00, 0x00, 0x00, 0x00,
    0x70, 0xFE, 0xFC, 0xFC, 0xFC, 0xFC, 0xFD, 0xA8,
    0x70, 0xB0, 0x00, 0x00, 0x00, 0x00, 0x78, 0xA8,
    0x70, 0xB0, 0x00, 0x00, 0x00, 0x00, 0x78, 0xA8,
    0x70, 0xB0, 0x00, 0x00, 0x00, 0x00, 0x78, 0xA8,
    0x70, 0xB0, 0x00, 0x00, 0x00, 0x00, 0x78, 0xA8,
    0x70, 0xB0, 0x00, 0x00, 0x00, 0x00, 0x78, 0xA8,
    0x70, 0xB0, 0x00, 0x00, 0x00, 0x00, 0x78, 0xA8,
    0x70, 0xB0, 0x00, 0x00, 0x00, 0x00, 0x78, 0xA8,
    0x70, 0xB0, 0x00, 0x00, 0x00, 0x00, 0x78, 0xA8,
    0x6E, 0xFC, 0xFC, 0xFC, 0xFC, 0xFC, 0xFC, 0xA5,
    0x00, 0x00, 0x00, 0x00, 0x00, 0x00, 0x00, 0x00,
    0x00, 0x00, 0x00, 0x00, 0x00, 0x00, 0x00, 0x00,
    0x00, 0x00, 0x00, 0x00, 0x00, 0x00, 0x00, 0x00,
    0x00, 0x00, 0x00, 0x00, 0x00, 0x00, 0x00, 0x00,

    /* Unicode: U+0084 */
    0x00, 0x00, 0x00, 0x00, 0x00, 0x00, 0x00, 0x00,
    0x00, 0x00, 0x00, 0x00, 0x00, 0x00, 0x00, 0x00,
    0x00, 0x00, 0x00, 0x00, 0x00, 0x00, 0x00, 0x00,
    0x00, 0x00, 0x00, 0x00, 0x00, 0x00, 0x00, 0x00,
    0x70, 0xFE, 0xFC, 0xFC, 0xFC, 0xFC, 0xFD, 0xA8,
    0x70, 0xB0, 0x00, 0x00, 0x00, 0x00, 0x78, 0xA8,
    0x70, 0xB0, 0x00, 0x00, 0x00, 0x00, 0x78, 0xA8,
    0x70, 0xB0, 0x00, 0x00, 0x00, 0x00, 0x78, 0xA8,
    0x70, 0xB0, 0x00, 0x00, 0x00, 0x00, 0x78, 0xA8,
    0x70, 0xB0, 0x00, 0x00, 0x00, 0x00, 0x78, 0xA8,
    0x70, 0xB0, 0x00, 0x00, 0x00, 0x00, 0x78, 0xA8,
    0x70, 0xB0, 0x00, 0x00, 0x00, 0x00, 0x78, 0xA8,
    0x70, 0xB0, 0x00, 0x00, 0x00, 0x00, 0x78, 0xA8,
    0x6E, 0xFC, 0xFC, 0xFC, 0xFC, 0xFC, 0xFC, 0xA5,
    0x00, 0x00, 0x00, 0x00, 0x00, 0x00, 0x00, 0x00,
    0x00, 0x00, 0x00, 0x00, 0x00, 0x00, 0x00, 0x00,
    0x00, 0x00, 0x00, 0x00, 0x00, 0x00, 0x00, 0x00,
    0x00, 0x00, 0x00, 0x00, 0x00, 0x00, 0x00, 0x00,

    /* Unicode: U+0085 */
    0x00, 0x00, 0x00, 0x00, 0x00, 0x00, 0x00, 0x00,
    0x00, 0x00, 0x00, 0x00, 0x00, 0x00, 0x00, 0x00,
    0x00, 0x00, 0x00, 0x00, 0x00, 0x00, 0x00, 0x00,
    0x00, 0x00, 0x00, 0x00, 0x00, 0x00, 0x00, 0x00,
    0x70, 0xFE, 0xFC, 0xFC, 0xFC, 0xFC, 0xFD, 0xA8,
    0x70, 0xB0, 0x00, 0x00, 0x00, 0x00, 0x78, 0xA8,
    0x70, 0xB0, 0x00, 0x00, 0x00, 0x00, 0x78, 0xA8,
    0x70, 0xB0, 0x00, 0x00, 0x00, 0x00, 0x78, 0xA8,
    0x70, 0xB0, 0x00, 0x00, 0x00, 0x00, 0x78, 0xA8,
    0x70, 0xB0, 0x00, 0x00, 0x00, 0x00, 0x78, 0xA8,
    0x70, 0xB0, 0x00, 0x00, 0x00, 0x00, 0x78, 0xA8,
    0x70, 0xB0, 0x00, 0x00, 0x00, 0x00, 0x78, 0xA8,
    0x70, 0xB0, 0x00, 0x00, 0x00, 0x00, 0x78, 0xA8,
    0x6E, 0xFC, 0xFC, 0xFC, 0xFC, 0xFC, 0xFC, 0xA5,
    0x00, 0x00, 0x00, 0x00, 0x00, 0x00, 0x00, 0x00,
    0x00, 0x00, 0x00, 0x00, 0x00, 0x00, 0x00, 0x00,
    0x00, 0x00, 0x00, 0x00, 0x00, 0x00, 0x00, 0x00,
    0x00, 0x00, 0x00, 0x00, 0x00, 0x00, 0x00, 0x00,

    /* Unicode: U+0086 */
    0x00, 0x00, 0x00, 0x00, 0x00, 0x00, 0x00, 0x00,
    0x00, 0x00, 0x00, 0x00, 0x00, 0x00, 0x00, 0x00,
    0x00, 0x00, 0x00, 0x00, 0x00, 0x00, 0x00, 0x00,
    0x00, 0x00, 0x00, 0x00, 0x00, 0x00, 0x00, 0x00,
    0x70, 0xFE, 0xFC, 0xFC, 0xFC, 0xFC, 0xFD, 0xA8,
    0x70, 0xB0, 0x00, 0x00, 0x00, 0x00, 0x78, 0xA8,
    0x70, 0xB0, 0x00, 0x00, 0x00, 0x00, 0x78, 0xA8,
    0x70, 0xB0, 0x00, 0x00, 0x00, 0x00, 0x78, 0xA8,
    0x70, 0xB0, 0x00, 0x00, 0x00, 0x00, 0x78, 0xA8,
    0x70, 0xB0, 0x00, 0x00, 0x00, 0x00, 0x78, 0xA8,
    0x70, 0xB0, 0x00, 0x00, 0x00, 0x00, 0x78, 0xA8,
    0x70, 0xB0, 0x00, 0x00, 0x00, 0x00, 0x78, 0xA8,
    0x70, 0xB0, 0x00, 0x00, 0x00, 0x00, 0x78, 0xA8,
    0x6E, 0xFC, 0xFC, 0xFC, 0xFC, 0xFC, 0xFC, 0xA5,
    0x00, 0x00, 0x00, 0x00, 0x00, 0x00, 0x00, 0x00,
    0x00, 0x00, 0x00, 0x00, 0x00, 0x00, 0x00, 0x00,
    0x00, 0x00, 0x00, 0x00, 0x00, 0x00, 0x00, 0x00,
    0x00, 0x00, 0x00, 0x00, 0x00, 0x00, 0x00, 0x00,

    /* Unicode: U+0087 */
    0x00, 0x00, 0x00, 0x00, 0x00, 0x00, 0x00, 0x00,
    0x00, 0x00, 0x00, 0x00, 0x00, 0x00, 0x00, 0x00,
    0x00, 0x00, 0x00, 0x00, 0x00, 0x00, 0x00, 0x00,
    0x00, 0x00, 0x00, 0x00, 0x00, 0x00, 0x00, 0x00,
    0x70, 0xFE, 0xFC, 0xFC, 0xFC, 0xFC, 0xFD, 0xA8,
    0x70, 0xB0, 0x00, 0x00, 0x00, 0x00, 0x78, 0xA8,
    0x70, 0xB0, 0x00, 0x00, 0x00, 0x00, 0x78, 0xA8,
    0x70, 0xB0, 0x00, 0x00, 0x00, 0x00, 0x78, 0xA8,
    0x70, 0xB0, 0x00, 0x00, 0x00, 0x00, 0x78, 0xA8,
    0x70, 0xB0, 0x00, 0x00, 0x00, 0x00, 0x78, 0xA8,
    0x70, 0xB0, 0x00, 0x00, 0x00, 0x00, 0x78, 0xA8,
    0x70, 0xB0, 0x00, 0x00, 0x00, 0x00, 0x78, 0xA8,
    0x70, 0xB0, 0x00, 0x00, 0x00, 0x00, 0x78, 0xA8,
    0x6E, 0xFC, 0xFC, 0xFC, 0xFC, 0xFC, 0xFC, 0xA5,
    0x00, 0x00, 0x00, 0x00, 0x00, 0x00, 0x00, 0x00,
    0x00, 0x00, 0x00, 0x00, 0x00, 0x00, 0x00, 0x00,
    0x00, 0x00, 0x00, 0x00, 0x00, 0x00, 0x00, 0x00,
    0x00, 0x00, 0x00, 0x00, 0x00, 0x00, 0x00, 0x00,

    /* Unicode: U+0088 */
    0x00, 0x00, 0x00, 0x00, 0x00, 0x00, 0x00, 0x00,
    0x00, 0x00, 0x00, 0x00, 0x00, 0x00, 0x00, 0x00,
    0x00, 0x00, 0x00, 0x00, 0x00, 0x00, 0x00, 0x00,
    0x00, 0x00, 0x00, 0x00, 0x00, 0x00, 0x00, 0x00,
    0x70, 0xFE, 0xFC, 0xFC, 0xFC, 0xFC, 0xFD, 0xA8,
    0x70, 0xB0, 0x00, 0x00, 0x00, 0x00, 0x78, 0xA8,
    0x70, 0xB0, 0x00, 0x00, 0x00, 0x00, 0x78, 0xA8,
    0x70, 0xB0, 0x00, 0x00, 0x00, 0x00, 0x78, 0xA8,
    0x70, 0xB0, 0x00, 0x00, 0x00, 0x00, 0x78, 0xA8,
    0x70, 0xB0, 0x00, 0x00, 0x00, 0x00, 0x78, 0xA8,
    0x70, 0xB0, 0x00, 0x00, 0x00, 0x00, 0x78, 0xA8,
    0x70, 0xB0, 0x00, 0x00, 0x00, 0x00, 0x78, 0xA8,
    0x70, 0xB0, 0x00, 0x00, 0x00, 0x00, 0x78, 0xA8,
    0x6E, 0xFC, 0xFC, 0xFC, 0xFC, 0xFC, 0xFC, 0xA5,
    0x00, 0x00, 0x00, 0x00, 0x00, 0x00, 0x00, 0x00,
    0x00, 0x00, 0x00, 0x00, 0x00, 0x00, 0x00, 0x00,
    0x00, 0x00, 0x00, 0x00, 0x00, 0x00, 0x00, 0x00,
    0x00, 0x00, 0x00, 0x00, 0x00, 0x00, 0x00, 0x00,

    /* Unicode: U+0089 */
    0x00, 0x00, 0x00, 0x00, 0x00, 0x00, 0x00, 0x00,
    0x00, 0x00, 0x00, 0x00, 0x00, 0x00, 0x00, 0x00,
    0x00, 0x00, 0x00, 0x00, 0x00, 0x00, 0x00, 0x00,
    0x00, 0x00, 0x00, 0x00, 0x00, 0x00, 0x00, 0x00,
    0x70, 0xFE, 0xFC, 0xFC, 0xFC, 0xFC, 0xFD, 0xA8,
    0x70, 0xB0, 0x00, 0x00, 0x00, 0x00, 0x78, 0xA8,
    0x70, 0xB0, 0x00, 0x00, 0x00, 0x00, 0x78, 0xA8,
    0x70, 0xB0, 0x00, 0x00, 0x00, 0x00, 0x78, 0xA8,
    0x70, 0xB0, 0x00, 0x00, 0x00, 0x00, 0x78, 0xA8,
    0x70, 0xB0, 0x00, 0x00, 0x00, 0x00, 0x78, 0xA8,
    0x70, 0xB0, 0x00, 0x00, 0x00, 0x00, 0x78, 0xA8,
    0x70, 0xB0, 0x00, 0x00, 0x00, 0x00, 0x78, 0xA8,
    0x70, 0xB0, 0x00, 0x00, 0x00, 0x00, 0x78, 0xA8,
    0x6E, 0xFC, 0xFC, 0xFC, 0xFC, 0xFC, 0xFC, 0xA5,
    0x00, 0x00, 0x00, 0x00, 0x00, 0x00, 0x00, 0x00,
    0x00, 0x00, 0x00, 0x00, 0x00, 0x00, 0x00, 0x00,
    0x00, 0x00, 0x00, 0x00, 0x00, 0x00, 0x00, 0x00,
    0x00, 0x00, 0x00, 0x00, 0x00, 0x00, 0x00, 0x00,

    /* Unicode: U+008A */
    0x00, 0x00, 0x00, 0x00, 0x00, 0x00, 0x00, 0x00,
    0x00, 0x00, 0x00, 0x00, 0x00, 0x00, 0x00, 0x00,
    0x00, 0x00, 0x00, 0x00, 0x00, 0x00, 0x00, 0x00,
    0x00, 0x00, 0x00, 0x00, 0x00, 0x00, 0x00, 0x00,
    0x70, 0xFE, 0xFC, 0xFC, 0xFC, 0xFC, 0xFD, 0xA8,
    0x70, 0xB0, 0x00, 0x00, 0x00, 0x00, 0x78, 0xA8,
    0x70, 0xB0, 0x00, 0x00, 0x00, 0x00, 0x78, 0xA8,
    0x70, 0xB0, 0x00, 0x00, 0x00, 0x00, 0x78, 0xA8,
    0x70, 0xB0, 0x00, 0x00, 0x00, 0x00, 0x78, 0xA8,
    0x70, 0xB0, 0x00, 0x00, 0x00, 0x00, 0x78, 0xA8,
    0x70, 0xB0, 0x00, 0x00, 0x00, 0x00, 0x78, 0xA8,
    0x70, 0xB0, 0x00, 0x00, 0x00, 0x00, 0x78, 0xA8,
    0x70, 0xB0, 0x00, 0x00, 0x00, 0x00, 0x78, 0xA8,
    0x6E, 0xFC, 0xFC, 0xFC, 0xFC, 0xFC, 0xFC, 0xA5,
    0x00, 0x00, 0x00, 0x00, 0x00, 0x00, 0x00, 0x00,
    0x00, 0x00, 0x00, 0x00, 0x00, 0x00, 0x00, 0x00,
    0x00, 0x00, 0x00, 0x00, 0x00, 0x00, 0x00, 0x00,
    0x00, 0x00, 0x00, 0x00, 0x00, 0x00, 0x00, 0x00,

    /* Unicode: U+008B */
    0x00, 0x00, 0x00, 0x00, 0x00, 0x00, 0x00, 0x00,
    0x00, 0x00, 0x00, 0x00, 0x00, 0x00, 0x00, 0x00,
    0x00, 0x00, 0x00, 0x00, 0x00, 0x00, 0x00, 0x00,
    0x00, 0x00, 0x00, 0x00, 0x00, 0x00, 0x00, 0x00,
    0x70, 0xFE, 0xFC, 0xFC, 0xFC, 0xFC, 0xFD, 0xA8,
    0x70, 0xB0, 0x00, 0x00, 0x00, 0x00, 0x78, 0xA8,
    0x70, 0xB0, 0x00, 0x00, 0x00, 0x00, 0x78, 0xA8,
    0x70, 0xB0, 0x00, 0x00, 0x00, 0x00, 0x78, 0xA8,
    0x70, 0xB0, 0x00, 0x00, 0x00, 0x00, 0x78, 0xA8,
    0x70, 0xB0, 0x00, 0x00, 0x00, 0x00, 0x78, 0xA8,
    0x70, 0xB0, 0x00, 0x00, 0x00, 0x00, 0x78, 0xA8,
    0x70, 0xB0, 0x00, 0x00, 0x00, 0x00, 0x78, 0xA8,
    0x70, 0xB0, 0x00, 0x00, 0x00, 0x00, 0x78, 0xA8,
    0x6E, 0xFC, 0xFC, 0xFC, 0xFC, 0xFC, 0xFC, 0xA5,
    0x00, 0x00, 0x00, 0x00, 0x00, 0x00, 0x00, 0x00,
    0x00, 0x00, 0x00, 0x00, 0x00, 0x00, 0x00, 0x00,
    0x00, 0x00, 0x00, 0x00, 0x00, 0x00, 0x00, 0x00,
    0x00, 0x00, 0x00, 0x00, 0x00, 0x00, 0x00, 0x00,

    /* Unicode: U+008C */
    0x00, 0x00, 0x00, 0x00, 0x00, 0x00, 0x00, 0x00,
    0x00, 0x00, 0x00, 0x00, 0x00, 0x00, 0x00, 0x00,
    0x00, 0x00, 0x00, 0x00, 0x00, 0x00, 0x00, 0x00,
    0x00, 0x00, 0x00, 0x00, 0x00, 0x00, 0x00, 0x00,
    0x70, 0xFE, 0xFC, 0xFC, 0xFC, 0xFC, 0xFD, 0xA8,
    0x70, 0xB0, 0x00, 0x00, 0x00, 0x00, 0x78, 0xA8,
    0x70, 0xB0, 0x00, 0x00, 0x00, 0x00, 0x78, 0xA8,
    0x70, 0xB0, 0x00, 0x00, 0x00, 0x00, 0x78, 0xA8,
    0x70, 0xB0, 0x00, 0x00, 0x00, 0x00, 0x78, 0xA8,
    0x70, 0xB0, 0x00, 0x00, 0x00, 0x00, 0x78, 0xA8,
    0x70, 0xB0, 0x00, 0x00, 0x00, 0x00, 0x78, 0xA8,
    0x70, 0xB0, 0x00, 0x00, 0x00, 0x00, 0x78, 0xA8,
    0x70, 0xB0, 0x00, 0x00, 0x00, 0x00, 0x78, 0xA8,
    0x6E, 0xFC, 0xFC, 0xFC, 0xFC, 0xFC, 0xFC, 0xA5,
    0x00, 0x00, 0x00, 0x00, 0x00, 0x00, 0x00, 0x00,
    0x00, 0x00, 0x00, 0x00, 0x00, 0x00, 0x00, 0x00,
    0x00, 0x00, 0x00, 0x00, 0x00, 0x00, 0x00, 0x00,
    0x00, 0x00, 0x00, 0x00, 0x00, 0x00, 0x00, 0x00,

    /* Unicode: U+008D */
    0x00, 0x00, 0x00, 0x00, 0x00, 0x00, 0x00, 0x00,
    0x00, 0x00, 0x00, 0x00, 0x00, 0x00, 0x00, 0x00,
    0x00, 0x00, 0x00, 0x00, 0x00, 0x00, 0x00, 0x00,
    0x00, 0x00, 0x00, 0x00, 0x00, 0x00, 0x00, 0x00,
    0x70, 0xFE, 0xFC, 0xFC, 0xFC, 0xFC, 0xFD, 0xA8,
    0x70, 0xB0, 0x00, 0x00, 0x00, 0x00, 0x78, 0xA8,
    0x70, 0xB0, 0x00, 0x00, 0x00, 0x00, 0x78, 0xA8,
    0x70, 0xB0, 0x00, 0x00, 0x00, 0x00, 0x78, 0xA8,
    0x70, 0xB0, 0x00, 0x00, 0x00, 0x00, 0x78, 0xA8,
    0x70, 0xB0, 0x00, 0x00, 0x00, 0x00, 0x78, 0xA8,
    0x70, 0xB0, 0x00, 0x00, 0x00, 0x00, 0x78, 0xA8,
    0x70, 0xB0, 0x00, 0x00, 0x00, 0x00, 0x78, 0xA8,
    0x70, 0xB0, 0x00, 0x00, 0x00, 0x00, 0x78, 0xA8,
    0x6E, 0xFC, 0xFC, 0xFC, 0xFC, 0xFC, 0xFC, 0xA5,
    0x00, 0x00, 0x00, 0x00, 0x00, 0x00, 0x00, 0x00,
    0x00, 0x00, 0x00, 0x00, 0x00, 0x00, 0x00, 0x00,
    0x00, 0x00, 0x00, 0x00, 0x00, 0x00, 0x00, 0x00,
    0x00, 0x00, 0x00, 0x00, 0x00, 0x00, 0x00, 0x00,

    /* Unicode: U+008E */
    0x00, 0x00, 0x00, 0x00, 0x00, 0x00, 0x00, 0x00,
    0x00, 0x00, 0x00, 0x00, 0x00, 0x00, 0x00, 0x00,
    0x00, 0x00, 0x00, 0x00, 0x00, 0x00, 0x00, 0x00,
    0x00, 0x00, 0x00, 0x00, 0x00, 0x00, 0x00, 0x00,
    0x70, 0xFE, 0xFC, 0xFC, 0xFC, 0xFC, 0xFD, 0xA8,
    0x70, 0xB0, 0x00, 0x00, 0x00, 0x00, 0x78, 0xA8,
    0x70, 0xB0, 0x00, 0x00, 0x00, 0x00, 0x78, 0xA8,
    0x70, 0xB0, 0x00, 0x00, 0x00, 0x00, 0x78, 0xA8,
    0x70, 0xB0, 0x00, 0x00, 0x00, 0x00, 0x78, 0xA8,
    0x70, 0xB0, 0x00, 0x00, 0x00, 0x00, 0x78, 0xA8,
    0x70, 0xB0, 0x00, 0x00, 0x00, 0x00, 0x78, 0xA8,
    0x70, 0xB0, 0x00, 0x00, 0x00, 0x00, 0x78, 0xA8,
    0x70, 0xB0, 0x00, 0x00, 0x00, 0x00, 0x78, 0xA8,
    0x6E, 0xFC, 0xFC, 0xFC, 0xFC, 0xFC, 0xFC, 0xA5,
    0x00, 0x00, 0x00, 0x00, 0x00, 0x00, 0x00, 0x00,
    0x00, 0x00, 0x00, 0x00, 0x00, 0x00, 0x00, 0x00,
    0x00, 0x00, 0x00, 0x00, 0x00, 0x00, 0x00, 0x00,
    0x00, 0x00, 0x00, 0x00, 0x00, 0x00, 0x00, 0x00,

    /* Unicode: U+008F */
    0x00, 0x00, 0x00, 0x00, 0x00, 0x00, 0x00, 0x00,
    0x00, 0x00, 0x00, 0x00, 0x00, 0x00, 0x00, 0x00,
    0x00, 0x00, 0x00, 0x00, 0x00, 0x00, 0x00, 0x00,
    0x00, 0x00, 0x00, 0x00, 0x00, 0x00, 0x00, 0x00,
    0x70, 0xFE, 0xFC, 0xFC, 0xFC, 0xFC, 0xFD, 0xA8,
    0x70, 0xB0, 0x00, 0x00, 0x00, 0x00, 0x78, 0xA8,
    0x70, 0xB0, 0x00, 0x00, 0x00, 0x00, 0x78, 0xA8,
    0x70, 0xB0, 0x00, 0x00, 0x00, 0x00, 0x78, 0xA8,
    0x70, 0xB0, 0x00, 0x00, 0x00, 0x00, 0x78, 0xA8,
    0x70, 0xB0, 0x00, 0x00, 0x00, 0x00, 0x78, 0xA8,
    0x70, 0xB0, 0x00, 0x00, 0x00, 0x00, 0x78, 0xA8,
    0x70, 0xB0, 0x00, 0x00, 0x00, 0x00, 0x78, 0xA8,
    0x70, 0xB0, 0x00, 0x00, 0x00, 0x00, 0x78, 0xA8,
    0x6E, 0xFC, 0xFC, 0xFC, 0xFC, 0xFC, 0xFC, 0xA5,
    0x00, 0x00, 0x00, 0x00, 0x00, 0x00, 0x00, 0x00,
    0x00, 0x00, 0x00, 0x00, 0x00, 0x00, 0x00, 0x00,
    0x00, 0x00, 0x00, 0x00, 0x00, 0x00, 0x00, 0x00,
    0x00, 0x00, 0x00, 0x00, 0x00, 0x00, 0x00, 0x00,

    /* Unicode: U+0090 */
    0x00, 0x00, 0x00, 0x00, 0x00, 0x00, 0x00, 0x00,
    0x00, 0x00, 0x00, 0x00, 0x00, 0x00, 0x00, 0x00,
    0x00, 0x00, 0x00, 0x00, 0x00, 0x00, 0x00, 0x00,
    0x00, 0x00, 0x00, 0x00, 0x00, 0x00, 0x00, 0x00,
    0x70, 0xFE, 0xFC, 0xFC, 0xFC, 0xFC, 0xFD, 0xA8,
    0x70, 0xB0, 0x00, 0x00, 0x00, 0x00, 0x78, 0xA8,
    0x70, 0xB0, 0x00, 0x00, 0x00, 0x00, 0x78, 0xA8,
    0x70, 0xB0, 0x00, 0x00, 0x00, 0x00, 0x78, 0xA8,
    0x70, 0xB0, 0x00, 0x00, 0x00, 0x00, 0x78, 0xA8,
    0x70, 0xB0, 0x00, 0x00, 0x00, 0x00, 0x78, 0xA8,
    0x70, 0xB0, 0x00, 0x00, 0x00, 0x00, 0x78, 0xA8,
    0x70, 0xB0, 0x00, 0x00, 0x00, 0x00, 0x78, 0xA8,
    0x70, 0xB0, 0x00, 0x00, 0x00, 0x00, 0x78, 0xA8,
    0x6E, 0xFC, 0xFC, 0xFC, 0xFC, 0xFC, 0xFC, 0xA5,
    0x00, 0x00, 0x00, 0x00, 0x00, 0x00, 0x00, 0x00,
    0x00, 0x00, 0x00, 0x00, 0x00, 0x00, 0x00, 0x00,
    0x00, 0x00, 0x00, 0x00, 0x00, 0x00, 0x00, 0x00,
    0x00, 0x00, 0x00, 0x00, 0x00, 0x00, 0x00, 0x00,

    /* Unicode: U+0091 */
    0x00, 0x00, 0x00, 0x00, 0x00, 0x00, 0x00, 0x00,
    0x00, 0x00, 0x00, 0x00, 0x00, 0x00, 0x00, 0x00,
    0x00, 0x00, 0x00, 0x00, 0x00, 0x00, 0x00, 0x00,
    0x00, 0x00, 0x00, 0x00, 0x00, 0x00, 0x00, 0x00,
    0x70, 0xFE, 0xFC, 0xFC, 0xFC, 0xFC, 0xFD, 0xA8,
    0x70, 0xB0, 0x00, 0x00, 0x00, 0x00, 0x78, 0xA8,
    0x70, 0xB0, 0x00, 0x00, 0x00, 0x00, 0x78, 0xA8,
    0x70, 0xB0, 0x00, 0x00, 0x00, 0x00, 0x78, 0xA8,
    0x70, 0xB0, 0x00, 0x00, 0x00, 0x00, 0x78, 0xA8,
    0x70, 0xB0, 0x00, 0x00, 0x00, 0x00, 0x78, 0xA8,
    0x70, 0xB0, 0x00, 0x00, 0x00, 0x00, 0x78, 0xA8,
    0x70, 0xB0, 0x00, 0x00, 0x00, 0x00, 0x78, 0xA8,
    0x70, 0xB0, 0x00, 0x00, 0x00, 0x00, 0x78, 0xA8,
    0x6E, 0xFC, 0xFC, 0xFC, 0xFC, 0xFC, 0xFC, 0xA5,
    0x00, 0x00, 0x00, 0x00, 0x00, 0x00, 0x00, 0x00,
    0x00, 0x00, 0x00, 0x00, 0x00, 0x00, 0x00, 0x00,
    0x00, 0x00, 0x00, 0x00, 0x00, 0x00, 0x00, 0x00,
    0x00, 0x00, 0x00, 0x00, 0x00, 0x00, 0x00, 0x00,

    /* Unicode: U+0092 */
    0x00, 0x00, 0x00, 0x00, 0x00, 0x00, 0x00, 0x00,
    0x00, 0x00, 0x00, 0x00, 0x00, 0x00, 0x00, 0x00,
    0x00, 0x00, 0x00, 0x00, 0x00, 0x00, 0x00, 0x00,
    0x00, 0x00, 0x00, 0x00, 0x00, 0x00, 0x00, 0x00,
    0x70, 0xFE, 0xFC, 0xFC, 0xFC, 0xFC, 0xFD, 0xA8,
    0x70, 0xB0, 0x00, 0x00, 0x00, 0x00, 0x78, 0xA8,
    0x70, 0xB0, 0x00, 0x00, 0x00, 0x00, 0x78, 0xA8,
    0x70, 0xB0, 0x00, 0x00, 0x00, 0x00, 0x78, 0xA8,
    0x70, 0xB0, 0x00, 0x00, 0x00, 0x00, 0x78, 0xA8,
    0x70, 0xB0, 0x00, 0x00, 0x00, 0x00, 0x78, 0xA8,
    0x70, 0xB0, 0x00, 0x00, 0x00, 0x00, 0x78, 0xA8,
    0x70, 0xB0, 0x00, 0x00, 0x00, 0x00, 0x78, 0xA8,
    0x70, 0xB0, 0x00, 0x00, 0x00, 0x00, 0x78, 0xA8,
    0x6E, 0xFC, 0xFC, 0xFC, 0xFC, 0xFC, 0xFC, 0xA5,
    0x00, 0x00, 0x00, 0x00, 0x00, 0x00, 0x00, 0x00,
    0x00, 0x00, 0x00, 0x00, 0x00, 0x00, 0x00, 0x00,
    0x00, 0x00, 0x00, 0x00, 0x00, 0x00, 0x00, 0x00,
    0x00, 0x00, 0x00, 0x00, 0x00, 0x00, 0x00, 0x00,

    /* Unicode: U+0093 */
    0x00, 0x00, 0x00, 0x00, 0x00, 0x00, 0x00, 0x00,
    0x00, 0x00, 0x00, 0x00, 0x00, 0x00, 0x00, 0x00,
    0x00, 0x00, 0x00, 0x00, 0x00, 0x00, 0x00, 0x00,
    0x00, 0x00, 0x00, 0x00, 0x00, 0x00, 0x00, 0x00,
    0x70, 0xFE, 0xFC, 0xFC, 0xFC, 0xFC, 0xFD, 0xA8,
    0x70, 0xB0, 0x00, 0x00, 0x00, 0x00, 0x78, 0xA8,
    0x70, 0xB0, 0x00, 0x00, 0x00, 0x00, 0x78, 0xA8,
    0x70, 0xB0, 0x00, 0x00, 0x00, 0x00, 0x78, 0xA8,
    0x70, 0xB0, 0x00, 0x00, 0x00, 0x00, 0x78, 0xA8,
    0x70, 0xB0, 0x00, 0x00, 0x00, 0x00, 0x78, 0xA8,
    0x70, 0xB0, 0x00, 0x00, 0x00, 0x00, 0x78, 0xA8,
    0x70, 0xB0, 0x00, 0x00, 0x00, 0x00, 0x78, 0xA8,
    0x70, 0xB0, 0x00, 0x00, 0x00, 0x00, 0x78, 0xA8,
    0x6E, 0xFC, 0xFC, 0xFC, 0xFC, 0xFC, 0xFC, 0xA5,
    0x00, 0x00, 0x00, 0x00, 0x00, 0x00, 0x00, 0x00,
    0x00, 0x00, 0x00, 0x00, 0x00, 0x00, 0x00, 0x00,
    0x00, 0x00, 0x00, 0x00, 0x00, 0x00, 0x00, 0x00,
    0x00, 0x00, 0x00, 0x00, 0x00, 0x00, 0x00, 0x00,

    /* Unicode: U+0094 */
    0x00, 0x00, 0x00, 0x00, 0x00, 0x00, 0x00, 0x00,
    0x00, 0x00, 0x00, 0x00, 0x00, 0x00, 0x00, 0x00,
    0x00, 0x00, 0x00, 0x00, 0x00, 0x00, 0x00, 0x00,
    0x00, 0x00, 0x00, 0x00, 0x00, 0x00, 0x00, 0x00,
    0x70, 0xFE, 0xFC, 0xFC, 0xFC, 0xFC, 0xFD, 0xA8,
    0x70, 0xB0, 0x00, 0x00, 0x00, 0x00, 0x78, 0xA8,
    0x70, 0xB0, 0x00, 0x00, 0x00, 0x00, 0x78, 0xA8,
    0x70, 0xB0, 0x00, 0x00, 0x00, 0x00, 0x78, 0xA8,
    0x70, 0xB0, 0x00, 0x00, 0x00, 0x00, 0x78, 0xA8,
    0x70, 0xB0, 0x00, 0x00, 0x00, 0x00, 0x78, 0xA8,
    0x70, 0xB0, 0x00, 0x00, 0x00, 0x00, 0x78, 0xA8,
    0x70, 0xB0, 0x00, 0x00, 0x00, 0x00, 0x78, 0xA8,
    0x70, 0xB0, 0x00, 0x00, 0x00, 0x00, 0x78, 0xA8,
    0x6E, 0xFC, 0xFC, 0xFC, 0xFC, 0xFC, 0xFC, 0xA5,
    0x00, 0x00, 0x00, 0x00, 0x00, 0x00, 0x00, 0x00,
    0x00, 0x00, 0x00, 0x00, 0x00, 0x00, 0x00, 0x00,
    0x00, 0x00, 0x00, 0x00, 0x00, 0x00, 0x00, 0x00,
    0x00, 0x00, 0x00, 0x00, 0x00, 0x00, 0x00, 0x00,

    /* Unicode: U+0095 */
    0x00, 0x00, 0x00, 0x00, 0x00, 0x00, 0x00, 0x00,
    0x00, 0x00, 0x00, 0x00, 0x00, 0x00, 0x00, 0x00,
    0x00, 0x00, 0x00, 0x00, 0x00, 0x00, 0x00, 0x00,
    0x00, 0x00, 0x00, 0x00, 0x00, 0x00, 0x00, 0x00,
    0x70, 0xFE, 0xFC, 0xFC, 0xFC, 0xFC, 0xFD, 0xA8,
    0x70, 0xB0, 0x00, 0x00, 0x00, 0x00, 0x78, 0xA8,
    0x70, 0xB0, 0x00, 0x00, 0x00, 0x00, 0x78, 0xA8,
    0x70, 0xB0, 0x00, 0x00, 0x00, 0x00, 0x78, 0xA8,
    0x70, 0xB0, 0x00, 0x00, 0x00, 0x00, 0x78, 0xA8,
    0x70, 0xB0, 0x00, 0x00, 0x00, 0x00, 0x78, 0xA8,
    0x70, 0xB0, 0x00, 0x00, 0x00, 0x00, 0x78, 0xA8,
    0x70, 0xB0, 0x00, 0x00, 0x00, 0x00, 0x78, 0xA8,
    0x70, 0xB0, 0x00, 0x00, 0x00, 0x00, 0x78, 0xA8,
    0x6E, 0xFC, 0xFC, 0xFC, 0xFC, 0xFC, 0xFC, 0xA5,
    0x00, 0x00, 0x00, 0x00, 0x00, 0x00, 0x00, 0x00,
    0x00, 0x00, 0x00, 0x00, 0x00, 0x00, 0x00, 0x00,
    0x00, 0x00, 0x00, 0x00, 0x00, 0x00, 0x00, 0x00,
    0x00, 0x00, 0x00, 0x00, 0x00, 0x00, 0x00, 0x00,

    /* Unicode: U+0096 */
    0x00, 0x00, 0x00, 0x00, 0x00, 0x00, 0x00, 0x00,
    0x00, 0x00, 0x00, 0x00, 0x00, 0x00, 0x00, 0x00,
    0x00, 0x00, 0x00, 0x00, 0x00, 0x00, 0x00, 0x00,
    0x00, 0x00, 0x00, 0x00, 0x00, 0x00, 0x00, 0x00,
    0x70, 0xFE, 0xFC, 0xFC, 0xFC, 0xFC, 0xFD, 0xA8,
    0x70, 0xB0, 0x00, 0x00, 0x00, 0x00, 0x78, 0xA8,
    0x70, 0xB0, 0x00, 0x00, 0x00, 0x00, 0x78, 0xA8,
    0x70, 0xB0, 0x00, 0x00, 0x00, 0x00, 0x78, 0xA8,
    0x70, 0xB0, 0x00, 0x00, 0x00, 0x00, 0x78, 0xA8,
    0x70, 0xB0, 0x00, 0x00, 0x00, 0x00, 0x78, 0xA8,
    0x70, 0xB0, 0x00, 0x00, 0x00, 0x00, 0x78, 0xA8,
    0x70, 0xB0, 0x00, 0x00, 0x00, 0x00, 0x78, 0xA8,
    0x70, 0xB0, 0x00, 0x00, 0x00, 0x00, 0x78, 0xA8,
    0x6E, 0xFC, 0xFC, 0xFC, 0xFC, 0xFC, 0xFC, 0xA5,
    0x00, 0x00, 0x00, 0x00, 0x00, 0x00, 0x00, 0x00,
    0x00, 0x00, 0x00, 0x00, 0x00, 0x00, 0x00, 0x00,
    0x00, 0x00, 0x00, 0x00, 0x00, 0x00, 0x00, 0x00,
    0x00, 0x00, 0x00, 0x00, 0x00, 0x00, 0x00, 0x00,

    /* Unicode: U+0097 */
    0x00, 0x00, 0x00, 0x00, 0x00, 0x00, 0x00, 0x00,
    0x00, 0x00, 0x00, 0x00, 0x00, 0x00, 0x00, 0x00,
    0x00, 0x00, 0x00, 0x00, 0x00, 0x00, 0x00, 0x00,
    0x00, 0x00, 0x00, 0x00, 0x00, 0x00, 0x00, 0x00,
    0x70, 0xFE, 0xFC, 0xFC, 0xFC, 0xFC, 0xFD, 0xA8,
    0x70, 0xB0, 0x00, 0x00, 0x00, 0x00, 0x78, 0xA8,
    0x70, 0xB0, 0x00, 0x00, 0x00, 0x00, 0x78, 0xA8,
    0x70, 0xB0, 0x00, 0x00, 0x00, 0x00, 0x78, 0xA8,
    0x70, 0xB0, 0x00, 0x00, 0x00, 0x00, 0x78, 0xA8,
    0x70, 0xB0, 0x00, 0x00, 0x00, 0x00, 0x78, 0xA8,
    0x70, 0xB0, 0x00, 0x00, 0x00, 0x00, 0x78, 0xA8,
    0x70, 0xB0, 0x00, 0x00, 0x00, 0x00, 0x78, 0xA8,
    0x70, 0xB0, 0x00, 0x00, 0x00, 0x00, 0x78, 0xA8,
    0x6E, 0xFC, 0xFC, 0xFC, 0xFC, 0xFC, 0xFC, 0xA5,
    0x00, 0x00, 0x00, 0x00, 0x00, 0x00, 0x00, 0x00,
    0x00, 0x00, 0x00, 0x00, 0x00, 0x00, 0x00, 0x00,
    0x00, 0x00, 0x00, 0x00, 0x00, 0x00, 0x00, 0x00,
    0x00, 0x00, 0x00, 0x00, 0x00, 0x00, 0x00, 0x00,

    /* Unicode: U+0098 */
    0x00, 0x00, 0x00, 0x00, 0x00, 0x00, 0x00, 0x00,
    0x00, 0x00, 0x00, 0x00, 0x00, 0x00, 0x00, 0x00,
    0x00, 0x00, 0x00, 0x00, 0x00, 0x00, 0x00, 0x00,
    0x00, 0x00, 0x00, 0x00, 0x00, 0x00, 0x00, 0x00,
    0x70, 0xFE, 0xFC, 0xFC, 0xFC, 0xFC, 0xFD, 0xA8,
    0x70, 0xB0, 0x00, 0x00, 0x00, 0x00, 0x78, 0xA8,
    0x70, 0xB0, 0x00, 0x00, 0x00, 0x00, 0x78, 0xA8,
    0x70, 0xB0, 0x00, 0x00, 0x00, 0x00, 0x78, 0xA8,
    0x70, 0xB0, 0x00, 0x00, 0x00, 0x00, 0x78, 0xA8,
    0x70, 0xB0, 0x00, 0x00, 0x00, 0x00, 0x78, 0xA8,
    0x70, 0xB0, 0x00, 0x00, 0x00, 0x00, 0x78, 0xA8,
    0x70, 0xB0, 0x00, 0x00, 0x00, 0x00, 0x78, 0xA8,
    0x70, 0xB0, 0x00, 0x00, 0x00, 0x00, 0x78, 0xA8,
    0x6E, 0xFC, 0xFC, 0xFC, 0xFC, 0xFC, 0xFC, 0xA5,
    0x00, 0x00, 0x00, 0x00, 0x00, 0x00, 0x00, 0x00,
    0x00, 0x00, 0x00, 0x00, 0x00, 0x00, 0x00, 0x00,
    0x00, 0x00, 0x00, 0x00, 0x00, 0x00, 0x00, 0x00,
    0x00, 0x00, 0x00, 0x00, 0x00, 0x00, 0x00, 0x00,

    /* Unicode: U+0099 */
    0x00, 0x00, 0x00, 0x00, 0x00, 0x00, 0x00, 0x00,
    0x00, 0x00, 0x00, 0x00, 0x00, 0x00, 0x00, 0x00,
    0x00, 0x00, 0x00, 0x00, 0x00, 0x00, 0x00, 0x00,
    0x00, 0x00, 0x00, 0x00, 0x00, 0x00, 0x00, 0x00,
    0x70, 0xFE, 0xFC, 0xFC, 0xFC, 0xFC, 0xFD, 0xA8,
    0x70, 0xB0, 0x00, 0x00, 0x00, 0x00, 0x78, 0xA8,
    0x70, 0xB0, 0x00, 0x00, 0x00, 0x00, 0x78, 0xA8,
    0x70, 0xB0, 0x00, 0x00, 0x00, 0x00, 0x78, 0xA8,
    0x70, 0xB0, 0x00, 0x00, 0x00, 0x00, 0x78, 0xA8,
    0x70, 0xB0, 0x00, 0x00, 0x00, 0x00, 0x78, 0xA8,
    0x70, 0xB0, 0x00, 0x00, 0x00, 0x00, 0x78, 0xA8,
    0x70, 0xB0, 0x00, 0x00, 0x00, 0x00, 0x78, 0xA8,
    0x70, 0xB0, 0x00, 0x00, 0x00, 0x00, 0x78, 0xA8,
    0x6E, 0xFC, 0xFC, 0xFC, 0xFC, 0xFC, 0xFC, 0xA5,
    0x00, 0x00, 0x00, 0x00, 0x00, 0x00, 0x00, 0x00,
    0x00, 0x00, 0x00, 0x00, 0x00, 0x00, 0x00, 0x00,
    0x00, 0x00, 0x00, 0x00, 0x00, 0x00, 0x00, 0x00,
    0x00, 0x00, 0x00, 0x00, 0x00, 0x00, 0x00, 0x00,

    /* Unicode: U+009A */
    0x00, 0x00, 0x00, 0x00, 0x00, 0x00, 0x00, 0x00,
    0x00, 0x00, 0x00, 0x00, 0x00, 0x00, 0x00, 0x00,
    0x00, 0x00, 0x00, 0x00, 0x00, 0x00, 0x00, 0x00,
    0x00, 0x00, 0x00, 0x00, 0x00, 0x00, 0x00, 0x00,
    0x70, 0xFE, 0xFC, 0xFC, 0xFC, 0xFC, 0xFD, 0xA8,
    0x70, 0xB0, 0x00, 0x00, 0x00, 0x00, 0x78, 0xA8,
    0x70, 0xB0, 0x00, 0x00, 0x00, 0x00, 0x78, 0xA8,
    0x70, 0xB0, 0x00, 0x00, 0x00, 0x00, 0x78, 0xA8,
    0x70, 0xB0, 0x00, 0x00, 0x00, 0x00, 0x78, 0xA8,
    0x70, 0xB0, 0x00, 0x00, 0x00, 0x00, 0x78, 0xA8,
    0x70, 0xB0, 0x00, 0x00, 0x00, 0x00, 0x78, 0xA8,
    0x70, 0xB0, 0x00, 0x00, 0x00, 0x00, 0x78, 0xA8,
    0x70, 0xB0, 0x00, 0x00, 0x00, 0x00, 0x78, 0xA8,
    0x6E, 0xFC, 0xFC, 0xFC, 0xFC, 0xFC, 0xFC, 0xA5,
    0x00, 0x00, 0x00, 0x00, 0x00, 0x00, 0x00, 0x00,
    0x00, 0x00, 0x00, 0x00, 0x00, 0x00, 0x00, 0x00,
    0x00, 0x00, 0x00, 0x00, 0x00, 0x00, 0x00, 0x00,
    0x00, 0x00, 0x00, 0x00, 0x00, 0x00, 0x00, 0x00,

    /* Unicode: U+009B */
    0x00, 0x00, 0x00, 0x00, 0x00, 0x00, 0x00, 0x00,
    0x00, 0x00, 0x00, 0x00, 0x00, 0x00, 0x00, 0x00,
    0x00, 0x00, 0x00, 0x00, 0x00, 0x00, 0x00, 0x00,
    0x00, 0x00, 0x00, 0x00, 0x00, 0x00, 0x00, 0x00,
    0x70, 0xFE, 0xFC, 0xFC, 0xFC, 0xFC, 0xFD, 0xA8,
    0x70, 0xB0, 0x00, 0x00, 0x00, 0x00, 0x78, 0xA8,
    0x70, 0xB0, 0x00, 0x00, 0x00, 0x00, 0x78, 0xA8,
    0x70, 0xB0, 0x00, 0x00, 0x00, 0x00, 0x78, 0xA8,
    0x70, 0xB0, 0x00, 0x00, 0x00, 0x00, 0x78, 0xA8,
    0x70, 0xB0, 0x00, 0x00, 0x00, 0x00, 0x78, 0xA8,
    0x70, 0xB0, 0x00, 0x00, 0x00, 0x00, 0x78, 0xA8,
    0x70, 0xB0, 0x00, 0x00, 0x00, 0x00, 0x78, 0xA8,
    0x70, 0xB0, 0x00, 0x00, 0x00, 0x00, 0x78, 0xA8,
    0x6E, 0xFC, 0xFC, 0xFC, 0xFC, 0xFC, 0xFC, 0xA5,
    0x00, 0x00, 0x00, 0x00, 0x00, 0x00, 0x00, 0x00,
    0x00, 0x00, 0x00, 0x00, 0x00, 0x00, 0x00, 0x00,
    0x00, 0x00, 0x00, 0x00, 0x00, 0x00, 0x00, 0x00,
    0x00, 0x00, 0x00, 0x00, 0x00, 0x00, 0x00, 0x00,

    /* Unicode: U+009C */
    0x00, 0x00, 0x00, 0x00, 0x00, 0x00, 0x00, 0x00,
    0x00, 0x00, 0x00, 0x00, 0x00, 0x00, 0x00, 0x00,
    0x00, 0x00, 0x00, 0x00, 0x00, 0x00, 0x00, 0x00,
    0x00, 0x00, 0x00, 0x00, 0x00, 0x00, 0x00, 0x00,
    0x70, 0xFE, 0xFC, 0xFC, 0xFC, 0xFC, 0xFD, 0xA8,
    0x70, 0xB0, 0x00, 0x00, 0x00, 0x00, 0x78, 0xA8,
    0x70, 0xB0, 0x00, 0x00, 0x00, 0x00, 0x78, 0xA8,
    0x70, 0xB0, 0x00, 0x00, 0x00, 0x00, 0x78, 0xA8,
    0x70, 0xB0, 0x00, 0x00, 0x00, 0x00, 0x78, 0xA8,
    0x70, 0xB0, 0x00, 0x00, 0x00, 0x00, 0x78, 0xA8,
    0x70, 0xB0, 0x00, 0x00, 0x00, 0x00, 0x78, 0xA8,
    0x70, 0xB0, 0x00, 0x00, 0x00, 0x00, 0x78, 0xA8,
    0x70, 0xB0, 0x00, 0x00, 0x00, 0x00, 0x78, 0xA8,
    0x6E, 0xFC, 0xFC, 0xFC, 0xFC, 0xFC, 0xFC, 0xA5,
    0x00, 0x00, 0x00, 0x00, 0x00, 0x00, 0x00, 0x00,
    0x00, 0x00, 0x00, 0x00, 0x00, 0x00, 0x00, 0x00,
    0x00, 0x00, 0x00, 0x00, 0x00, 0x00, 0x00, 0x00,
    0x00, 0x00, 0x00, 0x00, 0x00, 0x00, 0x00, 0x00,

    /* Unicode: U+009D */
    0x00, 0x00, 0x00, 0x00, 0x00, 0x00, 0x00, 0x00,
    0x00, 0x00, 0x00, 0x00, 0x00, 0x00, 0x00, 0x00,
    0x00, 0x00, 0x00, 0x00, 0x00, 0x00, 0x00, 0x00,
    0x00, 0x00, 0x00, 0x00, 0x00, 0x00, 0x00, 0x00,
    0x70, 0xFE, 0xFC, 0xFC, 0xFC, 0xFC, 0xFD, 0xA8,
    0x70, 0xB0, 0x00, 0x00, 0x00, 0x00, 0x78, 0xA8,
    0x70, 0xB0, 0x00, 0x00, 0x00, 0x00, 0x78, 0xA8,
    0x70, 0xB0, 0x00, 0x00, 0x00, 0x00, 0x78, 0xA8,
    0x70, 0xB0, 0x00, 0x00, 0x00, 0x00, 0x78, 0xA8,
    0x70, 0xB0, 0x00, 0x00, 0x00, 0x00, 0x78, 0xA8,
    0x70, 0xB0, 0x00, 0x00, 0x00, 0x00, 0x78, 0xA8,
    0x70, 0xB0, 0x00, 0x00, 0x00, 0x00, 0x78, 0xA8,
    0x70, 0xB0, 0x00, 0x00, 0x00, 0x00, 0x78, 0xA8,
    0x6E, 0xFC, 0xFC, 0xFC, 0xFC, 0xFC, 0xFC, 0xA5,
    0x00, 0x00, 0x00, 0x00, 0x00, 0x00, 0x00, 0x00,
    0x00, 0x00, 0x00, 0x00, 0x00, 0x00, 0x00, 0x00,
    0x00, 0x00, 0x00, 0x00, 0x00, 0x00, 0x00, 0x00,
    0x00, 0x00, 0x00, 0x00, 0x00, 0x00, 0x00, 0x00,

    /* Unicode: U+009E */
    0x00, 0x00, 0x00, 0x00, 0x00, 0x00, 0x00, 0x00,
    0x00, 0x00, 0x00, 0x00, 0x00, 0x00, 0x00, 0x00,
    0x00, 0x00, 0x00, 0x00, 0x00, 0x00, 0x00, 0x00,
    0x00, 0x00, 0x00, 0x00, 0x00, 0x00, 0x00, 0x00,
    0x70, 0xFE, 0xFC, 0xFC, 0xFC, 0xFC, 0xFD, 0xA8,
    0x70, 0xB0, 0x00, 0x00, 0x00, 0x00, 0x78, 0xA8,
    0x70, 0xB0, 0x00, 0x00, 0x00, 0x00, 0x78, 0xA8,
    0x70, 0xB0, 0x00, 0x00, 0x00, 0x00, 0x78, 0xA8,
    0x70, 0xB0, 0x00, 0x00, 0x00, 0x00, 0x78, 0xA8,
    0x70, 0xB0, 0x00, 0x00, 0x00, 0x00, 0x78, 0xA8,
    0x70, 0xB0, 0x00, 0x00, 0x00, 0x00, 0x78, 0xA8,
    0x70, 0xB0, 0x00, 0x00, 0x00, 0x00, 0x78, 0xA8,
    0x70, 0xB0, 0x00, 0x00, 0x00, 0x00, 0x78, 0xA8,
    0x6E, 0xFC, 0xFC, 0xFC, 0xFC, 0xFC, 0xFC, 0xA5,
    0x00, 0x00, 0x00, 0x00, 0x00, 0x00, 0x00, 0x00,
    0x00, 0x00, 0x00, 0x00, 0x00, 0x00, 0x00, 0x00,
    0x00, 0x00, 0x00, 0x00, 0x00, 0x00, 0x00, 0x00,
    0x00, 0x00, 0x00, 0x00, 0x00, 0x00, 0x00, 0x00,

    /* Unicode: U+009F */
    0x00, 0x00, 0x00, 0x00, 0x00, 0x00, 0x00, 0x00,
    0x00, 0x00, 0x00, 0x00, 0x00, 0x00, 0x00, 0x00,
    0x00, 0x00, 0x00, 0x00, 0x00, 0x00, 0x00, 0x00,
    0x00, 0x00, 0x00, 0x00, 0x00, 0x00, 0x00, 0x00,
    0x70, 0xFE, 0xFC, 0xFC, 0xFC, 0xFC, 0xFD, 0xA8,
    0x70, 0xB0, 0x00, 0x00, 0x00, 0x00, 0x78, 0xA8,
    0x70, 0xB0, 0x00, 0x00, 0x00, 0x00, 0x78, 0xA8,
    0x70, 0xB0, 0x00, 0x00, 0x00, 0x00, 0x78, 0xA8,
    0x70, 0xB0, 0x00, 0x00, 0x00, 0x00, 0x78, 0xA8,
    0x70, 0xB0, 0x00, 0x00, 0x00, 0x00, 0x78, 0xA8,
    0x70, 0xB0, 0x00, 0x00, 0x00, 0x00, 0x78, 0xA8,
    0x70, 0xB0, 0x00, 0x00, 0x00, 0x00, 0x78, 0xA8,
    0x70, 0xB0, 0x00, 0x00, 0x00, 0x00, 0x78, 0xA8,
    0x6E, 0xFC, 0xFC, 0xFC, 0xFC, 0xFC, 0xFC, 0xA5,
    0x00, 0x00, 0x00, 0x00, 0x00, 0x00, 0x00, 0x00,
    0x00, 0x00, 0x00, 0x00, 0x00, 0x00, 0x00, 0x00,
    0x00, 0x00, 0x00, 0x00, 0x00, 0x00, 0x00, 0x00,
    0x00, 0x00, 0x00, 0x00, 0x00, 0x00, 0x00, 0x00,

    /* Unicode: U+00A0 */
    0x00, 0x00, 0x00, 0x00,
    0x00, 0x00, 0x00, 0x00,
    0x00, 0x00, 0x00, 0x00,
    0x00, 0x00, 0x00, 0x00,
    0x00, 0x00, 0x00, 0x00,
    0x00, 0x00, 0x00, 0x00,
    0x00, 0x00, 0x00, 0x00,
    0x00, 0x00, 0x00, 0x00,
    0x00, 0x00, 0x00, 0x00,
    0x00, 0x00, 0x00, 0x00,
    0x00, 0x00, 0x00, 0x00,
    0x00, 0x00, 0x00, 0x00,
    0x00, 0x00, 0x00, 0x00,
    0x00, 0x00, 0x00, 0x00,
    0x00, 0x00, 0x00, 0x00,
    0x00, 0x00, 0x00, 0x00,
    0x00, 0x00, 0x00, 0x00,
    0x00, 0x00, 0x00, 0x00,

    /* Unicode: U+00A1 */
    0x00, 0x00, 0x00,
    0x00, 0x00, 0x00,
    0x00, 0x00, 0x00,
    0x00, 0x00, 0x00,
    0x00, 0x00, 0x00,
    0x00, 0x00, 0x00,
    0x00, 0xD2, 0x94,
    0x00, 0xBC, 0x7F,
    0x00, 0x00, 0x00,
    0x00, 0xAD, 0x6C,
    0x00, 0xB6, 0x76,
    0x00, 0xBF, 0x80,
    0x00, 0xC8, 0x89,
    0x00, 0xD1, 0x93,
    0x00, 0xDA, 0x9D,
    0x00, 0xE3, 0xA7,
    0x00, 0x00, 0x00,
    0x00, 0x00, 0x00,

    /* Unicode: U+00A2 */
    0x00, 0x00, 0x00, 0x00, 0x00, 0x00, 0x00, 0x00,
    0x00, 0x00, 0x00, 0x00, 0x00, 0x00, 0x00, 0x00,
    0x00, 0x00, 0x00, 0x00, 0x00, 0x00, 0x00, 0x00,
    0x00, 0x00, 0x00, 0x00, 0x00, 0x00, 0x00, 0x00,
    0x00, 0x00, 0x00, 0x0C, 0xD8, 0x00, 0x00, 0x00,
    0x00, 0x00, 0x00, 0x0E, 0xD9, 0x00, 0x00, 0x00,
    0x00, 0x04, 0x89, 0xF0, 0xFF, 0xEA, 0x75, 0x00,
    0x00, 0x9C, 0xF6, 0x7D, 0xE3, 0x83, 0xFC, 0x4C,
    0x20, 0xFF, 0x5F, 0x0C, 0xD8, 0x00, 0x2A, 0x00,
    0x59, 0xFE, 0x09, 0x0C, 0xD8, 0x00, 0x00, 0x00,
    0x5D, 0xFC, 0x05, 0x0C, 0xD8, 0x00, 0x00, 0x00,
    0x2D, 0xFF, 0x45, 0x0C, 0xD8, 0x00, 0x0C, 0x00,
    0x00, 0xB9, 0xE3, 0x51, 0xDB, 0x53, 0xED, 0x46,
    0x00, 0x11, 0xB4, 0xFF, 0xFF, 0xFE, 0xA1, 0x06,
    0x00, 0x00, 0x00, 0x28, 0xE0, 0x19, 0x00, 0x00,
    0x00, 0x00, 0x00, 0x0C, 0xD8, 0x00, 0x00, 0x00,
    0x00, 0x00, 0x00, 0x00, 0x00, 0x00, 0x00, 0x00,
    0x00, 0x00, 0x00, 0x00, 0x00, 0x00, 0x00, 0x00,

    /* Unicode: U+00A3 */
    0x00, 0x00, 0x00, 0x00, 0x00, 0x00, 0x00, 0x00, 0x00,
    0x00, 0x00, 0x00, 0x00, 0x00, 0x00, 0x00, 0x00, 0x00,
    0x00, 0x00, 0x00, 0x00, 0x00, 0x00, 0x00, 0x00, 0x00,
    0x00, 0x00, 0x00, 0x00, 0x00, 0x00, 0x00, 0x00, 0x00,
    0x00, 0x00, 0x01, 0x68, 0xCB, 0xF3, 0xF3, 0xCF, 0x5F,
    0x00, 0x00, 0x84, 0xF9, 0x88, 0x4D, 0x4E, 0x75, 0x62,
    0x00, 0x00, 0xF2, 0x82, 0x00, 0x00, 0x00, 0x00, 0x00,
    0x04, 0x13, 0xFF, 0x5A, 0x08, 0x08, 0x08, 0x00, 0x00,
    0x94, 0xFF, 0xFF, 0xFF, 0xFF, 0xFF, 0xFF, 0x10, 0x00,
    0x20, 0x41, 0xFF, 0x79, 0x38, 0x38, 0x38, 0x03, 0x00,
    0x00, 0x0C, 0xFF, 0x54, 0x00, 0x00, 0x00, 0x00, 0x00,
    0x00, 0x0C, 0xFF, 0x54, 0x00, 0x00, 0x00, 0x00, 0x00,
    0x25, 0x49, 0xFF, 0x7F, 0x40, 0x40, 0x40, 0x40, 0x28,
    0x94, 0xFF, 0xFF, 0xFF, 0xFF, 0xFF, 0xFF, 0xFF, 0xA0,
    0x00, 0x00, 0x00, 0x00, 0x00, 0x00, 0x00, 0x00, 0x00,
    0x00, 0x00, 0x00, 0x00, 0x00, 0x00, 0x00, 0x00, 0x00,
    0x00, 0x00, 0x00, 0x00, 0x00, 0x00, 0x00, 0x00, 0x00,
    0x00, 0x00, 0x00, 0x00, 0x00, 0x00, 0x00, 0x00, 0x00,

    /* Unicode: U+00A4 */
    0x00, 0x00, 0x00, 0x00, 0x00, 0x00, 0x00, 0x00, 0x00, 0x00,
    0x00, 0x00, 0x00, 0x00, 0x00, 0x00, 0x00, 0x00, 0x00, 0x00,
    0x00, 0x00, 0x00, 0x00, 0x00, 0x00, 0x00, 0x00, 0x00, 0x00,
    0x00, 0x00, 0x00, 0x00, 0x00, 0x00, 0x00, 0x00, 0x00, 0x00,
    0x25, 0x74, 0x00, 0x00, 0x01, 0x00, 0x00, 0x04, 0x8A, 0x0C,
    0x39, 0xF7, 0x7E, 0xAD, 0xF4, 0xEC, 0x93, 0xA1, 0xE2, 0x19,
    0x00, 0x62, 0xFF, 0xAF, 0x48, 0x54, 0xCB, 0xFF, 0x2E, 0x00,
    0x00, 0x89, 0xB6, 0x00, 0x00, 0x00, 0x09, 0xDA, 0x59, 0x00,
    0x00, 0xCD, 0x4E, 0x00, 0x00, 0x00, 0x00, 0x78, 0x9C, 0x00,
    0x00, 0xD4, 0x45, 0x00, 0x00, 0x00, 0x00, 0x6E, 0xA4, 0x00,
    0x00, 0x9F, 0x99, 0x00, 0x00, 0x00, 0x01, 0xC4, 0x6F, 0x00,
    0x00, 0x49, 0xFE, 0x7F, 0x18, 0x23, 0xA3, 0xFD, 0x17, 0x00,
    0x16, 0xDC, 0xB9, 0xE0, 0xFF, 0xFF, 0xC8, 0xD2, 0xB7, 0x04,
    0x45, 0xB1, 0x05, 0x04, 0x27, 0x1F, 0x00, 0x17, 0xC8, 0x1F,
    0x00, 0x00, 0x00, 0x00, 0x00, 0x00, 0x00, 0x00, 0x00, 0x00,
    0x00, 0x00, 0x00, 0x00, 0x00, 0x00, 0x00, 0x00, 0x00, 0x00,
    0x00, 0x00, 0x00, 0x00, 0x00, 0x00, 0x00, 0x00, 0x00, 0x00,
    0x00, 0x00, 0x00, 0x00, 0x00, 0x00, 0x00, 0x00, 0x00, 0x00,

    /* Unicode: U+00A5 */
    0x00, 0x00, 0x00, 0x00, 0x00, 0x00, 0x00, 0x00, 0x00, 0x00, 0x00,
    0x00, 0x00, 0x00, 0x00, 0x00, 0x00, 0x00, 0x00, 0x00, 0x00, 0x00,
    0x00, 0x00, 0x00, 0x00, 0x00, 0x00, 0x00, 0x00, 0x00, 0x00, 0x00,
    0x00, 0x00, 0x00, 0x00, 0x00, 0x00, 0x00, 0x00, 0x00, 0x00, 0x00,
    0x00, 0xAC, 0xC7, 0x05, 0x00, 0x00, 0x00, 0x00, 0x09, 0xD1, 0x91,
    0x00, 0x0E, 0xD9, 0x92, 0x00, 0x00, 0x00, 0x00, 0xA0, 0xC8, 0x05,
    0x00, 0x00, 0x2C, 0xF5, 0x56, 0x00, 0x00, 0x65, 0xEC, 0x1D, 0x00,
    0x00, 0x00, 0x00, 0x5D, 0xF2, 0x27, 0x32, 0xF5, 0x48, 0x00, 0x00,
    0x00, 0x00, 0x00, 0x00, 0x97, 0xD4, 0xDE, 0x82, 0x00, 0x00, 0x00,
    0x00, 0x00, 0x9D, 0xE0, 0xE2, 0xFC, 0xFA, 0xE1, 0xE0, 0x85, 0x00,
    0x00, 0x00, 0x05, 0x08, 0x08, 0xC2, 0xA6, 0x08, 0x08, 0x04, 0x00,
    0x00, 0x00, 0xB4, 0xFF, 0xFF, 0xFF, 0xFF, 0xFF, 0xFF, 0x98, 0x00,
    0x00, 0x00, 0x27, 0x38, 0x38, 0xCE, 0xB8, 0x38, 0x38, 0x21, 0x00,
    0x00, 0x00, 0x00, 0x00, 0x00, 0xC0, 0xA4, 0x00, 0x00, 0x00, 0x00,
    0x00, 0x00, 0x00, 0x00, 0x00, 0x00, 0x00, 0x00, 0x00, 0x00, 0x00,
    0x00, 0x00, 0x00, 0x00, 0x00, 0x00, 0x00, 0x00, 0x00, 0x00, 0x00,
    0x00, 0x00, 0x00, 0x00, 0x00, 0x00, 0x00, 0x00, 0x00, 0x00, 0x00,
    0x00, 0x00, 0x00, 0x00, 0x00, 0x00, 0x00, 0x00, 0x00, 0x00, 0x00,

    /* Unicode: U+00A6 */
    0x00, 0x00,
    0x00, 0x00,
    0x00, 0x00,
    0x88, 0xB8,
    0x88, 0xB8,
    0x88, 0xB8,
    0x88, 0xB8,
    0x88, 0xB8,
    0x00, 0x00,
    0x00, 0x00,
    0x00, 0x00,
    0x00, 0x00,
    0x88, 0xB8,
    0x88, 0xB8,
    0x88, 0xB8,
    0x88, 0xB8,
    0x88, 0xB8,
    0x00, 0x00,

    /* Unicode: U+00A7 */
    0x00, 0x00, 0x00, 0x00, 0x00, 0x00, 0x00,
    0x00, 0x00, 0x00, 0x00, 0x00, 0x00, 0x00,
    0x00, 0x00, 0x00, 0x00, 0x00, 0x00, 0x00,
    0x00, 0x00, 0x00, 0x00, 0x00, 0x00, 0x00,
    0x00, 0x2B, 0xB6, 0xEE, 0xEC, 0xBA, 0x3A,
    0x03, 0xE3, 0xA7, 0x4B, 0x57, 0xA2, 0x58,
    0x23, 0xFF, 0x16, 0x00, 0x00, 0x00, 0x00,
    0x06, 0xE4, 0xB6, 0x48, 0x08, 0x00, 0x00,
    0x08, 0xC3, 0xD9, 0xE6, 0xF3, 0x8C, 0x03,
    0x66, 0xD2, 0x04, 0x01, 0x44, 0xF0, 0x5B,
    0x6E, 0xDF, 0x0E, 0x00, 0x00, 0xBD, 0x79,
    0x11, 0xC1, 0xEB, 0x9D, 0x8E, 0xE8, 0x22,
    0x00, 0x01, 0x38, 0x82, 0xE2, 0xC2, 0x02,
    0x00, 0x00, 0x00, 0x00, 0x1A, 0xFF, 0x27,
    0x52, 0x7F, 0x2B, 0x10, 0x65, 0xFB, 0x16,
    0x45, 0xDD, 0xFF, 0xFF, 0xF6, 0x67, 0x00,
    0x00, 0x00, 0x23, 0x31, 0x0B, 0x00, 0x00,
    0x00, 0x00, 0x00, 0x00, 0x00, 0x00, 0x00,

    /* Unicode: U+00A8 */
    0x00, 0x00, 0x00, 0x00, 0x00,
    0x00, 0x00, 0x00, 0x00, 0x00,
    0x00, 0x00, 0x00, 0x00, 0x00,
    0xAA, 0x78, 0x17, 0xEF, 0x18,
    0x16, 0x0C, 0x00, 0x22, 0x00,
    0x00, 0x00, 0x00, 0x00, 0x00,
    0x00, 0x00, 0x00, 0x00, 0x00,
    0x00, 0x00, 0x00, 0x00, 0x00,
    0x00, 0x00, 0x00, 0x00, 0x00,
    0x00, 0x00, 0x00, 0x00, 0x00,
    0x00, 0x00, 0x00, 0x00, 0x00,
    0x00, 0x00, 0x00, 0x00, 0x00,
    0x00, 0x00, 0x00, 0x00, 0x00,
    0x00, 0x00, 0x00, 0x00, 0x00,
    0x00, 0x00, 0x00, 0x00, 0x00,
    0x00, 0x00, 0x00, 0x00, 0x00,
    0x00, 0x00, 0x00, 0x00, 0x00,
    0x00, 0x00, 0x00, 0x00, 0x00,

    /* Unicode: U+00A9 */
    0x00, 0x00, 0x00, 0x00, 0x00, 0x00, 0x00, 0x00, 0x00, 0x00, 0x00,
    0x00, 0x00, 0x00, 0x00, 0x00, 0x00, 0x00, 0x00, 0x00, 0x00, 0x00,
    0x00, 0x00, 0x00, 0x00, 0x00, 0x01, 0x00, 0x00, 0x00, 0x00, 0x00,
    0x00, 0x00, 0x05, 0x77, 0xDB, 0xFC, 0xE8, 0x97, 0x18, 0x00, 0x00,
    0x00, 0x06, 0xBB, 0xCE, 0x66, 0x41, 0x56, 0xAC, 0xE1, 0x21, 0x00,
    0x00, 0x80, 0x9B, 0x03, 0x00, 0x01, 0x00, 0x00, 0x5B, 0xBE, 0x00,
    0x05, 0xC7, 0x05, 0x1F, 0xBD, 0xFC, 0xE0, 0x48, 0x00, 0x9F, 0x30,
    0x35, 0x7C, 0x00, 0xCC, 0xB1, 0x46, 0x71, 0xAE, 0x00, 0x41, 0x71,
    0x4D, 0x5B, 0x21, 0xF4, 0x08, 0x00, 0x00, 0x00, 0x00, 0x23, 0x88,
    0x3B, 0x72, 0x28, 0xEE, 0x01, 0x00, 0x00, 0x00, 0x00, 0x3B, 0x74,
    0x0D, 0xBE, 0x03, 0xE2, 0x89, 0x15, 0x3E, 0x81, 0x00, 0x90, 0x3A,
    0x00, 0x9D, 0x6E, 0x3A, 0xE6, 0xFF, 0xFB, 0x72, 0x3D, 0xC9, 0x00,
    0x00, 0x12, 0xDC, 0x9C, 0x39, 0x3E, 0x3D, 0x80, 0xE9, 0x2F, 0x00,
    0x00, 0x00, 0x15, 0xA8, 0xFD, 0xFF, 0xFF, 0xC0, 0x2B, 0x00, 0x00,
    0x00, 0x00, 0x00, 0x00, 0x0F, 0x2E, 0x16, 0x00, 0x00, 0x00, 0x00,
    0x00, 0x00, 0x00, 0x00, 0x00, 0x00, 0x00, 0x00, 0x00, 0x00, 0x00,
    0x00, 0x00, 0x00, 0x00, 0x00, 0x00, 0x00, 0x00, 0x00, 0x00, 0x00,
    0x00, 0x00, 0x00, 0x00, 0x00, 0x00, 0x00, 0x00, 0x00, 0x00, 0x00,

    /* Unicode: U+00AA */
    0x00, 0x00, 0x00, 0x00, 0x00,
    0x00, 0x00, 0x00, 0x00, 0x00,
    0x00, 0x00, 0x00, 0x00, 0x00,
    0x0C, 0xA5, 0xF6, 0xD5, 0x2F,
    0x17, 0x6B, 0x4C, 0x93, 0xA6,
    0x20, 0xD7, 0xFF, 0xFF, 0xBF,
    0x70, 0xB8, 0x49, 0x8E, 0xC0,
    0x33, 0xF6, 0xFF, 0xB4, 0xC0,
    0x00, 0x13, 0x2B, 0x09, 0x2A,
    0x00, 0x00, 0x00, 0x00, 0x00,
    0x00, 0x00, 0x00, 0x00, 0x00,
    0x00, 0x00, 0x00, 0x00, 0x00,
    0x00, 0x00, 0x00, 0x00, 0x00,
    0x00, 0x00, 0x00, 0x00, 0x00,
    0x00, 0x00, 0x00, 0x00, 0x00,
    0x00, 0x00, 0x00, 0x00, 0x00,
    0x00, 0x00, 0x00, 0x00, 0x00,
    0x00, 0x00, 0x00, 0x00, 0x00,

    /* Unicode: U+00AB */
    0x00, 0x00, 0x00, 0x00, 0x00, 0x00, 0x00,
    0x00, 0x00, 0x00, 0x00, 0x00, 0x00, 0x00,
    0x00, 0x00, 0x00, 0x00, 0x00, 0x00, 0x00,
    0x00, 0x00, 0x00, 0x00, 0x00, 0x00, 0x00,
    0x00, 0x00, 0x00, 0x00, 0x00, 0x00, 0x00,
    0x00, 0x00, 0x00, 0x00, 0x00, 0x00, 0x00,
    0x00, 0x00, 0x00, 0x00, 0x00, 0x00, 0x00,
    0x00, 0x00, 0xAD, 0x90, 0x14, 0xE8, 0x42,
    0x00, 0x59, 0xE0, 0x0B, 0xA9, 0x9B, 0x00,
    0x17, 0xEC, 0x47, 0x54, 0xE6, 0x10, 0x00,
    0x1A, 0xEC, 0x3B, 0x58, 0xDD, 0x0B, 0x00,
    0x00, 0x5B, 0xD9, 0x09, 0xAB, 0x93, 0x00,
    0x00, 0x00, 0xAE, 0x8E, 0x14, 0xE8, 0x3F,
    0x00, 0x00, 0x00, 0x00, 0x00, 0x00, 0x00,
    0x00, 0x00, 0x00, 0x00, 0x00, 0x00, 0x00,
    0x00, 0x00, 0x00, 0x00, 0x00, 0x00, 0x00,
    0x00, 0x00, 0x00, 0x00, 0x00, 0x00, 0x00,
    0x00, 0x00, 0x00, 0x00, 0x00, 0x00, 0x00,

    /* Unicode: U+00AC */
    0x00, 0x00, 0x00, 0x00, 0x00, 0x00, 0x00, 0x00,
    0x00, 0x00, 0x00, 0x00, 0x00, 0x00, 0x00, 0x00,
    0x00, 0x00, 0x00, 0x00, 0x00, 0x00, 0x00, 0x00,
    0x00, 0x00, 0x00, 0x00, 0x00, 0x00, 0x00, 0x00,
    0x00, 0x00, 0x00, 0x00, 0x00, 0x00, 0x00, 0x00,
    0x00, 0x00, 0x00, 0x00, 0x00, 0x00, 0x00, 0x00,
    0x00, 0x00, 0x00, 0x00, 0x00, 0x00, 0x00, 0x00,
    0x00, 0x08, 0x08, 0x08, 0x08, 0x08, 0x08, 0x01,
    0x10, 0xFF, 0xFF, 0xFF, 0xFF, 0xFF, 0xFF, 0x34,
    0x03, 0x38, 0x38, 0x38, 0x38, 0x38, 0xFC, 0x34,
    0x00, 0x00, 0x00, 0x00, 0x00, 0x00, 0xFC, 0x34,
    0x00, 0x00, 0x00, 0x00, 0x00, 0x00, 0xB1, 0x24,
    0x00, 0x00, 0x00, 0x00, 0x00, 0x00, 0x00, 0x00,
    0x00, 0x00, 0x00, 0x00, 0x00, 0x00, 0x00, 0x00,
    0x00, 0x00, 0x00, 0x00, 0x00, 0x00, 0x00, 0x00,
    0x00, 0x00, 0x00, 0x00, 0x00, 0x00, 0x00, 0x00,
    0x00, 0x00, 0x00, 0x00, 0x00, 0x00, 0x00, 0x00,
    0x00, 0x00, 0x00, 0x00, 0x00, 0x00, 0x00, 0x00,

    /* Unicode: U+00AD */
    0x00, 0x00, 0x00, 0x00, 0x00,
    0x00, 0x00, 0x00, 0x00, 0x00,
    0x00, 0x00, 0x00, 0x00, 0x00,
    0x00, 0x00, 0x00, 0x00, 0x00,
    0x00, 0x00, 0x00, 0x00, 0x00,
    0x00, 0x00, 0x00, 0x00, 0x00,
    0x00, 0x00, 0x00, 0x00, 0x00,
    0x00, 0x00, 0x00, 0x00, 0x00,
    0x01, 0x08, 0x08, 0x08, 0x04,
    0x34, 0xFF, 0xFF, 0xFF, 0x90,
    0x0B, 0x38, 0x38, 0x38, 0x1F,
    0x00, 0x00, 0x00, 0x00, 0x00,
    0x00, 0x00, 0x00, 0x00, 0x00,
    0x00, 0x00, 0x00, 0x00, 0x00,
    0x00, 0x00, 0x00, 0x00, 0x00,
    0x00, 0x00, 0x00, 0x00, 0x00,
    0x00, 0x00, 0x00, 0x00, 0x00,
    0x00, 0x00, 0x00, 0x00, 0x00,

    /* Unicode: U+00AE */
    0x00, 0x00, 0x00, 0x00, 0x00, 0x00, 0x00, 0x00, 0x00, 0x00, 0x00,
    0x00, 0x00, 0x00, 0x00, 0x00, 0x00, 0x00, 0x00, 0x00, 0x00, 0x00,
    0x00, 0x00, 0x00, 0x00, 0x00, 0x01, 0x00, 0x00, 0x00, 0x00, 0x00,
    0x00, 0x00, 0x05, 0x77, 0xDB, 0xFC, 0xE8, 0x97, 0x18, 0x00, 0x00,
    0x00, 0x06, 0xBB, 0xCE, 0x66, 0x41, 0x56, 0xAC, 0xE1, 0x21, 0x00,
    0x00, 0x80, 0x9B, 0x06, 0x08, 0x07, 0x00, 0x00, 0x5B, 0xBE, 0x00,
    0x05, 0xC7, 0x05, 0x60, 0xFF, 0xFF, 0xEC, 0x65, 0x00, 0x9F, 0x30,
    0x35, 0x7C, 0x00, 0x60, 0xA8, 0x38, 0x5A, 0xEF, 0x0C, 0x41, 0x71,
    0x4D, 0x5B, 0x00, 0x60, 0x93, 0x08, 0x2A, 0xE9, 0x13, 0x23, 0x88,
    0x3B, 0x72, 0x00, 0x60, 0xFF, 0xFF, 0xFF, 0x88, 0x00, 0x3B, 0x74,
    0x0D, 0xBE, 0x00, 0x60, 0xAB, 0x38, 0xAD, 0x5C, 0x00, 0x90, 0x3A,
    0x00, 0x9D, 0x6E, 0x43, 0x68, 0x00, 0x0D, 0x9A, 0x47, 0xC9, 0x00,
    0x00, 0x12, 0xDC, 0x9C, 0x33, 0x10, 0x27, 0x80, 0xE9, 0x2F, 0x00,
    0x00, 0x00, 0x15, 0xA8, 0xFD, 0xFF, 0xFF, 0xC0, 0x2B, 0x00, 0x00,
    0x00, 0x00, 0x00, 0x00, 0x0F, 0x2E, 0x16, 0x00, 0x00, 0x00, 0x00,
    0x00, 0x00, 0x00, 0x00, 0x00, 0x00, 0x00, 0x00, 0x00, 0x00, 0x00,
    0x00, 0x00, 0x00, 0x00, 0x00, 0x00, 0x00, 0x00, 0x00, 0x00, 0x00,
    0x00, 0x00, 0x00, 0x00, 0x00, 0x00, 0x00, 0x00, 0x00, 0x00, 0x00,

    /* Unicode: U+00AF */
    0x00, 0x00, 0x00, 0x00, 0x00, 0x00,
    0x00, 0x00, 0x00, 0x00, 0x00, 0x00,
    0x00, 0x08, 0x08, 0x08, 0x08, 0x03,
    0x14, 0xFF, 0xFF, 0xFF, 0xFF, 0x7C,
    0x04, 0x38, 0x38, 0x38, 0x38, 0x1B,
    0x00, 0x00, 0x00, 0x00, 0x00, 0x00,
    0x00, 0x00, 0x00, 0x00, 0x00, 0x00,
    0x00, 0x00, 0x00, 0x00, 0x00, 0x00,
    0x00, 0x00, 0x00, 0x00, 0x00, 0x00,
    0x00, 0x00, 0x00, 0x00, 0x00, 0x00,
    0x00, 0x00, 0x00, 0x00, 0x00, 0x00,
    0x00, 0x00, 0x00, 0x00, 0x00, 0x00,
    0x00, 0x00, 0x00, 0x00, 0x00, 0x00,
    0x00, 0x00, 0x00, 0x00, 0x00, 0x00,
    0x00, 0x00, 0x00, 0x00, 0x00, 0x00,
    0x00, 0x00, 0x00, 0x00, 0x00, 0x00,
    0x00, 0x00, 0x00, 0x00, 0x00, 0x00,
    0x00, 0x00, 0x00, 0x00, 0x00, 0x00,

    /* Unicode: U+00B0 */
    0x00, 0x00, 0x00, 0x00, 0x00, 0x00,
    0x00, 0x00, 0x00, 0x00, 0x00, 0x00,
    0x00, 0x00, 0x01, 0x00, 0x00, 0x00,
    0x00, 0x6C, 0xF2, 0xE9, 0x51, 0x00,
    0x25, 0xDD, 0x50, 0x5F, 0xE5, 0x0C,
    0x58, 0x75, 0x00, 0x00, 0x9E, 0x34,
    0x34, 0xC8, 0x20, 0x2D, 0xDD, 0x14,
    0x00, 0x9A, 0xFF, 0xFE, 0x78, 0x00,
    0x00, 0x00, 0x24, 0x1C, 0x00, 0x00,
    0x00, 0x00, 0x00, 0x00, 0x00, 0x00,
    0x00, 0x00, 0x00, 0x00, 0x00, 0x00,
    0x00, 0x00, 0x00, 0x00, 0x00, 0x00,
    0x00, 0x00, 0x00, 0x00, 0x00, 0x00,
    0x00, 0x00, 0x00, 0x00, 0x00, 0x00,
    0x00, 0x00, 0x00, 0x00, 0x00, 0x00,
    0x00, 0x00, 0x00, 0x00, 0x00, 0x00,
    0x00, 0x00, 0x00, 0x00, 0x00, 0x00,
    0x00, 0x00, 0x00, 0x00, 0x00, 0x00,

    /* Unicode: U+00B1 */
    0x00, 0x00, 0x00, 0x00, 0x00, 0x00, 0x00, 0x00,
    0x00, 0x00, 0x00, 0x00, 0x00, 0x00, 0x00, 0x00,
    0x00, 0x00, 0x00, 0x00, 0x00, 0x00, 0x00, 0x00,
    0x00, 0x00, 0x00, 0x00, 0x00, 0x00, 0x00, 0x00,
    0x00, 0x00, 0x00, 0x00, 0x00, 0x00, 0x00, 0x00,
    0x00, 0x00, 0x00, 0x84, 0xA8, 0x00, 0x00, 0x00,
    0x00, 0x08, 0x08, 0x87, 0xAA, 0x08, 0x08, 0x01,
    0x10, 0xFF, 0xFF, 0xFF, 0xFF, 0xFF, 0xFF, 0x34,
    0x03, 0x38, 0x38, 0x9F, 0xBB, 0x38, 0x38, 0x0B,
    0x00, 0x00, 0x00, 0x84, 0xA8, 0x00, 0x00, 0x00,
    0x00, 0x00, 0x00, 0x84, 0xA8, 0x00, 0x00, 0x00,
    0x00, 0x00, 0x00, 0x00, 0x00, 0x00, 0x00, 0x00,
    0x04, 0x40, 0x40, 0x40, 0x40, 0x40, 0x40, 0x0D,
    0x10, 0xFF, 0xFF, 0xFF, 0xFF, 0xFF, 0xFF, 0x34,
    0x00, 0x00, 0x00, 0x00, 0x00, 0x00, 0x00, 0x00,
    0x00, 0x00, 0x00, 0x00, 0x00, 0x00, 0x00, 0x00,
    0x00, 0x00, 0x00, 0x00, 0x00, 0x00, 0x00, 0x00,
    0x00, 0x00, 0x00, 0x00, 0x00, 0x00, 0x00, 0x00,

    /* Unicode: U+00B2 */
    0x00, 0x00, 0x00, 0x00, 0x00, 0x00,
    0x00, 0x00, 0x00, 0x00, 0x00, 0x00,
    0x00, 0x00, 0x02, 0x00, 0x00, 0x00,
    0x13, 0xB6, 0xFC, 0xEE, 0x76, 0x00,
    0x4C, 0x8C, 0x43, 0x63, 0xF6, 0x02,
    0x00, 0x00, 0x00, 0x36, 0xA4, 0x00,
    0x00, 0x00, 0x5D, 0x90, 0x05, 0x00,
    0x08, 0x9A, 0xAE, 0x40, 0x40, 0x14,
    0x5B, 0xFF, 0xFF, 0xFF, 0xFF, 0x50,
    0x00, 0x00, 0x00, 0x00, 0x00, 0x00,
    0x00, 0x00, 0x00, 0x00, 0x00, 0x00,
    0x00, 0x00, 0x00, 0x00, 0x00, 0x00,
    0x00, 0x00, 0x00, 0x00, 0x00, 0x00,
    0x00, 0x00, 0x00, 0x00, 0x00, 0x00,
    0x00, 0x00, 0x00, 0x00, 0x00, 0x00,
    0x00, 0x00, 0x00, 0x00, 0x00, 0x00,
    0x00, 0x00, 0x00, 0x00, 0x00, 0x00,
    0x00, 0x00, 0x00, 0x00, 0x00, 0x00,

    /* Unicode: U+00B3 */
    0x00, 0x00, 0x00, 0x00, 0x00, 0x00,
    0x00, 0x00, 0x00, 0x00, 0x00, 0x00,
    0x03, 0x08, 0x08, 0x08, 0x08, 0x00,
    0x70, 0xFF, 0xFF, 0xFF, 0xFF, 0x0B,
    0x18, 0x38, 0x38, 0xB8, 0x7C, 0x00,
    0x00, 0x00, 0x8E, 0xCB, 0x25, 0x00,
    0x00, 0x00, 0x22, 0x40, 0xD0, 0x21,
    0x54, 0x7A, 0x4A, 0x56, 0xE2, 0x40,
    0x28, 0xBB, 0xF7, 0xEB, 0x8B, 0x01,
    0x00, 0x00, 0x00, 0x00, 0x00, 0x00,
    0x00, 0x00, 0x00, 0x00, 0x00, 0x00,
    0x00, 0x00, 0x00, 0x00, 0x00, 0x00,
    0x00, 0x00, 0x00, 0x00, 0x00, 0x00,
    0x00, 0x00, 0x00, 0x00, 0x00, 0x00,
    0x00, 0x00, 0x00, 0x00, 0x00, 0x00,
    0x00, 0x00, 0x00, 0x00, 0x00, 0x00,
    0x00, 0x00, 0x00, 0x00, 0x00, 0x00,
    0x00, 0x00, 0x00, 0x00, 0x00, 0x00,

    /* Unicode: U+00B4 */
    0x00, 0x00, 0x00, 0x00,
    0x00, 0x00, 0x00, 0x00,
    0x00, 0x00, 0x00, 0x00,
    0x00, 0x6A, 0xED, 0x3F,
    0x5F, 0xD9, 0x26, 0x00,
    0x00, 0x00, 0x00, 0x00,
    0x00, 0x00, 0x00, 0x00,
    0x00, 0x00, 0x00, 0x00,
    0x00, 0x00, 0x00, 0x00,
    0x00, 0x00, 0x00, 0x00,
    0x00, 0x00, 0x00, 0x00,
    0x00, 0x00, 0x00, 0x00,
    0x00, 0x00, 0x00, 0x00,
    0x00, 0x00, 0x00, 0x00,
    0x00, 0x00, 0x00, 0x00,
    0x00, 0x00, 0x00, 0x00,
    0x00, 0x00, 0x00, 0x00,
    0x00, 0x00, 0x00, 0x00,

    /* Unicode: U+00B5 */
    0x00, 0x00, 0x00, 0x00, 0x00, 0x00, 0x00, 0x00,
    0x00, 0x00, 0x00, 0x00, 0x00, 0x00, 0x00, 0x00,
    0x00, 0x00, 0x00, 0x00, 0x00, 0x00, 0x00, 0x00,
    0x00, 0x00, 0x00, 0x00, 0x00, 0x00, 0x00, 0x00,
    0x00, 0x00, 0x00, 0x00, 0x00, 0x00, 0x00, 0x00,
    0x00, 0x00, 0x00, 0x00, 0x00, 0x00, 0x00, 0x00,
    0x39, 0x32, 0x00, 0x00, 0x00, 0x06, 0x50, 0x15,
    0xB8, 0xA0, 0x00, 0x00, 0x00, 0x14, 0xFF, 0x44,
    0xB8, 0xA0, 0x00, 0x00, 0x00, 0x14, 0xFF, 0x44,
    0xB8, 0xA0, 0x00, 0x00, 0x00, 0x14, 0xFF, 0x44,
    0xB8, 0xA0, 0x00, 0x00, 0x00, 0x18, 0xFF, 0x44,
    0xB8, 0xBA, 0x00, 0x00, 0x00, 0x43, 0xFF, 0x44,
    0xB8, 0xFD, 0x56, 0x0A, 0x31, 0xD3, 0xFF, 0x44,
    0xB8, 0xCF, 0xE8, 0xFF, 0xFB, 0x81, 0xFF, 0x44,
    0xB8, 0xA0, 0x04, 0x25, 0x10, 0x00, 0x20, 0x08,
    0xB8, 0xA0, 0x00, 0x00, 0x00, 0x00, 0x00, 0x00,
    0x7B, 0x6B, 0x00, 0x00, 0x00, 0x00, 0x00, 0x00,
    0x00, 0x00, 0x00, 0x00, 0x00, 0x00, 0x00, 0x00,

    /* Unicode: U+00B6 */
    0x00, 0x00, 0x00, 0x00, 0x00, 0x00, 0x00, 0x00,
    0x00, 0x00, 0x00, 0x00, 0x00, 0x00, 0x00, 0x00,
    0x00, 0x00, 0x00, 0x00, 0x00, 0x00, 0x00, 0x00,
    0x00, 0x77, 0xDE, 0xFD, 0xFF, 0xFF, 0xFF, 0x9C,
    0x65, 0xFF, 0xFF, 0xFF, 0x79, 0x40, 0xA3, 0x9C,
    0xAD, 0xFF, 0xFF, 0xFF, 0x4C, 0x00, 0x84, 0x9C,
    0x9A, 0xFF, 0xFF, 0xFF, 0x4C, 0x00, 0x84, 0x9C,
    0x27, 0xEF, 0xFF, 0xFF, 0x4C, 0x00, 0x84, 0x9C,
    0x00, 0x17, 0x69, 0xEA, 0x4C, 0x00, 0x84, 0x9C,
    0x00, 0x00, 0x00, 0xD4, 0x4C, 0x00, 0x84, 0x9C,
    0x00, 0x00, 0x00, 0xD4, 0x4C, 0x00, 0x84, 0x9C,
    0x00, 0x00, 0x00, 0xD4, 0x4C, 0x00, 0x84, 0x9C,
    0x00, 0x00, 0x00, 0xD4, 0x4C, 0x00, 0x84, 0x9C,
    0x00, 0x00, 0x00, 0xD4, 0x4C, 0x00, 0x84, 0x9C,
    0x00, 0x00, 0x00, 0xD4, 0x4C, 0x00, 0x84, 0x9C,
    0x00, 0x00, 0x00, 0x9B, 0x37, 0x00, 0x60, 0x72,
    0x00, 0x00, 0x00, 0x00, 0x00, 0x00, 0x00, 0x00,
    0x00, 0x00, 0x00, 0x00, 0x00, 0x00, 0x00, 0x00,

    /* Unicode: U+00B7 */
    0x00, 0x00, 0x00,
    0x00, 0x00, 0x00,
    0x00, 0x00, 0x00,
    0x00, 0x00, 0x00,
    0x00, 0x00, 0x00,
    0x00, 0x00, 0x00,
    0x00, 0x00, 0x00,
    0x00, 0x00, 0x00,
    0x00, 0x02, 0x00,
    0x05, 0xE2, 0xA0,
    0x04, 0xD9, 0x96,
    0x00, 0x00, 0x00,
    0x00, 0x00, 0x00,
    0x00, 0x00, 0x00,
    0x00, 0x00, 0x00,
    0x00, 0x00, 0x00,
    0x00, 0x00, 0x00,
    0x00, 0x00, 0x00,

    /* Unicode: U+00B8 */
    0x00, 0x00, 0x00, 0x00,
    0x00, 0x00, 0x00, 0x00,
    0x00, 0x00, 0x00, 0x00,
    0x00, 0x00, 0x00, 0x00,
    0x00, 0x00, 0x00, 0x00,
    0x00, 0x00, 0x00, 0x00,
    0x00, 0x00, 0x00, 0x00,
    0x00, 0x00, 0x00, 0x00,
    0x00, 0x00, 0x00, 0x00,
    0x00, 0x00, 0x00, 0x00,
    0x00, 0x00, 0x00, 0x00,
    0x00, 0x00, 0x00, 0x00,
    0x00, 0x00, 0x00, 0x00,
    0x00, 0x01, 0x04, 0x00,
    0x00, 0x56, 0x93, 0x01,
    0x05, 0x32, 0xAB, 0x78,
    0x3F, 0xFF, 0xFE, 0x5C,
    0x00, 0x25, 0x1C, 0x00,

    /* Unicode: U+00B9 */
    0x00, 0x00, 0x00, 0x00, 0x00,
    0x00, 0x00, 0x00, 0x00, 0x00,
    0x06, 0x08, 0x06, 0x00, 0x00,
    0xC0, 0xFF, 0xC0, 0x00, 0x00,
    0x2A, 0x66, 0xC0, 0x00, 0x00,
    0x00, 0x3C, 0xC0, 0x00, 0x00,
    0x00, 0x3C, 0xC0, 0x00, 0x00,
    0x37, 0x6D, 0xD0, 0x40, 0x0C,
    0xDC, 0xFF, 0xFF, 0xFF, 0x30,
    0x00, 0x00, 0x00, 0x00, 0x00,
    0x00, 0x00, 0x00, 0x00, 0x00,
    0x00, 0x00, 0x00, 0x00, 0x00,
    0x00, 0x00, 0x00, 0x00, 0x00,
    0x00, 0x00, 0x00, 0x00, 0x00,
    0x00, 0x00, 0x00, 0x00, 0x00,
    0x00, 0x00, 0x00, 0x00, 0x00,
    0x00, 0x00, 0x00, 0x00, 0x00,
    0x00, 0x00, 0x00, 0x00, 0x00,

    /* Unicode: U+00BA */
    0x00, 0x00, 0x00, 0x00, 0x00, 0x00,
    0x00, 0x00, 0x00, 0x00, 0x00, 0x00,
    0x00, 0x00, 0x00, 0x00, 0x00, 0x00,
    0x00, 0x87, 0xF0, 0xE8, 0x69, 0x00,
    0x4F, 0xDF, 0x56, 0x63, 0xEE, 0x2C,
    0x85, 0x71, 0x00, 0x00, 0x96, 0x60,
    0x62, 0xC2, 0x1D, 0x29, 0xDB, 0x3E,
    0x05, 0xB2, 0xFF, 0xFF, 0x9F, 0x00,
    0x00, 0x00, 0x28, 0x20, 0x00, 0x00,
    0x00, 0x00, 0x00, 0x00, 0x00, 0x00,
    0x00, 0x00, 0x00, 0x00, 0x00, 0x00,
    0x00, 0x00, 0x00, 0x00, 0x00, 0x00,
    0x00, 0x00, 0x00, 0x00, 0x00, 0x00,
    0x00, 0x00, 0x00, 0x00, 0x00, 0x00,
    0x00, 0x00, 0x00, 0x00, 0x00, 0x00,
    0x00, 0x00, 0x00, 0x00, 0x00, 0x00,
    0x00, 0x00, 0x00, 0x00, 0x00, 0x00,
    0x00, 0x00, 0x00, 0x00, 0x00, 0x00,

    /* Unicode: U+00BB */
    0x00, 0x00, 0x00, 0x00, 0x00, 0x00, 0x00,
    0x00, 0x00, 0x00, 0x00, 0x00, 0x00, 0x00,
    0x00, 0x00, 0x00, 0x00, 0x00, 0x00, 0x00,
    0x00, 0x00, 0x00, 0x00, 0x00, 0x00, 0x00,
    0x00, 0x00, 0x00, 0x00, 0x00, 0x00, 0x00,
    0x00, 0x00, 0x00, 0x00, 0x00, 0x00, 0x00,
    0x00, 0x00, 0x00, 0x00, 0x00, 0x00, 0x00,
    0x37, 0xEB, 0x19, 0x85, 0xB7, 0x00, 0x00,
    0x00, 0x8E, 0xB1, 0x07, 0xD6, 0x61, 0x00,
    0x00, 0x0A, 0xDC, 0x5B, 0x39, 0xED, 0x1B,
    0x00, 0x06, 0xD3, 0x68, 0x2F, 0xEF, 0x23,
    0x00, 0x86, 0xB9, 0x06, 0xD0, 0x69, 0x00,
    0x35, 0xEB, 0x1B, 0x82, 0xBA, 0x00, 0x00,
    0x00, 0x00, 0x00, 0x00, 0x00, 0x00, 0x00,
    0x00, 0x00, 0x00, 0x00, 0x00, 0x00, 0x00,
    0x00, 0x00, 0x00, 0x00, 0x00, 0x00, 0x00,
    0x00, 0x00, 0x00, 0x00, 0x00, 0x00, 0x00,
    0x00, 0x00, 0x00, 0x00, 0x00, 0x00, 0x00,

    /* Unicode: U+00BC */
    0x00, 0x00, 0x00, 0x00, 0x00, 0x00, 0x00, 0x00, 0x00, 0x00, 0x00, 0x00, 0x00, 0x00,
    0x00, 0x00, 0x00, 0x00, 0x00, 0x00, 0x00, 0x00, 0x00, 0x00, 0x00, 0x00, 0x00, 0x00,
    0x00, 0x00, 0x00, 0x00, 0x00, 0x00, 0x00, 0x00, 0x00, 0x00, 0x00, 0x00, 0x00, 0x00,
    0x00, 0x00, 0x00, 0x00, 0x00, 0x00, 0x00, 0x00, 0x00, 0x00, 0x00, 0x00, 0x00, 0x00,
    0xC0, 0xFF, 0xC0, 0x00, 0x00, 0x00, 0x00, 0x00, 0x4A, 0xC3, 0x02, 0x00, 0x00, 0x00,
    0x30, 0x6D, 0xC0, 0x00, 0x00, 0x00, 0x00, 0x10, 0xDA, 0x24, 0x00, 0x00, 0x00, 0x00,
    0x00, 0x3C, 0xC0, 0x00, 0x00, 0x00, 0x00, 0xA0, 0x6F, 0x00, 0x00, 0x00, 0x00, 0x00,
    0x00, 0x3C, 0xC0, 0x00, 0x00, 0x00, 0x4B, 0xC2, 0x02, 0x00, 0x00, 0x00, 0x00, 0x00,
    0x00, 0x3C, 0xC0, 0x00, 0x00, 0x10, 0xDA, 0x24, 0x00, 0x01, 0xBF, 0x55, 0x00, 0x00,
    0x06, 0x42, 0xC2, 0x08, 0x01, 0xA2, 0x6D, 0x00, 0x00, 0x6C, 0xAB, 0x00, 0x00, 0x00,
    0xDC, 0xFF, 0xFF, 0xFF, 0x7D, 0xC1, 0x01, 0x00, 0x22, 0xDE, 0x15, 0x72, 0x00, 0x00,
    0x30, 0x38, 0x38, 0x49, 0xE5, 0x22, 0x00, 0x01, 0xBF, 0x54, 0x00, 0xE4, 0x00, 0x00,
    0x00, 0x00, 0x00, 0xA3, 0x6C, 0x00, 0x00, 0x33, 0xEB, 0xDC, 0xDC, 0xFD, 0xDC, 0x14,
    0x00, 0x00, 0x4E, 0xBF, 0x01, 0x00, 0x00, 0x00, 0x00, 0x00, 0x00, 0xF8, 0x00, 0x00,
    0x00, 0x00, 0x00, 0x00, 0x00, 0x00, 0x00, 0x00, 0x00, 0x00, 0x00, 0x00, 0x00, 0x00,
    0x00, 0x00, 0x00, 0x00, 0x00, 0x00, 0x00, 0x00, 0x00, 0x00, 0x00, 0x00, 0x00, 0x00,
    0x00, 0x00, 0x00, 0x00, 0x00, 0x00, 0x00, 0x00, 0x00, 0x00, 0x00, 0x00, 0x00, 0x00,
    0x00, 0x00, 0x00, 0x00, 0x00, 0x00, 0x00, 0x00, 0x00, 0x00, 0x00, 0x00, 0x00, 0x00,

    /* Unicode: U+00BD */
    0x00, 0x00, 0x00, 0x00, 0x00, 0x00, 0x00, 0x00, 0x00, 0x00, 0x00, 0x00, 0x00,
    0x00, 0x00, 0x00, 0x00, 0x00, 0x00, 0x00, 0x00, 0x00, 0x00, 0x00, 0x00, 0x00,
    0x00, 0x00, 0x00, 0x00, 0x00, 0x00, 0x00, 0x00, 0x00, 0x00, 0x00, 0x00, 0x00,
    0x00, 0x00, 0x00, 0x00, 0x00, 0x00, 0x00, 0x00, 0x00, 0x00, 0x00, 0x00, 0x00,
    0xC0, 0xFF, 0xC0, 0x00, 0x00, 0x00, 0x00, 0x00, 0x4A, 0xC3, 0x02, 0x00, 0x00,
    0x30, 0x6D, 0xC0, 0x00, 0x00, 0x00, 0x00, 0x10, 0xDA, 0x24, 0x00, 0x00, 0x00,
    0x00, 0x3C, 0xC0, 0x00, 0x00, 0x00, 0x00, 0xA0, 0x6F, 0x00, 0x00, 0x00, 0x00,
    0x00, 0x3C, 0xC0, 0x00, 0x00, 0x00, 0x4B, 0xC2, 0x02, 0x00, 0x02, 0x00, 0x00,
    0x00, 0x3C, 0xC0, 0x00, 0x00, 0x10, 0xDA, 0x24, 0x67, 0xEB, 0xFB, 0xC3, 0x19,
    0x06, 0x42, 0xC2, 0x08, 0x01, 0xA2, 0x6D, 0x06, 0xA4, 0x55, 0x43, 0xC3, 0x6F,
    0xDC, 0xFF, 0xFF, 0xFF, 0x7D, 0xC1, 0x01, 0x00, 0x00, 0x00, 0x05, 0xAE, 0x28,
    0x30, 0x38, 0x38, 0x49, 0xE5, 0x22, 0x00, 0x00, 0x00, 0x1A, 0xA6, 0x31, 0x00,
    0x00, 0x00, 0x00, 0xA3, 0x6C, 0x00, 0x00, 0x00, 0x45, 0xD7, 0x58, 0x40, 0x31,
    0x00, 0x00, 0x4E, 0xBF, 0x01, 0x00, 0x00, 0x00, 0xE7, 0xFF, 0xFF, 0xFF, 0xC4,
    0x00, 0x00, 0x00, 0x00, 0x00, 0x00, 0x00, 0x00, 0x00, 0x00, 0x00, 0x00, 0x00,
    0x00, 0x00, 0x00, 0x00, 0x00, 0x00, 0x00, 0x00, 0x00, 0x00, 0x00, 0x00, 0x00,
    0x00, 0x00, 0x00, 0x00, 0x00, 0x00, 0x00, 0x00, 0x00, 0x00, 0x00, 0x00, 0x00,
    0x00, 0x00, 0x00, 0x00, 0x00, 0x00, 0x00, 0x00, 0x00, 0x00, 0x00, 0x00, 0x00,

    /* Unicode: U+00BE */
    0x00, 0x00, 0x00, 0x00, 0x00, 0x00, 0x00, 0x00, 0x00, 0x00, 0x00, 0x00, 0x00, 0x00, 0x00,
    0x00, 0x00, 0x00, 0x00, 0x00, 0x00, 0x00, 0x00, 0x00, 0x00, 0x00, 0x00, 0x00, 0x00, 0x00,
    0x00, 0x00, 0x00, 0x00, 0x00, 0x00, 0x00, 0x00, 0x00, 0x00, 0x00, 0x00, 0x00, 0x00, 0x00,
    0x00, 0x00, 0x00, 0x00, 0x00, 0x00, 0x00, 0x00, 0x00, 0x00, 0x00, 0x00, 0x00, 0x00, 0x00,
    0x70, 0xFF, 0xFF, 0xFF, 0xFF, 0x0B, 0x00, 0x00, 0x00, 0x4A, 0xC3, 0x02, 0x00, 0x00, 0x00,
    0x1C, 0x40, 0x40, 0xA6, 0xA0, 0x00, 0x00, 0x00, 0x10, 0xDA, 0x24, 0x00, 0x00, 0x00, 0x00,
    0x00, 0x00, 0x46, 0xC9, 0x08, 0x00, 0x00, 0x00, 0xA0, 0x6F, 0x00, 0x00, 0x00, 0x00, 0x00,
    0x00, 0x00, 0xAA, 0xDF, 0x89, 0x00, 0x00, 0x4B, 0xC2, 0x02, 0x00, 0x00, 0x00, 0x00, 0x00,
    0x00, 0x00, 0x00, 0x06, 0xC9, 0x37, 0x10, 0xDA, 0x24, 0x00, 0x01, 0xBF, 0x55, 0x00, 0x00,
    0x41, 0x4F, 0x14, 0x26, 0xDB, 0x3D, 0xA2, 0x6D, 0x00, 0x00, 0x6C, 0xAB, 0x00, 0x00, 0x00,
    0x49, 0xEC, 0xFF, 0xFF, 0xAA, 0x4E, 0xC1, 0x01, 0x00, 0x22, 0xDE, 0x15, 0x72, 0x00, 0x00,
    0x00, 0x06, 0x2F, 0x1E, 0x11, 0xDB, 0x22, 0x00, 0x01, 0xBF, 0x54, 0x00, 0xE4, 0x00, 0x00,
    0x00, 0x00, 0x00, 0x00, 0xA3, 0x6C, 0x00, 0x00, 0x33, 0xEB, 0xDC, 0xDC, 0xFD, 0xDC, 0x14,
    0x00, 0x00, 0x00, 0x4E, 0xBF, 0x01, 0x00, 0x00, 0x00, 0x00, 0x00, 0x00, 0xF8, 0x00, 0x00,
    0x00, 0x00, 0x00, 0x00, 0x00, 0x00, 0x00, 0x00, 0x00, 0x00, 0x00, 0x00, 0x00, 0x00, 0x00,
    0x00, 0x00, 0x00, 0x00, 0x00, 0x00, 0x00, 0x00, 0x00, 0x00, 0x00, 0x00, 0x00, 0x00, 0x00,
    0x00, 0x00, 0x00, 0x00, 0x00, 0x00, 0x00, 0x00, 0x00, 0x00, 0x00, 0x00, 0x00, 0x00, 0x00,
    0x00, 0x00, 0x00, 0x00, 0x00, 0x00, 0x00, 0x00, 0x00, 0x00, 0x00, 0x00, 0x00, 0x00, 0x00,

    /* Unicode: U+00BF */
    0x00, 0x00, 0x00, 0x00, 0x00, 0x00, 0x00, 0x00,
    0x00, 0x00, 0x00, 0x00, 0x00, 0x00, 0x00, 0x00,
    0x00, 0x00, 0x00, 0x00, 0x00, 0x00, 0x00, 0x00,
    0x00, 0x00, 0x00, 0x00, 0x00, 0x00, 0x00, 0x00,
    0x00, 0x00, 0x00, 0x00, 0x00, 0x00, 0x00, 0x00,
    0x00, 0x00, 0x00, 0x00, 0x00, 0x00, 0x00, 0x00,
    0x00, 0x00, 0x00, 0x8F, 0xD5, 0x01, 0x00, 0x00,
    0x00, 0x00, 0x00, 0x7F, 0xBF, 0x01, 0x00, 0x00,
    0x00, 0x00, 0x00, 0x00, 0x00, 0x00, 0x00, 0x00,
    0x00, 0x00, 0x00, 0x69, 0x83, 0x00, 0x00, 0x00,
    0x00, 0x00, 0x1C, 0xE9, 0x7F, 0x00, 0x00, 0x00,
    0x00, 0x1C, 0xDD, 0xAF, 0x06, 0x00, 0x00, 0x00,
    0x00, 0xB8, 0xBF, 0x04, 0x00, 0x00, 0x00, 0x00,
    0x01, 0xF8, 0x68, 0x00, 0x00, 0x00, 0x07, 0x00,
    0x00, 0xD7, 0xD1, 0x34, 0x12, 0x3C, 0xC7, 0x93,
    0x00, 0x34, 0xD8, 0xFF, 0xFF, 0xFD, 0xB5, 0x1E,
    0x00, 0x00, 0x01, 0x20, 0x30, 0x12, 0x00, 0x00,
    0x00, 0x00, 0x00, 0x00, 0x00, 0x00, 0x00, 0x00,

    /* Unicode: U+00C0 */
    0x00, 0x00, 0x00, 0x00, 0x00, 0x00, 0x00, 0x00, 0x00, 0x00, 0x00, 0x00,
    0x00, 0x00, 0x00, 0x14, 0xC4, 0xB9, 0x06, 0x00, 0x00, 0x00, 0x00, 0x00,
    0x00, 0x00, 0x00, 0x00, 0x07, 0xA3, 0xAE, 0x03, 0x00, 0x00, 0x00, 0x00,
    0x00, 0x00, 0x00, 0x00, 0x00, 0x00, 0x00, 0x00, 0x00, 0x00, 0x00, 0x00,
    0x00, 0x00, 0x00, 0x00, 0x00, 0xCD, 0xF5, 0x12, 0x00, 0x00, 0x00, 0x00,
    0x00, 0x00, 0x00, 0x00, 0x3F, 0xF9, 0xDF, 0x7A, 0x00, 0x00, 0x00, 0x00,
    0x00, 0x00, 0x00, 0x00, 0xB0, 0x9C, 0x65, 0xE6, 0x06, 0x00, 0x00, 0x00,
    0x00, 0x00, 0x00, 0x24, 0xFB, 0x28, 0x07, 0xE7, 0x5E, 0x00, 0x00, 0x00,
    0x00, 0x00, 0x00, 0x94, 0xB0, 0x00, 0x00, 0x79, 0xD0, 0x00, 0x00, 0x00,
    0x00, 0x00, 0x10, 0xF4, 0x3A, 0x00, 0x00, 0x10, 0xF2, 0x42, 0x00, 0x00,
    0x00, 0x00, 0x77, 0xFF, 0xFF, 0xFF, 0xFF, 0xFF, 0xFF, 0xB4, 0x00, 0x00,
    0x00, 0x04, 0xE3, 0x77, 0x30, 0x30, 0x30, 0x30, 0x4A, 0xFE, 0x27, 0x00,
    0x00, 0x5A, 0xF3, 0x0B, 0x00, 0x00, 0x00, 0x00, 0x00, 0xC8, 0x98, 0x00,
    0x00, 0xCB, 0x9D, 0x00, 0x00, 0x00, 0x00, 0x00, 0x00, 0x65, 0xF6, 0x14,
    0x00, 0x00, 0x00, 0x00, 0x00, 0x00, 0x00, 0x00, 0x00, 0x00, 0x00, 0x00,
    0x00, 0x00, 0x00, 0x00, 0x00, 0x00, 0x00, 0x00, 0x00, 0x00, 0x00, 0x00,
    0x00, 0x00, 0x00, 0x00, 0x00, 0x00, 0x00, 0x00, 0x00, 0x00, 0x00, 0x00,
    0x00, 0x00, 0x00, 0x00, 0x00, 0x00, 0x00, 0x00, 0x00, 0x00, 0x00, 0x00,

    /* Unicode: U+00C1 */
    0x00, 0x00, 0x00, 0x00, 0x00, 0x00, 0x00, 0x00, 0x00, 0x00, 0x00, 0x00,
    0x00, 0x00, 0x00, 0x00, 0x00, 0x00, 0x7F, 0xE6, 0x33, 0x00, 0x00, 0x00,
    0x00, 0x00, 0x00, 0x00, 0x00, 0x71, 0xD0, 0x1C, 0x00, 0x00, 0x00, 0x00,
    0x00, 0x00, 0x00, 0x00, 0x00, 0x00, 0x00, 0x00, 0x00, 0x00, 0x00, 0x00,
    0x00, 0x00, 0x00, 0x00, 0x00, 0xCD, 0xF5, 0x12, 0x00, 0x00, 0x00, 0x00,
    0x00, 0x00, 0x00, 0x00, 0x3F, 0xF9, 0xDF, 0x7A, 0x00, 0x00, 0x00, 0x00,
    0x00, 0x00, 0x00, 0x00, 0xB0, 0x9C, 0x65, 0xE6, 0x06, 0x00, 0x00, 0x00,
    0x00, 0x00, 0x00, 0x24, 0xFB, 0x28, 0x07, 0xE7, 0x5E, 0x00, 0x00, 0x00,
    0x00, 0x00, 0x00, 0x94, 0xB0, 0x00, 0x00, 0x79, 0xD0, 0x00, 0x00, 0x00,
    0x00, 0x00, 0x10, 0xF4, 0x3A, 0x00, 0x00, 0x10, 0xF2, 0x42, 0x00, 0x00,
    0x00, 0x00, 0x77, 0xFF, 0xFF, 0xFF, 0xFF, 0xFF, 0xFF, 0xB4, 0x00, 0x00,
    0x00, 0x04, 0xE3, 0x77, 0x30, 0x30, 0x30, 0x30, 0x4A, 0xFE, 0x27, 0x00,
    0x00, 0x5A, 0xF3, 0x0B, 0x00, 0x00, 0x00, 0x00, 0x00, 0xC8, 0x98, 0x00,
    0x00, 0xCB, 0x9D, 0x00, 0x00, 0x00, 0x00, 0x00, 0x00, 0x65, 0xF6, 0x14,
    0x00, 0x00, 0x00, 0x00, 0x00, 0x00, 0x00, 0x00, 0x00, 0x00, 0x00, 0x00,
    0x00, 0x00, 0x00, 0x00, 0x00, 0x00, 0x00, 0x00, 0x00, 0x00, 0x00, 0x00,
    0x00, 0x00, 0x00, 0x00, 0x00, 0x00, 0x00, 0x00, 0x00, 0x00, 0x00, 0x00,
    0x00, 0x00, 0x00, 0x00, 0x00, 0x00, 0x00, 0x00, 0x00, 0x00, 0x00, 0x00,

    /* Unicode: U+00C2 */
    0x00, 0x00, 0x00, 0x00, 0x00, 0x00, 0x00, 0x00, 0x00, 0x00, 0x00, 0x00,
    0x00, 0x00, 0x00, 0x00, 0x1B, 0xDF, 0xF0, 0x42, 0x00, 0x00, 0x00, 0x00,
    0x00, 0x00, 0x00, 0x13, 0xD3, 0x66, 0x36, 0xDF, 0x37, 0x00, 0x00, 0x00,
    0x00, 0x00, 0x00, 0x00, 0x00, 0x00, 0x00, 0x00, 0x00, 0x00, 0x00, 0x00,
    0x00, 0x00, 0x00, 0x00, 0x00, 0xCD, 0xF5, 0x12, 0x00, 0x00, 0x00, 0x00,
    0x00, 0x00, 0x00, 0x00, 0x3F, 0xF9, 0xDF, 0x7A, 0x00, 0x00, 0x00, 0x00,
    0x00, 0x00, 0x00, 0x00, 0xB0, 0x9C, 0x65, 0xE6, 0x06, 0x00, 0x00, 0x00,
    0x00, 0x00, 0x00, 0x24, 0xFB, 0x28, 0x07, 0xE7, 0x5E, 0x00, 0x00, 0x00,
    0x00, 0x00, 0x00, 0x94, 0xB0, 0x00, 0x00, 0x79, 0xD0, 0x00, 0x00, 0x00,
    0x00, 0x00, 0x10, 0xF4, 0x3A, 0x00, 0x00, 0x10, 0xF2, 0x42, 0x00, 0x00,
    0x00, 0x00, 0x77, 0xFF, 0xFF, 0xFF, 0xFF, 0xFF, 0xFF, 0xB4, 0x00, 0x00,
    0x00, 0x04, 0xE3, 0x77, 0x30, 0x30, 0x30, 0x30, 0x4A, 0xFE, 0x27, 0x00,
    0x00, 0x5A, 0xF3, 0x0B, 0x00, 0x00, 0x00, 0x00, 0x00, 0xC8, 0x98, 0x00,
    0x00, 0xCB, 0x9D, 0x00, 0x00, 0x00, 0x00, 0x00, 0x00, 0x65, 0xF6, 0x14,
    0x00, 0x00, 0x00, 0x00, 0x00, 0x00, 0x00, 0x00, 0x00, 0x00, 0x00, 0x00,
    0x00, 0x00, 0x00, 0x00, 0x00, 0x00, 0x00, 0x00, 0x00, 0x00, 0x00, 0x00,
    0x00, 0x00, 0x00, 0x00, 0x00, 0x00, 0x00, 0x00, 0x00, 0x00, 0x00, 0x00,
    0x00, 0x00, 0x00, 0x00, 0x00, 0x00, 0x00, 0x00, 0x00, 0x00, 0x00, 0x00,

    /* Unicode: U+00C3 */
    0x00, 0x00, 0x00, 0x00, 0x00, 0x00, 0x00, 0x02, 0x03, 0x00, 0x00, 0x00,
    0x00, 0x00, 0x00, 0x00, 0xB0, 0xE8, 0x50, 0x7C, 0x69, 0x00, 0x00, 0x00,
    0x00, 0x00, 0x00, 0x20, 0xB9, 0x28, 0xE3, 0xF4, 0x1F, 0x00, 0x00, 0x00,
    0x00, 0x00, 0x00, 0x0B, 0x1F, 0x00, 0x0D, 0x19, 0x00, 0x00, 0x00, 0x00,
    0x00, 0x00, 0x00, 0x00, 0x00, 0xCD, 0xF5, 0x12, 0x00, 0x00, 0x00, 0x00,
    0x00, 0x00, 0x00, 0x00, 0x3F, 0xF9, 0xDF, 0x7A, 0x00, 0x00, 0x00, 0x00,
    0x00, 0x00, 0x00, 0x00, 0xB0, 0x9C, 0x65, 0xE6, 0x06, 0x00, 0x00, 0x00,
    0x00, 0x00, 0x00, 0x24, 0xFB, 0x28, 0x07, 0xE7, 0x5E, 0x00, 0x00, 0x00,
    0x00, 0x00, 0x00, 0x94, 0xB0, 0x00, 0x00, 0x79, 0xD0, 0x00, 0x00, 0x00,
    0x00, 0x00, 0x10, 0xF4, 0x3A, 0x00, 0x00, 0x10, 0xF2, 0x42, 0x00, 0x00,
    0x00, 0x00, 0x77, 0xFF, 0xFF, 0xFF, 0xFF, 0xFF, 0xFF, 0xB4, 0x00, 0x00,
    0x00, 0x04, 0xE3, 0x77, 0x30, 0x30, 0x30, 0x30, 0x4A, 0xFE, 0x27, 0x00,
    0x00, 0x5A, 0xF3, 0x0B, 0x00, 0x00, 0x00, 0x00, 0x00, 0xC8, 0x98, 0x00,
    0x00, 0xCB, 0x9D, 0x00, 0x00, 0x00, 0x00, 0x00, 0x00, 0x65, 0xF6, 0x14,
    0x00, 0x00, 0x00, 0x00, 0x00, 0x00, 0x00, 0x00, 0x00, 0x00, 0x00, 0x00,
    0x00, 0x00, 0x00, 0x00, 0x00, 0x00, 0x00, 0x00, 0x00, 0x00, 0x00, 0x00,
    0x00, 0x00, 0x00, 0x00, 0x00, 0x00, 0x00, 0x00, 0x00, 0x00, 0x00, 0x00,
    0x00, 0x00, 0x00, 0x00, 0x00, 0x00, 0x00, 0x00, 0x00, 0x00, 0x00, 0x00,

    /* Unicode: U+00C4 */
    0x00, 0x00, 0x00, 0x00, 0x00, 0x00, 0x00, 0x00, 0x00, 0x00, 0x00, 0x00,
    0x00, 0x00, 0x00, 0x00, 0xBE, 0x64, 0x28, 0xEC, 0x0A, 0x00, 0x00, 0x00,
    0x00, 0x00, 0x00, 0x00, 0x1A, 0x08, 0x01, 0x20, 0x00, 0x00, 0x00, 0x00,
    0x00, 0x00, 0x00, 0x00, 0x00, 0x00, 0x00, 0x00, 0x00, 0x00, 0x00, 0x00,
    0x00, 0x00, 0x00, 0x00, 0x00, 0xCD, 0xF5, 0x12, 0x00, 0x00, 0x00, 0x00,
    0x00, 0x00, 0x00, 0x00, 0x3F, 0xF9, 0xDF, 0x7A, 0x00, 0x00, 0x00, 0x00,
    0x00, 0x00, 0x00, 0x00, 0xB0, 0x9C, 0x65, 0xE6, 0x06, 0x00, 0x00, 0x00,
    0x00, 0x00, 0x00, 0x24, 0xFB, 0x28, 0x07, 0xE7, 0x5E, 0x00, 0x00, 0x00,
    0x00, 0x00, 0x00, 0x94, 0xB0, 0x00, 0x00, 0x79, 0xD0, 0x00, 0x00, 0x00,
    0x00, 0x00, 0x10, 0xF4, 0x3A, 0x00, 0x00, 0x10, 0xF2, 0x42, 0x00, 0x00,
    0x00, 0x00, 0x77, 0xFF, 0xFF, 0xFF, 0xFF, 0xFF, 0xFF, 0xB4, 0x00, 0x00,
    0x00, 0x04, 0xE3, 0x77, 0x30, 0x30, 0x30, 0x30, 0x4A, 0xFE, 0x27, 0x00,
    0x00, 0x5A, 0xF3, 0x0B, 0x00, 0x00, 0x00, 0x00, 0x00, 0xC8, 0x98, 0x00,
    0x00, 0xCB, 0x9D, 0x00, 0x00, 0x00, 0x00, 0x00, 0x00, 0x65, 0xF6, 0x14,
    0x00, 0x00, 0x00, 0x00, 0x00, 0x00, 0x00, 0x00, 0x00, 0x00, 0x00, 0x00,
    0x00, 0x00, 0x00, 0x00, 0x00, 0x00, 0x00, 0x00, 0x00, 0x00, 0x00, 0x00,
    0x00, 0x00, 0x00, 0x00, 0x00, 0x00, 0x00, 0x00, 0x00, 0x00, 0x00, 0x00,
    0x00, 0x00, 0x00, 0x00, 0x00, 0x00, 0x00, 0x00, 0x00, 0x00, 0x00, 0x00,

    /* Unicode: U+00C5 */
    0x00, 0x00, 0x00, 0x00, 0x00, 0x00, 0x01, 0x00, 0x00, 0x00, 0x00, 0x00,
    0x00, 0x00, 0x00, 0x00, 0x15, 0xD6, 0xEC, 0x3B, 0x00, 0x00, 0x00, 0x00,
    0x00, 0x00, 0x00, 0x00, 0x60, 0x97, 0x69, 0x9E, 0x00, 0x00, 0x00, 0x00,
    0x00, 0x00, 0x00, 0x00, 0x27, 0xF3, 0xFE, 0x5A, 0x00, 0x00, 0x00, 0x00,
    0x00, 0x00, 0x00, 0x00, 0x00, 0x14, 0x20, 0x00, 0x00, 0x00, 0x00, 0x00,
    0x00, 0x00, 0x00, 0x00, 0x00, 0xCD, 0xF5, 0x12, 0x00, 0x00, 0x00, 0x00,
    0x00, 0x00, 0x00, 0x00, 0x3F, 0xF9, 0xDF, 0x7A, 0x00, 0x00, 0x00, 0x00,
    0x00, 0x00, 0x00, 0x00, 0xB0, 0x9C, 0x65, 0xE6, 0x06, 0x00, 0x00, 0x00,
    0x00, 0x00, 0x00, 0x24, 0xFB, 0x28, 0x07, 0xE7, 0x5E, 0x00, 0x00, 0x00,
    0x00, 0x00, 0x00, 0x94, 0xB0, 0x00, 0x00, 0x79, 0xD0, 0x00, 0x00, 0x00,
    0x00, 0x00, 0x10, 0xF4, 0x3A, 0x00, 0x00, 0x10, 0xF2, 0x42, 0x00, 0x00,
    0x00, 0x00, 0x77, 0xFF, 0xFF, 0xFF, 0xFF, 0xFF, 0xFF, 0xB4, 0x00, 0x00,
    0x00, 0x04, 0xE3, 0x77, 0x30, 0x30, 0x30, 0x30, 0x4A, 0xFE, 0x27, 0x00,
    0x00, 0x5A, 0xF3, 0x0B, 0x00, 0x00, 0x00, 0x00, 0x00, 0xC8, 0x98, 0x00,
    0x00, 0xCB, 0x9D, 0x00, 0x00, 0x00, 0x00, 0x00, 0x00, 0x65, 0xF6, 0x14,
    0x00, 0x00, 0x00, 0x00, 0x00, 0x00, 0x00, 0x00, 0x00, 0x00, 0x00, 0x00,
    0x00, 0x00, 0x00, 0x00, 0x00, 0x00, 0x00, 0x00, 0x00, 0x00, 0x00, 0x00,
    0x00, 0x00, 0x00, 0x00, 0x00, 0x00, 0x00, 0x00, 0x00, 0x00, 0x00, 0x00,

    /* Unicode: U+00C6 */
    0x00, 0x00, 0x00, 0x00, 0x00, 0x00, 0x00, 0x00, 0x00, 0x00, 0x00, 0x00, 0x00, 0x00, 0x00,
    0x00, 0x00, 0x00, 0x00, 0x00, 0x00, 0x00, 0x00, 0x00, 0x00, 0x00, 0x00, 0x00, 0x00, 0x00,
    0x00, 0x00, 0x00, 0x00, 0x00, 0x00, 0x00, 0x00, 0x00, 0x00, 0x00, 0x00, 0x00, 0x00, 0x00,
    0x00, 0x00, 0x00, 0x00, 0x00, 0x00, 0x00, 0x00, 0x00, 0x00, 0x00, 0x00, 0x00, 0x00, 0x00,
    0x00, 0x00, 0x00, 0x00, 0x00, 0x00, 0x77, 0xFF, 0xFF, 0xFF, 0xFF, 0xFF, 0xFF, 0xFF, 0xAC,
    0x00, 0x00, 0x00, 0x00, 0x00, 0x19, 0xF3, 0x9C, 0xFF, 0x5B, 0x40, 0x40, 0x40, 0x40, 0x2B,
    0x00, 0x00, 0x00, 0x00, 0x00, 0xA2, 0xB3, 0x3C, 0xFF, 0x24, 0x00, 0x00, 0x00, 0x00, 0x00,
    0x00, 0x00, 0x00, 0x00, 0x39, 0xF3, 0x1E, 0x3C, 0xFF, 0x2A, 0x08, 0x08, 0x08, 0x08, 0x00,
    0x00, 0x00, 0x00, 0x02, 0xCB, 0x73, 0x00, 0x3C, 0xFF, 0xFF, 0xFF, 0xFF, 0xFF, 0xFF, 0x10,
    0x00, 0x00, 0x00, 0x63, 0xD3, 0x0B, 0x08, 0x42, 0xFF, 0x54, 0x38, 0x38, 0x38, 0x38, 0x03,
    0x00, 0x00, 0x0F, 0xE9, 0xFF, 0xFF, 0xFF, 0xFF, 0xFF, 0x24, 0x00, 0x00, 0x00, 0x00, 0x00,
    0x00, 0x00, 0x8E, 0xBD, 0x38, 0x38, 0x38, 0x66, 0xFF, 0x24, 0x00, 0x00, 0x00, 0x00, 0x00,
    0x00, 0x28, 0xFA, 0x35, 0x00, 0x00, 0x00, 0x3C, 0xFF, 0x5B, 0x40, 0x40, 0x40, 0x40, 0x38,
    0x00, 0xB9, 0xAE, 0x00, 0x00, 0x00, 0x00, 0x3C, 0xFF, 0xFF, 0xFF, 0xFF, 0xFF, 0xFF, 0xE0,
    0x00, 0x00, 0x00, 0x00, 0x00, 0x00, 0x00, 0x00, 0x00, 0x00, 0x00, 0x00, 0x00, 0x00, 0x00,
    0x00, 0x00, 0x00, 0x00, 0x00, 0x00, 0x00, 0x00, 0x00, 0x00, 0x00, 0x00, 0x00, 0x00, 0x00,
    0x00, 0x00, 0x00, 0x00, 0x00, 0x00, 0x00, 0x00, 0x00, 0x00, 0x00, 0x00, 0x00, 0x00, 0x00,
    0x00, 0x00, 0x00, 0x00, 0x00, 0x00, 0x00, 0x00, 0x00, 0x00, 0x00, 0x00, 0x00, 0x00, 0x00,

    /* Unicode: U+00C7 */
    0x00, 0x00, 0x00, 0x00, 0x00, 0x00, 0x00, 0x00, 0x00, 0x00,
    0x00, 0x00, 0x00, 0x00, 0x00, 0x00, 0x00, 0x00, 0x00, 0x00,
    0x00, 0x00, 0x00, 0x00, 0x00, 0x00, 0x00, 0x00, 0x00, 0x00,
    0x00, 0x00, 0x00, 0x00, 0x00, 0x00, 0x00, 0x00, 0x00, 0x00,
    0x00, 0x00, 0x06, 0x73, 0xCF, 0xF4, 0xF0, 0xBC, 0x48, 0x00,
    0x00, 0x0F, 0xCD, 0xEF, 0x85, 0x4C, 0x50, 0x9F, 0xFD, 0x50,
    0x00, 0xA5, 0xE8, 0x21, 0x00, 0x00, 0x00, 0x00, 0x3B, 0x04,
    0x18, 0xFC, 0x65, 0x00, 0x00, 0x00, 0x00, 0x00, 0x00, 0x00,
    0x44, 0xFF, 0x23, 0x00, 0x00, 0x00, 0x00, 0x00, 0x00, 0x00,
    0x45, 0xFF, 0x22, 0x00, 0x00, 0x00, 0x00, 0x00, 0x00, 0x00,
    0x18, 0xFC, 0x65, 0x00, 0x00, 0x00, 0x00, 0x00, 0x00, 0x00,
    0x00, 0xA5, 0xE8, 0x21, 0x00, 0x00, 0x00, 0x00, 0x2D, 0x01,
    0x00, 0x10, 0xCF, 0xEF, 0x84, 0x4C, 0x4F, 0x99, 0xFB, 0x52,
    0x00, 0x00, 0x08, 0x79, 0xD2, 0xFB, 0xF1, 0xBE, 0x4F, 0x00,
    0x00, 0x00, 0x00, 0x00, 0x01, 0xD3, 0x16, 0x00, 0x00, 0x00,
    0x00, 0x00, 0x00, 0x00, 0x1A, 0x5E, 0xE2, 0x00, 0x00, 0x00,
    0x00, 0x00, 0x00, 0x00, 0xD3, 0xFF, 0xC7, 0x00, 0x00, 0x00,
    0x00, 0x00, 0x00, 0x00, 0x0F, 0x2E, 0x04, 0x00, 0x00, 0x00,

    /* Unicode: U+00C8 */
    0x00, 0x00, 0x00, 0x00, 0x00, 0x00, 0x00, 0x00,
    0x00, 0x2A, 0xDE, 0x90, 0x00, 0x00, 0x00, 0x00,
    0x00, 0x00, 0x15, 0xC5, 0x82, 0x00, 0x00, 0x00,
    0x00, 0x00, 0x00, 0x00, 0x00, 0x00, 0x00, 0x00,
    0x88, 0xFF, 0xFF, 0xFF, 0xFF, 0xFF, 0xFF, 0x64,
    0x88, 0xE8, 0x40, 0x40, 0x40, 0x40, 0x40, 0x19,
    0x88, 0xE0, 0x00, 0x00, 0x00, 0x00, 0x00, 0x00,
    0x88, 0xE1, 0x08, 0x08, 0x08, 0x08, 0x06, 0x00,
    0x88, 0xFF, 0xFF, 0xFF, 0xFF, 0xFF, 0xC8, 0x00,
    0x88, 0xE7, 0x38, 0x38, 0x38, 0x38, 0x2B, 0x00,
    0x88, 0xE0, 0x00, 0x00, 0x00, 0x00, 0x00, 0x00,
    0x88, 0xE0, 0x00, 0x00, 0x00, 0x00, 0x00, 0x00,
    0x88, 0xE8, 0x40, 0x40, 0x40, 0x40, 0x40, 0x25,
    0x88, 0xFF, 0xFF, 0xFF, 0xFF, 0xFF, 0xFF, 0x94,
    0x00, 0x00, 0x00, 0x00, 0x00, 0x00, 0x00, 0x00,
    0x00, 0x00, 0x00, 0x00, 0x00, 0x00, 0x00, 0x00,
    0x00, 0x00, 0x00, 0x00, 0x00, 0x00, 0x00, 0x00,
    0x00, 0x00, 0x00, 0x00, 0x00, 0x00, 0x00, 0x00,

    /* Unicode: U+00C9 */
    0x00, 0x00, 0x00, 0x00, 0x00, 0x00, 0x00, 0x00,
    0x00, 0x00, 0x00, 0x03, 0xAA, 0xCE, 0x1B, 0x00,
    0x00, 0x00, 0x01, 0xA0, 0xB2, 0x0B, 0x00, 0x00,
    0x00, 0x00, 0x00, 0x00, 0x00, 0x00, 0x00, 0x00,
    0x88, 0xFF, 0xFF, 0xFF, 0xFF, 0xFF, 0xFF, 0x64,
    0x88, 0xE8, 0x40, 0x40, 0x40, 0x40, 0x40, 0x19,
    0x88, 0xE0, 0x00, 0x00, 0x00, 0x00, 0x00, 0x00,
    0x88, 0xE1, 0x08, 0x08, 0x08, 0x08, 0x06, 0x00,
    0x88, 0xFF, 0xFF, 0xFF, 0xFF, 0xFF, 0xC8, 0x00,
    0x88, 0xE7, 0x38, 0x38, 0x38, 0x38, 0x2B, 0x00,
    0x88, 0xE0, 0x00, 0x00, 0x00, 0x00, 0x00, 0x00,
    0x88, 0xE0, 0x00, 0x00, 0x00, 0x00, 0x00, 0x00,
    0x88, 0xE8, 0x40, 0x40, 0x40, 0x40, 0x40, 0x25,
    0x88, 0xFF, 0xFF, 0xFF, 0xFF, 0xFF, 0xFF, 0x94,
    0x00, 0x00, 0x00, 0x00, 0x00, 0x00, 0x00, 0x00,
    0x00, 0x00, 0x00, 0x00, 0x00, 0x00, 0x00, 0x00,
    0x00, 0x00, 0x00, 0x00, 0x00, 0x00, 0x00, 0x00,
    0x00, 0x00, 0x00, 0x00, 0x00, 0x00, 0x00, 0x00,

    /* Unicode: U+00CA */
    0x00, 0x00, 0x00, 0x00, 0x00, 0x00, 0x00, 0x00,
    0x00, 0x00, 0x37, 0xED, 0xE5, 0x23, 0x00, 0x00,
    0x00, 0x2B, 0xDF, 0x41, 0x58, 0xD9, 0x1B, 0x00,
    0x00, 0x00, 0x00, 0x00, 0x00, 0x00, 0x00, 0x00,
    0x88, 0xFF, 0xFF, 0xFF, 0xFF, 0xFF, 0xFF, 0x64,
    0x88, 0xE8, 0x40, 0x40, 0x40, 0x40, 0x40, 0x19,
    0x88, 0xE0, 0x00, 0x00, 0x00, 0x00, 0x00, 0x00,
    0x88, 0xE1, 0x08, 0x08, 0x08, 0x08, 0x06, 0x00,
    0x88, 0xFF, 0xFF, 0xFF, 0xFF, 0xFF, 0xC8, 0x00,
    0x88, 0xE7, 0x38, 0x38, 0x38, 0x38, 0x2B, 0x00,
    0x88, 0xE0, 0x00, 0x00, 0x00, 0x00, 0x00, 0x00,
    0x88, 0xE0, 0x00, 0x00, 0x00, 0x00, 0x00, 0x00,
    0x88, 0xE8, 0x40, 0x40, 0x40, 0x40, 0x40, 0x25,
    0x88, 0xFF, 0xFF, 0xFF, 0xFF, 0xFF, 0xFF, 0x94,
    0x00, 0x00, 0x00, 0x00, 0x00, 0x00, 0x00, 0x00,
    0x00, 0x00, 0x00, 0x00, 0x00, 0x00, 0x00, 0x00,
    0x00, 0x00, 0x00, 0x00, 0x00, 0x00, 0x00, 0x00,
    0x00, 0x00, 0x00, 0x00, 0x00, 0x00, 0x00, 0x00,

    /* Unicode: U+00CB */
    0x00, 0x00, 0x00, 0x00, 0x00, 0x00, 0x00, 0x00,
    0x00, 0x03, 0xE7, 0x37, 0x53, 0xCB, 0x00, 0x00,
    0x00, 0x00, 0x20, 0x02, 0x06, 0x1B, 0x00, 0x00,
    0x00, 0x00, 0x00, 0x00, 0x00, 0x00, 0x00, 0x00,
    0x88, 0xFF, 0xFF, 0xFF, 0xFF, 0xFF, 0xFF, 0x64,
    0x88, 0xE8, 0x40, 0x40, 0x40, 0x40, 0x40, 0x19,
    0x88, 0xE0, 0x00, 0x00, 0x00, 0x00, 0x00, 0x00,
    0x88, 0xE1, 0x08, 0x08, 0x08, 0x08, 0x06, 0x00,
    0x88, 0xFF, 0xFF, 0xFF, 0xFF, 0xFF, 0xC8, 0x00,
    0x88, 0xE7, 0x38, 0x38, 0x38, 0x38, 0x2B, 0x00,
    0x88, 0xE0, 0x00, 0x00, 0x00, 0x00, 0x00, 0x00,
    0x88, 0xE0, 0x00, 0x00, 0x00, 0x00, 0x00, 0x00,
    0x88, 0xE8, 0x40, 0x40, 0x40, 0x40, 0x40, 0x25,
    0x88, 0xFF, 0xFF, 0xFF, 0xFF, 0xFF, 0xFF, 0x94,
    0x00, 0x00, 0x00, 0x00, 0x00, 0x00, 0x00, 0x00,
    0x00, 0x00, 0x00, 0x00, 0x00, 0x00, 0x00, 0x00,
    0x00, 0x00, 0x00, 0x00, 0x00, 0x00, 0x00, 0x00,
    0x00, 0x00, 0x00, 0x00, 0x00, 0x00, 0x00, 0x00,

    /* Unicode: U+00CC */
    0x00, 0x00, 0x00, 0x00, 0x00,
    0x10, 0xBC, 0xC2, 0x09, 0x00,
    0x00, 0x04, 0x9A, 0xB8, 0x06,
    0x00, 0x00, 0x00, 0x00, 0x00,
    0x00, 0x00, 0x88, 0xE0, 0x00,
    0x00, 0x00, 0x88, 0xE0, 0x00,
    0x00, 0x00, 0x88, 0xE0, 0x00,
    0x00, 0x00, 0x88, 0xE0, 0x00,
    0x00, 0x00, 0x88, 0xE0, 0x00,
    0x00, 0x00, 0x88, 0xE0, 0x00,
    0x00, 0x00, 0x88, 0xE0, 0x00,
    0x00, 0x00, 0x88, 0xE0, 0x00,
    0x00, 0x00, 0x88, 0xE0, 0x00,
    0x00, 0x00, 0x88, 0xE0, 0x00,
    0x00, 0x00, 0x00, 0x00, 0x00,
    0x00, 0x00, 0x00, 0x00, 0x00,
    0x00, 0x00, 0x00, 0x00, 0x00,
    0x00, 0x00, 0x00, 0x00, 0x00,

    /* Unicode: U+00CD */
    0x00, 0x00, 0x00, 0x00,
    0x00, 0x72, 0xEA, 0x3A,
    0x66, 0xD6, 0x22, 0x00,
    0x00, 0x00, 0x00, 0x00,
    0x88, 0xE0, 0x00, 0x00,
    0x88, 0xE0, 0x00, 0x00,
    0x88, 0xE0, 0x00, 0x00,
    0x88, 0xE0, 0x00, 0x00,
    0x88, 0xE0, 0x00, 0x00,
    0x88, 0xE0, 0x00, 0x00,
    0x88, 0xE0, 0x00, 0x00,
    0x88, 0xE0, 0x00, 0x00,
    0x88, 0xE0, 0x00, 0x00,
    0x88, 0xE0, 0x00, 0x00,
    0x00, 0x00, 0x00, 0x00,
    0x00, 0x00, 0x00, 0x00,
    0x00, 0x00, 0x00, 0x00,
    0x00, 0x00, 0x00, 0x00,

    /* Unicode: U+00CE */
    0x00, 0x00, 0x00, 0x00, 0x00, 0x00,
    0x00, 0x15, 0xD9, 0xF2, 0x4C, 0x00,
    0x0E, 0xCD, 0x71, 0x2F, 0xDD, 0x40,
    0x00, 0x00, 0x00, 0x00, 0x00, 0x00,
    0x00, 0x00, 0x88, 0xE0, 0x00, 0x00,
    0x00, 0x00, 0x88, 0xE0, 0x00, 0x00,
    0x00, 0x00, 0x88, 0xE0, 0x00, 0x00,
    0x00, 0x00, 0x88, 0xE0, 0x00, 0x00,
    0x00, 0x00, 0x88, 0xE0, 0x00, 0x00,
    0x00, 0x00, 0x88, 0xE0, 0x00, 0x00,
    0x00, 0x00, 0x88, 0xE0, 0x00, 0x00,
    0x00, 0x00, 0x88, 0xE0, 0x00, 0x00,
    0x00, 0x00, 0x88, 0xE0, 0x00, 0x00,
    0x00, 0x00, 0x88, 0xE0, 0x00, 0x00,
    0x00, 0x00, 0x00, 0x00, 0x00, 0x00,
    0x00, 0x00, 0x00, 0x00, 0x00, 0x00,
    0x00, 0x00, 0x00, 0x00, 0x00, 0x00,
    0x00, 0x00, 0x00, 0x00, 0x00, 0x00,

    /* Unicode: U+00CF */
    0x00, 0x00, 0x00, 0x00, 0x00,
    0xB2, 0x70, 0x1D, 0xEE, 0x12,
    0x18, 0x0A, 0x00, 0x21, 0x00,
    0x00, 0x00, 0x00, 0x00, 0x00,
    0x00, 0x88, 0xE0, 0x00, 0x00,
    0x00, 0x88, 0xE0, 0x00, 0x00,
    0x00, 0x88, 0xE0, 0x00, 0x00,
    0x00, 0x88, 0xE0, 0x00, 0x00,
    0x00, 0x88, 0xE0, 0x00, 0x00,
    0x00, 0x88, 0xE0, 0x00, 0x00,
    0x00, 0x88, 0xE0, 0x00, 0x00,
    0x00, 0x88, 0xE0, 0x00, 0x00,
    0x00, 0x88, 0xE0, 0x00, 0x00,
    0x00, 0x88, 0xE0, 0x00, 0x00,
    0x00, 0x00, 0x00, 0x00, 0x00,
    0x00, 0x00, 0x00, 0x00, 0x00,
    0x00, 0x00, 0x00, 0x00, 0x00,
    0x00, 0x00, 0x00, 0x00, 0x00,

    /* Unicode: U+00D0 */
    0x00, 0x00, 0x00, 0x00, 0x00, 0x00, 0x00, 0x00, 0x00, 0x00, 0x00,
    0x00, 0x00, 0x00, 0x00, 0x00, 0x00, 0x00, 0x00, 0x00, 0x00, 0x00,
    0x00, 0x00, 0x00, 0x00, 0x00, 0x00, 0x00, 0x00, 0x00, 0x00, 0x00,
    0x00, 0x00, 0x00, 0x00, 0x00, 0x00, 0x00, 0x00, 0x00, 0x00, 0x00,
    0x00, 0x6C, 0xFF, 0xFF, 0xFF, 0xFE, 0xE9, 0xB8, 0x50, 0x00, 0x00,
    0x00, 0x6C, 0xFD, 0x40, 0x40, 0x42, 0x5A, 0xA7, 0xFE, 0x95, 0x00,
    0x00, 0x6C, 0xFC, 0x00, 0x00, 0x00, 0x00, 0x00, 0x58, 0xFF, 0x58,
    0x06, 0x74, 0xFF, 0x08, 0x08, 0x06, 0x00, 0x00, 0x00, 0xB5, 0xC3,
    0xD8, 0xFF, 0xFF, 0xFF, 0xFF, 0xC0, 0x00, 0x00, 0x00, 0x77, 0xF0,
    0x2F, 0xA4, 0xFF, 0x38, 0x38, 0x2A, 0x00, 0x00, 0x00, 0x77, 0xEF,
    0x00, 0x6C, 0xFC, 0x00, 0x00, 0x00, 0x00, 0x00, 0x00, 0xB4, 0xC3,
    0x00, 0x6C, 0xFC, 0x00, 0x00, 0x00, 0x00, 0x00, 0x56, 0xFE, 0x58,
    0x00, 0x6C, 0xFD, 0x40, 0x40, 0x41, 0x59, 0xA6, 0xFE, 0x95, 0x00,
    0x00, 0x6C, 0xFF, 0xFF, 0xFF, 0xFE, 0xEA, 0xB9, 0x50, 0x00, 0x00,
    0x00, 0x00, 0x00, 0x00, 0x00, 0x00, 0x00, 0x00, 0x00, 0x00, 0x00,
    0x00, 0x00, 0x00, 0x00, 0x00, 0x00, 0x00, 0x00, 0x00, 0x00, 0x00,
    0x00, 0x00, 0x00, 0x00, 0x00, 0x00, 0x00, 0x00, 0x00, 0x00, 0x00,
    0x00, 0x00, 0x00, 0x00, 0x00, 0x00, 0x00, 0x00, 0x00, 0x00, 0x00,

    /* Unicode: U+00D1 */
    0x00, 0x00, 0x00, 0x00, 0x00, 0x00, 0x05, 0x00, 0x00,
    0x00, 0x00, 0x32, 0xEF, 0xB1, 0x21, 0xDA, 0x00, 0x00,
    0x00, 0x00, 0x94, 0x47, 0x7E, 0xFF, 0xA0, 0x00, 0x00,
    0x00, 0x00, 0x24, 0x05, 0x00, 0x22, 0x05, 0x00, 0x00,
    0x88, 0xE8, 0x1B, 0x00, 0x00, 0x00, 0x00, 0x80, 0xE4,
    0x88, 0xFF, 0xC6, 0x06, 0x00, 0x00, 0x00, 0x80, 0xE4,
    0x88, 0xF4, 0xF7, 0x95, 0x00, 0x00, 0x00, 0x80, 0xE4,
    0x88, 0xE0, 0x60, 0xFF, 0x5E, 0x00, 0x00, 0x80, 0xE4,
    0x88, 0xE0, 0x00, 0x96, 0xF6, 0x30, 0x00, 0x80, 0xE4,
    0x88, 0xE0, 0x00, 0x06, 0xC6, 0xDE, 0x12, 0x80, 0xE4,
    0x88, 0xE0, 0x00, 0x00, 0x1A, 0xE8, 0xB7, 0x82, 0xE4,
    0x88, 0xE0, 0x00, 0x00, 0x00, 0x3D, 0xFB, 0xE8, 0xE4,
    0x88, 0xE0, 0x00, 0x00, 0x00, 0x00, 0x6F, 0xFF, 0xE4,
    0x88, 0xE0, 0x00, 0x00, 0x00, 0x00, 0x00, 0xA4, 0xE4,
    0x00, 0x00, 0x00, 0x00, 0x00, 0x00, 0x00, 0x00, 0x00,
    0x00, 0x00, 0x00, 0x00, 0x00, 0x00, 0x00, 0x00, 0x00,
    0x00, 0x00, 0x00, 0x00, 0x00, 0x00, 0x00, 0x00, 0x00,
    0x00, 0x00, 0x00, 0x00, 0x00, 0x00, 0x00, 0x00, 0x00,

    /* Unicode: U+00D2 */
    0x00, 0x00, 0x00, 0x00, 0x00, 0x00, 0x00, 0x00, 0x00, 0x00, 0x00, 0x00,
    0x00, 0x00, 0x00, 0x31, 0xE4, 0x84, 0x00, 0x00, 0x00, 0x00, 0x00, 0x00,
    0x00, 0x00, 0x00, 0x00, 0x1A, 0xCC, 0x76, 0x00, 0x00, 0x00, 0x00, 0x00,
    0x00, 0x00, 0x00, 0x00, 0x00, 0x00, 0x00, 0x00, 0x00, 0x00, 0x00, 0x00,
    0x00, 0x00, 0x06, 0x71, 0xCE, 0xF3, 0xED, 0xBD, 0x53, 0x00, 0x00, 0x00,
    0x00, 0x0E, 0xCB, 0xEF, 0x84, 0x4C, 0x53, 0x9C, 0xFC, 0x9F, 0x00, 0x00,
    0x00, 0xA3, 0xE8, 0x21, 0x00, 0x00, 0x00, 0x00, 0x4B, 0xFD, 0x69, 0x00,
    0x17, 0xFB, 0x65, 0x00, 0x00, 0x00, 0x00, 0x00, 0x00, 0xA3, 0xD8, 0x00,
    0x44, 0xFF, 0x23, 0x00, 0x00, 0x00, 0x00, 0x00, 0x00, 0x60, 0xFF, 0x09,
    0x45, 0xFF, 0x22, 0x00, 0x00, 0x00, 0x00, 0x00, 0x00, 0x60, 0xFF, 0x08,
    0x18, 0xFC, 0x65, 0x00, 0x00, 0x00, 0x00, 0x00, 0x00, 0xA3, 0xD8, 0x00,
    0x00, 0xA5, 0xE8, 0x21, 0x00, 0x00, 0x00, 0x00, 0x4B, 0xFD, 0x69, 0x00,
    0x00, 0x0F, 0xCC, 0xEF, 0x83, 0x4B, 0x52, 0x9B, 0xFC, 0xA0, 0x00, 0x00,
    0x00, 0x00, 0x07, 0x75, 0xD0, 0xF4, 0xEE, 0xBF, 0x57, 0x00, 0x00, 0x00,
    0x00, 0x00, 0x00, 0x00, 0x00, 0x00, 0x00, 0x00, 0x00, 0x00, 0x00, 0x00,
    0x00, 0x00, 0x00, 0x00, 0x00, 0x00, 0x00, 0x00, 0x00, 0x00, 0x00, 0x00,
    0x00, 0x00, 0x00, 0x00, 0x00, 0x00, 0x00, 0x00, 0x00, 0x00, 0x00, 0x00,
    0x00, 0x00, 0x00, 0x00, 0x00, 0x00, 0x00, 0x00, 0x00, 0x00, 0x00, 0x00,

    /* Unicode: U+00D3 */
    0x00, 0x00, 0x00, 0x00, 0x00, 0x00, 0x00, 0x00, 0x00, 0x00, 0x00, 0x00,
    0x00, 0x00, 0x00, 0x00, 0x00, 0x05, 0xB4, 0xC7, 0x16, 0x00, 0x00, 0x00,
    0x00, 0x00, 0x00, 0x00, 0x03, 0xAA, 0xA9, 0x08, 0x00, 0x00, 0x00, 0x00,
    0x00, 0x00, 0x00, 0x00, 0x00, 0x00, 0x00, 0x00, 0x00, 0x00, 0x00, 0x00,
    0x00, 0x00, 0x06, 0x71, 0xCE, 0xF3, 0xED, 0xBD, 0x53, 0x00, 0x00, 0x00,
    0x00, 0x0E, 0xCB, 0xEF, 0x84, 0x4C, 0x53, 0x9C, 0xFC, 0x9F, 0x00, 0x00,
    0x00, 0xA3, 0xE8, 0x21, 0x00, 0x00, 0x00, 0x00, 0x4B, 0xFD, 0x69, 0x00,
    0x17, 0xFB, 0x65, 0x00, 0x00, 0x00, 0x00, 0x00, 0x00, 0xA3, 0xD8, 0x00,
    0x44, 0xFF, 0x23, 0x00, 0x00, 0x00, 0x00, 0x00, 0x00, 0x60, 0xFF, 0x09,
    0x45, 0xFF, 0x22, 0x00, 0x00, 0x00, 0x00, 0x00, 0x00, 0x60, 0xFF, 0x08,
    0x18, 0xFC, 0x65, 0x00, 0x00, 0x00, 0x00, 0x00, 0x00, 0xA3, 0xD8, 0x00,
    0x00, 0xA5, 0xE8, 0x21, 0x00, 0x00, 0x00, 0x00, 0x4B, 0xFD, 0x69, 0x00,
    0x00, 0x0F, 0xCC, 0xEF, 0x83, 0x4B, 0x52, 0x9B, 0xFC, 0xA0, 0x00, 0x00,
    0x00, 0x00, 0x07, 0x75, 0xD0, 0xF4, 0xEE, 0xBF, 0x57, 0x00, 0x00, 0x00,
    0x00, 0x00, 0x00, 0x00, 0x00, 0x00, 0x00, 0x00, 0x00, 0x00, 0x00, 0x00,
    0x00, 0x00, 0x00, 0x00, 0x00, 0x00, 0x00, 0x00, 0x00, 0x00, 0x00, 0x00,
    0x00, 0x00, 0x00, 0x00, 0x00, 0x00, 0x00, 0x00, 0x00, 0x00, 0x00, 0x00,
    0x00, 0x00, 0x00, 0x00, 0x00, 0x00, 0x00, 0x00, 0x00, 0x00, 0x00, 0x00,

    /* Unicode: U+00D4 */
    0x00, 0x00, 0x00, 0x00, 0x00, 0x00, 0x00, 0x00, 0x00, 0x00, 0x00, 0x00,
    0x00, 0x00, 0x00, 0x00, 0x3F, 0xEF, 0xE0, 0x1D, 0x00, 0x00, 0x00, 0x00,
    0x00, 0x00, 0x00, 0x32, 0xE0, 0x39, 0x62, 0xD4, 0x16, 0x00, 0x00, 0x00,
    0x00, 0x00, 0x00, 0x00, 0x00, 0x00, 0x00, 0x00, 0x00, 0x00, 0x00, 0x00,
    0x00, 0x00, 0x06, 0x71, 0xCE, 0xF3, 0xED, 0xBD, 0x53, 0x00, 0x00, 0x00,
    0x00, 0x0E, 0xCB, 0xEF, 0x84, 0x4C, 0x53, 0x9C, 0xFC, 0x9F, 0x00, 0x00,
    0x00, 0xA3, 0xE8, 0x21, 0x00, 0x00, 0x00, 0x00, 0x4B, 0xFD, 0x69, 0x00,
    0x17, 0xFB, 0x65, 0x00, 0x00, 0x00, 0x00, 0x00, 0x00, 0xA3, 0xD8, 0x00,
    0x44, 0xFF, 0x23, 0x00, 0x00, 0x00, 0x00, 0x00, 0x00, 0x60, 0xFF, 0x09,
    0x45, 0xFF, 0x22, 0x00, 0x00, 0x00, 0x00, 0x00, 0x00, 0x60, 0xFF, 0x08,
    0x18, 0xFC, 0x65, 0x00, 0x00, 0x00, 0x00, 0x00, 0x00, 0xA3, 0xD8, 0x00,
    0x00, 0xA5, 0xE8, 0x21, 0x00, 0x00, 0x00, 0x00, 0x4B, 0xFD, 0x69, 0x00,
    0x00, 0x0F, 0xCC, 0xEF, 0x83, 0x4B, 0x52, 0x9B, 0xFC, 0xA0, 0x00, 0x00,
    0x00, 0x00, 0x07, 0x75, 0xD0, 0xF4, 0xEE, 0xBF, 0x57, 0x00, 0x00, 0x00,
    0x00, 0x00, 0x00, 0x00, 0x00, 0x00, 0x00, 0x00, 0x00, 0x00, 0x00, 0x00,
    0x00, 0x00, 0x00, 0x00, 0x00, 0x00, 0x00, 0x00, 0x00, 0x00, 0x00, 0x00,
    0x00, 0x00, 0x00, 0x00, 0x00, 0x00, 0x00, 0x00, 0x00, 0x00, 0x00, 0x00,
    0x00, 0x00, 0x00, 0x00, 0x00, 0x00, 0x00, 0x00, 0x00, 0x00, 0x00, 0x00,

    /* Unicode: U+00D5 */
    0x00, 0x00, 0x00, 0x00, 0x00, 0x00, 0x00, 0x04, 0x01, 0x00, 0x00, 0x00,
    0x00, 0x00, 0x00, 0x10, 0xDB, 0xCF, 0x30, 0xB5, 0x2D, 0x00, 0x00, 0x00,
    0x00, 0x00, 0x00, 0x5C, 0x7E, 0x4F, 0xF8, 0xD6, 0x02, 0x00, 0x00, 0x00,
    0x00, 0x00, 0x00, 0x18, 0x11, 0x00, 0x19, 0x0D, 0x00, 0x00, 0x00, 0x00,
    0x00, 0x00, 0x06, 0x71, 0xCE, 0xF3, 0xED, 0xBD, 0x53, 0x00, 0x00, 0x00,
    0x00, 0x0E, 0xCB, 0xEF, 0x84, 0x4C, 0x53, 0x9C, 0xFC, 0x9F, 0x00, 0x00,
    0x00, 0xA3, 0xE8, 0x21, 0x00, 0x00, 0x00, 0x00, 0x4B, 0xFD, 0x69, 0x00,
    0x17, 0xFB, 0x65, 0x00, 0x00, 0x00, 0x00, 0x00, 0x00, 0xA3, 0xD8, 0x00,
    0x44, 0xFF, 0x23, 0x00, 0x00, 0x00, 0x00, 0x00, 0x00, 0x60, 0xFF, 0x09,
    0x45, 0xFF, 0x22, 0x00, 0x00, 0x00, 0x00, 0x00, 0x00, 0x60, 0xFF, 0x08,
    0x18, 0xFC, 0x65, 0x00, 0x00, 0x00, 0x00, 0x00, 0x00, 0xA3, 0xD8, 0x00,
    0x00, 0xA5, 0xE8, 0x21, 0x00, 0x00, 0x00, 0x00, 0x4B, 0xFD, 0x69, 0x00,
    0x00, 0x0F, 0xCC, 0xEF, 0x83, 0x4B, 0x52, 0x9B, 0xFC, 0xA0, 0x00, 0x00,
    0x00, 0x00, 0x07, 0x75, 0xD0, 0xF4, 0xEE, 0xBF, 0x57, 0x00, 0x00, 0x00,
    0x00, 0x00, 0x00, 0x00, 0x00, 0x00, 0x00, 0x00, 0x00, 0x00, 0x00, 0x00,
    0x00, 0x00, 0x00, 0x00, 0x00, 0x00, 0x00, 0x00, 0x00, 0x00, 0x00, 0x00,
    0x00, 0x00, 0x00, 0x00, 0x00, 0x00, 0x00, 0x00, 0x00, 0x00, 0x00, 0x00,
    0x00, 0x00, 0x00, 0x00, 0x00, 0x00, 0x00, 0x00, 0x00, 0x00, 0x00, 0x00,

    /* Unicode: U+00D6 */
    0x00, 0x00, 0x00, 0x00, 0x00, 0x00, 0x00, 0x00, 0x00, 0x00, 0x00, 0x00,
    0x00, 0x00, 0x00, 0x08, 0xEC, 0x2D, 0x5F, 0xBF, 0x00, 0x00, 0x00, 0x00,
    0x00, 0x00, 0x00, 0x00, 0x21, 0x01, 0x08, 0x1A, 0x00, 0x00, 0x00, 0x00,
    0x00, 0x00, 0x00, 0x00, 0x00, 0x00, 0x00, 0x00, 0x00, 0x00, 0x00, 0x00,
    0x00, 0x00, 0x06, 0x71, 0xCE, 0xF3, 0xED, 0xBD, 0x53, 0x00, 0x00, 0x00,
    0x00, 0x0E, 0xCB, 0xEF, 0x84, 0x4C, 0x53, 0x9C, 0xFC, 0x9F, 0x00, 0x00,
    0x00, 0xA3, 0xE8, 0x21, 0x00, 0x00, 0x00, 0x00, 0x4B, 0xFD, 0x69, 0x00,
    0x17, 0xFB, 0x65, 0x00, 0x00, 0x00, 0x00, 0x00, 0x00, 0xA3, 0xD8, 0x00,
    0x44, 0xFF, 0x23, 0x00, 0x00, 0x00, 0x00, 0x00, 0x00, 0x60, 0xFF, 0x09,
    0x45, 0xFF, 0x22, 0x00, 0x00, 0x00, 0x00, 0x00, 0x00, 0x60, 0xFF, 0x08,
    0x18, 0xFC, 0x65, 0x00, 0x00, 0x00, 0x00, 0x00, 0x00, 0xA3, 0xD8, 0x00,
    0x00, 0xA5, 0xE8, 0x21, 0x00, 0x00, 0x00, 0x00, 0x4B, 0xFD, 0x69, 0x00,
    0x00, 0x0F, 0xCC, 0xEF, 0x83, 0x4B, 0x52, 0x9B, 0xFC, 0xA0, 0x00, 0x00,
    0x00, 0x00, 0x07, 0x75, 0xD0, 0xF4, 0xEE, 0xBF, 0x57, 0x00, 0x00, 0x00,
    0x00, 0x00, 0x00, 0x00, 0x00, 0x00, 0x00, 0x00, 0x00, 0x00, 0x00, 0x00,
    0x00, 0x00, 0x00, 0x00, 0x00, 0x00, 0x00, 0x00, 0x00, 0x00, 0x00, 0x00,
    0x00, 0x00, 0x00, 0x00, 0x00, 0x00, 0x00, 0x00, 0x00, 0x00, 0x00, 0x00,
    0x00, 0x00, 0x00, 0x00, 0x00, 0x00, 0x00, 0x00, 0x00, 0x00, 0x00, 0x00,

    /* Unicode: U+00D7 */
    0x00, 0x00, 0x00, 0x00, 0x00, 0x00,
    0x00, 0x00, 0x00, 0x00, 0x00, 0x00,
    0x00, 0x00, 0x00, 0x00, 0x00, 0x00,
    0x00, 0x00, 0x00, 0x00, 0x00, 0x00,
    0x00, 0x00, 0x00, 0x00, 0x00, 0x00,
    0x00, 0x00, 0x00, 0x00, 0x00, 0x00,
    0x08, 0x3B, 0x00, 0x00, 0x2F, 0x15,
    0x3B, 0xF3, 0x4A, 0x30, 0xED, 0x5D,
    0x00, 0x50, 0xF3, 0xED, 0x72, 0x00,
    0x00, 0x2E, 0xEE, 0xF8, 0x49, 0x00,
    0x29, 0xEA, 0x78, 0x56, 0xF3, 0x44,
    0x1A, 0x68, 0x00, 0x00, 0x55, 0x2F,
    0x00, 0x00, 0x00, 0x00, 0x00, 0x00,
    0x00, 0x00, 0x00, 0x00, 0x00, 0x00,
    0x00, 0x00, 0x00, 0x00, 0x00, 0x00,
    0x00, 0x00, 0x00, 0x00, 0x00, 0x00,
    0x00, 0x00, 0x00, 0x00, 0x00, 0x00,
    0x00, 0x00, 0x00, 0x00, 0x00, 0x00,

    /* Unicode: U+00D8 */
    0x00, 0x00, 0x00, 0x00, 0x00, 0x00, 0x00, 0x00, 0x00, 0x00, 0x00, 0x00,
    0x00, 0x00, 0x00, 0x00, 0x00, 0x00, 0x00, 0x00, 0x00, 0x00, 0x00, 0x00,
    0x00, 0x00, 0x00, 0x00, 0x00, 0x00, 0x00, 0x00, 0x00, 0x4D, 0x3E, 0x00,
    0x00, 0x00, 0x00, 0x00, 0x00, 0x00, 0x00, 0x00, 0x26, 0xDE, 0x13, 0x00,
    0x00, 0x00, 0x06, 0x71, 0xCE, 0xF3, 0xED, 0xC0, 0xFF, 0x4E, 0x00, 0x00,
    0x00, 0x0E, 0xCB, 0xEF, 0x84, 0x4C, 0x53, 0xFF, 0xFF, 0x9F, 0x00, 0x00,
    0x00, 0xA3, 0xE8, 0x21, 0x00, 0x00, 0x2A, 0xDC, 0x5C, 0xFD, 0x69, 0x00,
    0x17, 0xFB, 0x65, 0x00, 0x00, 0x04, 0xCB, 0x48, 0x00, 0xA3, 0xD8, 0x00,
    0x44, 0xFF, 0x23, 0x00, 0x00, 0x7D, 0x9A, 0x00, 0x00, 0x60, 0xFF, 0x09,
    0x45, 0xFF, 0x22, 0x00, 0x2F, 0xDA, 0x0D, 0x00, 0x00, 0x60, 0xFF, 0x08,
    0x18, 0xFC, 0x65, 0x05, 0xCF, 0x42, 0x00, 0x00, 0x00, 0xA3, 0xD8, 0x00,
    0x00, 0xA5, 0xE8, 0xA4, 0x94, 0x00, 0x00, 0x00, 0x4B, 0xFD, 0x69, 0x00,
    0x00, 0x0F, 0xFF, 0xFF, 0x8F, 0x4B, 0x52, 0x9B, 0xFC, 0xA0, 0x00, 0x00,
    0x00, 0x07, 0xDA, 0xB2, 0xD0, 0xF4, 0xEE, 0xBF, 0x57, 0x00, 0x00, 0x00,
    0x00, 0x8A, 0x8E, 0x00, 0x00, 0x00, 0x00, 0x00, 0x00, 0x00, 0x00, 0x00,
    0x00, 0x00, 0x00, 0x00, 0x00, 0x00, 0x00, 0x00, 0x00, 0x00, 0x00, 0x00,
    0x00, 0x00, 0x00, 0x00, 0x00, 0x00, 0x00, 0x00, 0x00, 0x00, 0x00, 0x00,
    0x00, 0x00, 0x00, 0x00, 0x00, 0x00, 0x00, 0x00, 0x00, 0x00, 0x00, 0x00,

    /* Unicode: U+00D9 */
    0x00, 0x00, 0x00, 0x00, 0x00, 0x00, 0x00, 0x00, 0x00,
    0x00, 0x00, 0x70, 0xF1, 0x38, 0x00, 0x00, 0x00, 0x00,
    0x00, 0x00, 0x00, 0x4C, 0xE2, 0x2F, 0x00, 0x00, 0x00,
    0x00, 0x00, 0x00, 0x00, 0x00, 0x00, 0x00, 0x00, 0x00,
    0x9C, 0xC8, 0x00, 0x00, 0x00, 0x00, 0x00, 0xB0, 0xAC,
    0x9C, 0xC8, 0x00, 0x00, 0x00, 0x00, 0x00, 0xB0, 0xAC,
    0x9C, 0xC8, 0x00, 0x00, 0x00, 0x00, 0x00, 0xB0, 0xAC,
    0x9C, 0xC8, 0x00, 0x00, 0x00, 0x00, 0x00, 0xB0, 0xAC,
    0x9C, 0xC8, 0x00, 0x00, 0x00, 0x00, 0x00, 0xB0, 0xAC,
    0x9A, 0xCA, 0x00, 0x00, 0x00, 0x00, 0x00, 0xB3, 0xAA,
    0x8A, 0xE5, 0x00, 0x00, 0x00, 0x00, 0x00, 0xCE, 0x99,
    0x4F, 0xFF, 0x3C, 0x00, 0x00, 0x00, 0x2A, 0xFC, 0x5E,
    0x03, 0xC9, 0xED, 0x73, 0x4A, 0x6C, 0xE5, 0xD2, 0x07,
    0x00, 0x0F, 0x92, 0xE3, 0xFB, 0xE6, 0x98, 0x12, 0x00,
    0x00, 0x00, 0x00, 0x00, 0x00, 0x00, 0x00, 0x00, 0x00,
    0x00, 0x00, 0x00, 0x00, 0x00, 0x00, 0x00, 0x00, 0x00,
    0x00, 0x00, 0x00, 0x00, 0x00, 0x00, 0x00, 0x00, 0x00,
    0x00, 0x00, 0x00, 0x00, 0x00, 0x00, 0x00, 0x00, 0x00,

    /* Unicode: U+00DA */
    0x00, 0x00, 0x00, 0x00, 0x00, 0x00, 0x00, 0x00, 0x00,
    0x00, 0x00, 0x00, 0x00, 0x28, 0xE9, 0x85, 0x01, 0x00,
    0x00, 0x00, 0x00, 0x21, 0xDE, 0x5F, 0x00, 0x00, 0x00,
    0x00, 0x00, 0x00, 0x00, 0x00, 0x00, 0x00, 0x00, 0x00,
    0x9C, 0xC8, 0x00, 0x00, 0x00, 0x00, 0x00, 0xB0, 0xAC,
    0x9C, 0xC8, 0x00, 0x00, 0x00, 0x00, 0x00, 0xB0, 0xAC,
    0x9C, 0xC8, 0x00, 0x00, 0x00, 0x00, 0x00, 0xB0, 0xAC,
    0x9C, 0xC8, 0x00, 0x00, 0x00, 0x00, 0x00, 0xB0, 0xAC,
    0x9C, 0xC8, 0x00, 0x00, 0x00, 0x00, 0x00, 0xB0, 0xAC,
    0x9A, 0xCA, 0x00, 0x00, 0x00, 0x00, 0x00, 0xB3, 0xAA,
    0x8A, 0xE5, 0x00, 0x00, 0x00, 0x00, 0x00, 0xCE, 0x99,
    0x4F, 0xFF, 0x3C, 0x00, 0x00, 0x00, 0x2A, 0xFC, 0x5E,
    0x03, 0xC9, 0xED, 0x73, 0x4A, 0x6C, 0xE5, 0xD2, 0x07,
    0x00, 0x0F, 0x92, 0xE3, 0xFB, 0xE6, 0x98, 0x12, 0x00,
    0x00, 0x00, 0x00, 0x00, 0x00, 0x00, 0x00, 0x00, 0x00,
    0x00, 0x00, 0x00, 0x00, 0x00, 0x00, 0x00, 0x00, 0x00,
    0x00, 0x00, 0x00, 0x00, 0x00, 0x00, 0x00, 0x00, 0x00,
    0x00, 0x00, 0x00, 0x00, 0x00, 0x00, 0x00, 0x00, 0x00,

    /* Unicode: U+00DB */
    0x00, 0x00, 0x00, 0x00, 0x00, 0x00, 0x00, 0x00, 0x00,
    0x00, 0x00, 0x00, 0x8F, 0xF7, 0xA5, 0x02, 0x00, 0x00,
    0x00, 0x00, 0x7D, 0xC1, 0x17, 0xAD, 0x96, 0x00, 0x00,
    0x00, 0x00, 0x00, 0x00, 0x00, 0x00, 0x00, 0x00, 0x00,
    0x9C, 0xC8, 0x00, 0x00, 0x00, 0x00, 0x00, 0xB0, 0xAC,
    0x9C, 0xC8, 0x00, 0x00, 0x00, 0x00, 0x00, 0xB0, 0xAC,
    0x9C, 0xC8, 0x00, 0x00, 0x00, 0x00, 0x00, 0xB0, 0xAC,
    0x9C, 0xC8, 0x00, 0x00, 0x00, 0x00, 0x00, 0xB0, 0xAC,
    0x9C, 0xC8, 0x00, 0x00, 0x00, 0x00, 0x00, 0xB0, 0xAC,
    0x9A, 0xCA, 0x00, 0x00, 0x00, 0x00, 0x00, 0xB3, 0xAA,
    0x8A, 0xE5, 0x00, 0x00, 0x00, 0x00, 0x00, 0xCE, 0x99,
    0x4F, 0xFF, 0x3C, 0x00, 0x00, 0x00, 0x2A, 0xFC, 0x5E,
    0x03, 0xC9, 0xED, 0x73, 0x4A, 0x6C, 0xE5, 0xD2, 0x07,
    0x00, 0x0F, 0x92, 0xE3, 0xFB, 0xE6, 0x98, 0x12, 0x00,
    0x00, 0x00, 0x00, 0x00, 0x00, 0x00, 0x00, 0x00, 0x00,
    0x00, 0x00, 0x00, 0x00, 0x00, 0x00, 0x00, 0x00, 0x00,
    0x00, 0x00, 0x00, 0x00, 0x00, 0x00, 0x00, 0x00, 0x00,
    0x00, 0x00, 0x00, 0x00, 0x00, 0x00, 0x00, 0x00, 0x00,

    /* Unicode: U+00DC */
    0x00, 0x00, 0x00, 0x00, 0x00, 0x00, 0x00, 0x00, 0x00,
    0x00, 0x00, 0x53, 0xCF, 0x00, 0xB6, 0x68, 0x00, 0x00,
    0x00, 0x00, 0x06, 0x1C, 0x00, 0x18, 0x09, 0x00, 0x00,
    0x00, 0x00, 0x00, 0x00, 0x00, 0x00, 0x00, 0x00, 0x00,
    0x9C, 0xC8, 0x00, 0x00, 0x00, 0x00, 0x00, 0xB0, 0xAC,
    0x9C, 0xC8, 0x00, 0x00, 0x00, 0x00, 0x00, 0xB0, 0xAC,
    0x9C, 0xC8, 0x00, 0x00, 0x00, 0x00, 0x00, 0xB0, 0xAC,
    0x9C, 0xC8, 0x00, 0x00, 0x00, 0x00, 0x00, 0xB0, 0xAC,
    0x9C, 0xC8, 0x00, 0x00, 0x00, 0x00, 0x00, 0xB0, 0xAC,
    0x9A, 0xCA, 0x00, 0x00, 0x00, 0x00, 0x00, 0xB3, 0xAA,
    0x8A, 0xE5, 0x00, 0x00, 0x00, 0x00, 0x00, 0xCE, 0x99,
    0x4F, 0xFF, 0x3C, 0x00, 0x00, 0x00, 0x2A, 0xFC, 0x5E,
    0x03, 0xC9, 0xED, 0x73, 0x4A, 0x6C, 0xE5, 0xD2, 0x07,
    0x00, 0x0F, 0x92, 0xE3, 0xFB, 0xE6, 0x98, 0x12, 0x00,
    0x00, 0x00, 0x00, 0x00, 0x00, 0x00, 0x00, 0x00, 0x00,
    0x00, 0x00, 0x00, 0x00, 0x00, 0x00, 0x00, 0x00, 0x00,
    0x00, 0x00, 0x00, 0x00, 0x00, 0x00, 0x00, 0x00, 0x00,
    0x00, 0x00, 0x00, 0x00, 0x00, 0x00, 0x00, 0x00, 0x00,

    /* Unicode: U+00DD */
    0x00, 0x00, 0x00, 0x00, 0x00, 0x00, 0x00, 0x00, 0x00, 0x00, 0x00,
    0x00, 0x00, 0x00, 0x00, 0x00, 0x2A, 0xEB, 0x82, 0x00, 0x00, 0x00,
    0x00, 0x00, 0x00, 0x00, 0x23, 0xDF, 0x5C, 0x00, 0x00, 0x00, 0x00,
    0x00, 0x00, 0x00, 0x00, 0x00, 0x00, 0x00, 0x00, 0x00, 0x00, 0x00,
    0x00, 0xC2, 0xBB, 0x00, 0x00, 0x00, 0x00, 0x00, 0x91, 0xCD, 0x02,
    0x00, 0x2E, 0xFC, 0x54, 0x00, 0x00, 0x00, 0x2D, 0xFA, 0x39, 0x00,
    0x00, 0x00, 0x91, 0xE1, 0x0A, 0x00, 0x00, 0xC1, 0xA0, 0x00, 0x00,
    0x00, 0x00, 0x0F, 0xE8, 0x84, 0x00, 0x5B, 0xF0, 0x17, 0x00, 0x00,
    0x00, 0x00, 0x00, 0x5E, 0xF8, 0x31, 0xE6, 0x70, 0x00, 0x00, 0x00,
    0x00, 0x00, 0x00, 0x00, 0xC3, 0xF3, 0xD4, 0x04, 0x00, 0x00, 0x00,
    0x00, 0x00, 0x00, 0x00, 0x3C, 0xFF, 0x4F, 0x00, 0x00, 0x00, 0x00,
    0x00, 0x00, 0x00, 0x00, 0x28, 0xFF, 0x38, 0x00, 0x00, 0x00, 0x00,
    0x00, 0x00, 0x00, 0x00, 0x28, 0xFF, 0x38, 0x00, 0x00, 0x00, 0x00,
    0x00, 0x00, 0x00, 0x00, 0x28, 0xFF, 0x38, 0x00, 0x00, 0x00, 0x00,
    0x00, 0x00, 0x00, 0x00, 0x00, 0x00, 0x00, 0x00, 0x00, 0x00, 0x00,
    0x00, 0x00, 0x00, 0x00, 0x00, 0x00, 0x00, 0x00, 0x00, 0x00, 0x00,
    0x00, 0x00, 0x00, 0x00, 0x00, 0x00, 0x00, 0x00, 0x00, 0x00, 0x00,
    0x00, 0x00, 0x00, 0x00, 0x00, 0x00, 0x00, 0x00, 0x00, 0x00, 0x00,

    /* Unicode: U+00DE */
    0x00, 0x00, 0x00, 0x00, 0x00, 0x00, 0x00, 0x00, 0x00,
    0x00, 0x00, 0x00, 0x00, 0x00, 0x00, 0x00, 0x00, 0x00,
    0x00, 0x00, 0x00, 0x00, 0x00, 0x00, 0x00, 0x00, 0x00,
    0x00, 0x00, 0x00, 0x00, 0x00, 0x00, 0x00, 0x00, 0x00,
    0x88, 0xE1, 0x08, 0x08, 0x03, 0x00, 0x00, 0x00, 0x00,
    0x88, 0xFF, 0xFF, 0xFF, 0xFB, 0xDB, 0x80, 0x0A, 0x00,
    0x88, 0xE7, 0x38, 0x38, 0x41, 0x74, 0xED, 0xBC, 0x00,
    0x88, 0xE0, 0x00, 0x00, 0x00, 0x00, 0x4C, 0xFF, 0x36,
    0x88, 0xE0, 0x00, 0x00, 0x00, 0x00, 0x0F, 0xFF, 0x59,
    0x88, 0xE0, 0x00, 0x00, 0x00, 0x00, 0x37, 0xFF, 0x42,
    0x88, 0xE1, 0x08, 0x08, 0x11, 0x42, 0xD5, 0xDA, 0x05,
    0x88, 0xFF, 0xFF, 0xFF, 0xFF, 0xFF, 0xB4, 0x20, 0x00,
    0x88, 0xE7, 0x38, 0x38, 0x2F, 0x0D, 0x00, 0x00, 0x00,
    0x88, 0xE0, 0x00, 0x00, 0x00, 0x00, 0x00, 0x00, 0x00,
    0x00, 0x00, 0x00, 0x00, 0x00, 0x00, 0x00, 0x00, 0x00,
    0x00, 0x00, 0x00, 0x00, 0x00, 0x00, 0x00, 0x00, 0x00,
    0x00, 0x00, 0x00, 0x00, 0x00, 0x00, 0x00, 0x00, 0x00,
    0x00, 0x00, 0x00, 0x00, 0x00, 0x00, 0x00, 0x00, 0x00,

    /* Unicode: U+00DF */
    0x00, 0x00, 0x00, 0x00, 0x00, 0x00, 0x00, 0x00,
    0x00, 0x00, 0x00, 0x00, 0x00, 0x00, 0x00, 0x00,
    0x00, 0x00, 0x00, 0x00, 0x00, 0x00, 0x00, 0x00,
    0x00, 0x3B, 0xC3, 0xF6, 0xE9, 0x91, 0x0B, 0x00,
    0x27, 0xF6, 0xAA, 0x4E, 0x62, 0xE5, 0xA0, 0x00,
    0x8C, 0xD9, 0x02, 0x00, 0x00, 0x5F, 0xF8, 0x01,
    0xB1, 0xA6, 0x00, 0x00, 0x00, 0x5F, 0xF2, 0x00,
    0xB8, 0xA0, 0x00, 0x08, 0x3E, 0xDF, 0x7E, 0x00,
    0xB8, 0xA0, 0x00, 0x84, 0xFF, 0xF5, 0x59, 0x00,
    0xB8, 0xA0, 0x00, 0x1C, 0x40, 0x7F, 0xFB, 0x64,
    0xB8, 0xA0, 0x00, 0x00, 0x00, 0x00, 0x99, 0xC8,
    0xB8, 0xA0, 0x00, 0x00, 0x00, 0x00, 0x9A, 0xCA,
    0xB8, 0xA0, 0x00, 0x5A, 0x48, 0x7C, 0xFA, 0x6F,
    0xB8, 0xA0, 0x0B, 0xEA, 0xFB, 0xDC, 0x75, 0x01,
    0x00, 0x00, 0x00, 0x00, 0x00, 0x00, 0x00, 0x00,
    0x00, 0x00, 0x00, 0x00, 0x00, 0x00, 0x00, 0x00,
    0x00, 0x00, 0x00, 0x00, 0x00, 0x00, 0x00, 0x00,
    0x00, 0x00, 0x00, 0x00, 0x00, 0x00, 0x00, 0x00,

    /* Unicode: U+00E0 */
    0x00, 0x00, 0x00, 0x00, 0x00, 0x00, 0x00, 0x00,
    0x00, 0x00, 0x00, 0x00, 0x00, 0x00, 0x00, 0x00,
    0x00, 0x00, 0x00, 0x00, 0x00, 0x00, 0x00, 0x00,
    0x00, 0x19, 0xCC, 0xAF, 0x04, 0x00, 0x00, 0x00,
    0x00, 0x00, 0x0A, 0xAD, 0xA4, 0x02, 0x00, 0x00,
    0x00, 0x00, 0x00, 0x00, 0x00, 0x00, 0x00, 0x00,
    0x00, 0x4C, 0xC6, 0xF6, 0xEB, 0xAA, 0x1A, 0x00,
    0x02, 0xAF, 0x7C, 0x4D, 0x58, 0xD1, 0xBE, 0x00,
    0x00, 0x00, 0x00, 0x03, 0x08, 0x45, 0xFF, 0x0D,
    0x00, 0x57, 0xDA, 0xFC, 0xFF, 0xFF, 0xFF, 0x27,
    0x1A, 0xF9, 0x96, 0x3F, 0x38, 0x5D, 0xFF, 0x28,
    0x40, 0xFF, 0x14, 0x00, 0x00, 0x4D, 0xFF, 0x28,
    0x16, 0xF5, 0xA3, 0x48, 0x69, 0xE3, 0xFF, 0x28,
    0x00, 0x4B, 0xD5, 0xF8, 0xD0, 0x5C, 0xFF, 0x28,
    0x00, 0x00, 0x00, 0x00, 0x00, 0x00, 0x00, 0x00,
    0x00, 0x00, 0x00, 0x00, 0x00, 0x00, 0x00, 0x00,
    0x00, 0x00, 0x00, 0x00, 0x00, 0x00, 0x00, 0x00,
    0x00, 0x00, 0x00, 0x00, 0x00, 0x00, 0x00, 0x00,

    /* Unicode: U+00E1 */
    0x00, 0x00, 0x00, 0x00, 0x00, 0x00, 0x00, 0x00,
    0x00, 0x00, 0x00, 0x00, 0x00, 0x00, 0x00, 0x00,
    0x00, 0x00, 0x00, 0x00, 0x00, 0x00, 0x00, 0x00,
    0x00, 0x00, 0x00, 0x00, 0x8A, 0xE0, 0x2C, 0x00,
    0x00, 0x00, 0x00, 0x7E, 0xCA, 0x17, 0x00, 0x00,
    0x00, 0x00, 0x00, 0x00, 0x00, 0x00, 0x00, 0x00,
    0x00, 0x4C, 0xC6, 0xF6, 0xEB, 0xAA, 0x1A, 0x00,
    0x02, 0xAF, 0x7C, 0x4D, 0x58, 0xD1, 0xBE, 0x00,
    0x00, 0x00, 0x00, 0x03, 0x08, 0x45, 0xFF, 0x0D,
    0x00, 0x57, 0xDA, 0xFC, 0xFF, 0xFF, 0xFF, 0x27,
    0x1A, 0xF9, 0x96, 0x3F, 0x38, 0x5D, 0xFF, 0x28,
    0x40, 0xFF, 0x14, 0x00, 0x00, 0x4D, 0xFF, 0x28,
    0x16, 0xF5, 0xA3, 0x48, 0x69, 0xE3, 0xFF, 0x28,
    0x00, 0x4B, 0xD5, 0xF8, 0xD0, 0x5C, 0xFF, 0x28,
    0x00, 0x00, 0x00, 0x00, 0x00, 0x00, 0x00, 0x00,
    0x00, 0x00, 0x00, 0x00, 0x00, 0x00, 0x00, 0x00,
    0x00, 0x00, 0x00, 0x00, 0x00, 0x00, 0x00, 0x00,
    0x00, 0x00, 0x00, 0x00, 0x00, 0x00, 0x00, 0x00,

    /* Unicode: U+00E2 */
    0x00, 0x00, 0x00, 0x00, 0x00, 0x00, 0x00, 0x00,
    0x00, 0x00, 0x00, 0x00, 0x00, 0x00, 0x00, 0x00,
    0x00, 0x00, 0x00, 0x00, 0x00, 0x00, 0x00, 0x00,
    0x00, 0x00, 0x21, 0xE3, 0xED, 0x3A, 0x00, 0x00,
    0x00, 0x18, 0xD7, 0x5B, 0x3C, 0xDF, 0x30, 0x00,
    0x00, 0x00, 0x00, 0x00, 0x00, 0x00, 0x00, 0x00,
    0x00, 0x4C, 0xC6, 0xF6, 0xEB, 0xAA, 0x1A, 0x00,
    0x02, 0xAF, 0x7C, 0x4D, 0x58, 0xD1, 0xBE, 0x00,
    0x00, 0x00, 0x00, 0x03, 0x08, 0x45, 0xFF, 0x0D,
    0x00, 0x57, 0xDA, 0xFC, 0xFF, 0xFF, 0xFF, 0x27,
    0x1A, 0xF9, 0x96, 0x3F, 0x38, 0x5D, 0xFF, 0x28,
    0x40, 0xFF, 0x14, 0x00, 0x00, 0x4D, 0xFF, 0x28,
    0x16, 0xF5, 0xA3, 0x48, 0x69, 0xE3, 0xFF, 0x28,
    0x00, 0x4B, 0xD5, 0xF8, 0xD0, 0x5C, 0xFF, 0x28,
    0x00, 0x00, 0x00, 0x00, 0x00, 0x00, 0x00, 0x00,
    0x00, 0x00, 0x00, 0x00, 0x00, 0x00, 0x00, 0x00,
    0x00, 0x00, 0x00, 0x00, 0x00, 0x00, 0x00, 0x00,
    0x00, 0x00, 0x00, 0x00, 0x00, 0x00, 0x00, 0x00,

    /* Unicode: U+00E3 */
    0x00, 0x00, 0x00, 0x00, 0x00, 0x00, 0x00, 0x00,
    0x00, 0x00, 0x00, 0x00, 0x00, 0x00, 0x00, 0x00,
    0x00, 0x00, 0x00, 0x00, 0x00, 0x02, 0x03, 0x00,
    0x00, 0x00, 0xBB, 0xE4, 0x48, 0x88, 0x5D, 0x00,
    0x00, 0x2C, 0xAD, 0x2F, 0xE9, 0xF0, 0x17, 0x00,
    0x00, 0x0E, 0x1C, 0x00, 0x0F, 0x17, 0x00, 0x00,
    0x00, 0x4C, 0xC6, 0xF6, 0xEB, 0xAA, 0x1A, 0x00,
    0x02, 0xAF, 0x7C, 0x4D, 0x58, 0xD1, 0xBE, 0x00,
    0x00, 0x00, 0x00, 0x03, 0x08, 0x45, 0xFF, 0x0D,
    0x00, 0x57, 0xDA, 0xFC, 0xFF, 0xFF, 0xFF, 0x27,
    0x1A, 0xF9, 0x96, 0x3F, 0x38, 0x5D, 0xFF, 0x28,
    0x40, 0xFF, 0x14, 0x00, 0x00, 0x4D, 0xFF, 0x28,
    0x16, 0xF5, 0xA3, 0x48, 0x69, 0xE3, 0xFF, 0x28,
    0x00, 0x4B, 0xD5, 0xF8, 0xD0, 0x5C, 0xFF, 0x28,
    0x00, 0x00, 0x00, 0x00, 0x00, 0x00, 0x00, 0x00,
    0x00, 0x00, 0x00, 0x00, 0x00, 0x00, 0x00, 0x00,
    0x00, 0x00, 0x00, 0x00, 0x00, 0x00, 0x00, 0x00,
    0x00, 0x00, 0x00, 0x00, 0x00, 0x00, 0x00, 0x00,

    /* Unicode: U+00E4 */
    0x00, 0x00, 0x00, 0x00, 0x00, 0x00, 0x00, 0x00,
    0x00, 0x00, 0x00, 0x00, 0x00, 0x00, 0x00, 0x00,
    0x00, 0x00, 0x00, 0x00, 0x00, 0x00, 0x00, 0x00,
    0x00, 0x00, 0xC9, 0x59, 0x32, 0xE7, 0x04, 0x00,
    0x00, 0x00, 0x1B, 0x07, 0x02, 0x20, 0x00, 0x00,
    0x00, 0x00, 0x00, 0x00, 0x00, 0x00, 0x00, 0x00,
    0x00, 0x4C, 0xC6, 0xF6, 0xEB, 0xAA, 0x1A, 0x00,
    0x02, 0xAF, 0x7C, 0x4D, 0x58, 0xD1, 0xBE, 0x00,
    0x00, 0x00, 0x00, 0x03, 0x08, 0x45, 0xFF, 0x0D,
    0x00, 0x57, 0xDA, 0xFC, 0xFF, 0xFF, 0xFF, 0x27,
    0x1A, 0xF9, 0x96, 0x3F, 0x38, 0x5D, 0xFF, 0x28,
    0x40, 0xFF, 0x14, 0x00, 0x00, 0x4D, 0xFF, 0x28,
    0x16, 0xF5, 0xA3, 0x48, 0x69, 0xE3, 0xFF, 0x28,
    0x00, 0x4B, 0xD5, 0xF8, 0xD0, 0x5C, 0xFF, 0x28,
    0x00, 0x00, 0x00, 0x00, 0x00, 0x00, 0x00, 0x00,
    0x00, 0x00, 0x00, 0x00, 0x00, 0x00, 0x00, 0x00,
    0x00, 0x00, 0x00, 0x00, 0x00, 0x00, 0x00, 0x00,
    0x00, 0x00, 0x00, 0x00, 0x00, 0x00, 0x00, 0x00,

    /* Unicode: U+00E5 */
    0x00, 0x00, 0x00, 0x00, 0x00, 0x00, 0x00, 0x00,
    0x00, 0x00, 0x00, 0x00, 0x00, 0x00, 0x00, 0x00,
    0x00, 0x00, 0x1C, 0xDB, 0xE8, 0x33, 0x00, 0x00,
    0x00, 0x00, 0x6C, 0x8F, 0x71, 0x93, 0x00, 0x00,
    0x00, 0x00, 0x30, 0xF6, 0xFC, 0x4F, 0x00, 0x00,
    0x00, 0x00, 0x00, 0x16, 0x1E, 0x00, 0x00, 0x00,
    0x00, 0x4C, 0xC6, 0xF6, 0xEB, 0xAA, 0x1A, 0x00,
    0x02, 0xAF, 0x7C, 0x4D, 0x58, 0xD1, 0xBE, 0x00,
    0x00, 0x00, 0x00, 0x03, 0x08, 0x45, 0xFF, 0x0D,
    0x00, 0x57, 0xDA, 0xFC, 0xFF, 0xFF, 0xFF, 0x27,
    0x1A, 0xF9, 0x96, 0x3F, 0x38, 0x5D, 0xFF, 0x28,
    0x40, 0xFF, 0x14, 0x00, 0x00, 0x4D, 0xFF, 0x28,
    0x16, 0xF5, 0xA3, 0x48, 0x69, 0xE3, 0xFF, 0x28,
    0x00, 0x4B, 0xD5, 0xF8, 0xD0, 0x5C, 0xFF, 0x28,
    0x00, 0x00, 0x00, 0x00, 0x00, 0x00, 0x00, 0x00,
    0x00, 0x00, 0x00, 0x00, 0x00, 0x00, 0x00, 0x00,
    0x00, 0x00, 0x00, 0x00, 0x00, 0x00, 0x00, 0x00,
    0x00, 0x00, 0x00, 0x00, 0x00, 0x00, 0x00, 0x00,

    /* Unicode: U+00E6 */
    0x00, 0x00, 0x00, 0x00, 0x00, 0x00, 0x00, 0x00, 0x00, 0x00, 0x00, 0x00, 0x00, 0x00,
    0x00, 0x00, 0x00, 0x00, 0x00, 0x00, 0x00, 0x00, 0x00, 0x00, 0x00, 0x00, 0x00, 0x00,
    0x00, 0x00, 0x00, 0x00, 0x00, 0x00, 0x00, 0x00, 0x00, 0x00, 0x00, 0x00, 0x00, 0x00,
    0x00, 0x00, 0x00, 0x00, 0x00, 0x00, 0x00, 0x00, 0x00, 0x00, 0x00, 0x00, 0x00, 0x00,
    0x00, 0x00, 0x00, 0x00, 0x00, 0x00, 0x00, 0x00, 0x00, 0x00, 0x00, 0x00, 0x00, 0x00,
    0x00, 0x00, 0x00, 0x00, 0x00, 0x00, 0x00, 0x00, 0x00, 0x00, 0x00, 0x00, 0x00, 0x00,
    0x00, 0x4C, 0xC6, 0xF6, 0xF2, 0xB0, 0x1A, 0x54, 0xD0, 0xF8, 0xDB, 0x71, 0x01, 0x00,
    0x02, 0xAF, 0x7C, 0x4D, 0x57, 0xD0, 0xE0, 0xF3, 0x7C, 0x49, 0x72, 0xEB, 0x88, 0x00,
    0x00, 0x00, 0x00, 0x03, 0x08, 0x44, 0xFF, 0x67, 0x08, 0x08, 0x08, 0x4B, 0xF8, 0x11,
    0x00, 0x57, 0xDA, 0xFC, 0xFF, 0xFF, 0xFF, 0xFF, 0xFF, 0xFF, 0xFF, 0xFF, 0xFF, 0x3A,
    0x1C, 0xFA, 0x95, 0x3F, 0x38, 0x5F, 0xFF, 0x6D, 0x38, 0x38, 0x38, 0x38, 0x38, 0x0C,
    0x40, 0xFF, 0x14, 0x00, 0x00, 0x5E, 0xFF, 0x9E, 0x00, 0x00, 0x00, 0x09, 0x06, 0x00,
    0x13, 0xF3, 0xA6, 0x49, 0x6A, 0xEB, 0xB5, 0xFE, 0xA2, 0x4F, 0x58, 0xCA, 0x82, 0x00,
    0x00, 0x45, 0xCF, 0xF7, 0xE0, 0x7B, 0x02, 0x51, 0xCA, 0xF7, 0xED, 0xA1, 0x18, 0x00,
    0x00, 0x00, 0x00, 0x00, 0x00, 0x00, 0x00, 0x00, 0x00, 0x00, 0x00, 0x00, 0x00, 0x00,
    0x00, 0x00, 0x00, 0x00, 0x00, 0x00, 0x00, 0x00, 0x00, 0x00, 0x00, 0x00, 0x00, 0x00,
    0x00, 0x00, 0x00, 0x00, 0x00, 0x00, 0x00, 0x00, 0x00, 0x00, 0x00, 0x00, 0x00, 0x00,
    0x00, 0x00, 0x00, 0x00, 0x00, 0x00, 0x00, 0x00, 0x00, 0x00, 0x00, 0x00, 0x00, 0x00,

    /* Unicode: U+00E7 */
    0x00, 0x00, 0x00, 0x00, 0x00, 0x00, 0x00, 0x00,
    0x00, 0x00, 0x00, 0x00, 0x00, 0x00, 0x00, 0x00,
    0x00, 0x00, 0x00, 0x00, 0x00, 0x00, 0x00, 0x00,
    0x00, 0x00, 0x00, 0x00, 0x00, 0x00, 0x00, 0x00,
    0x00, 0x00, 0x00, 0x00, 0x00, 0x00, 0x00, 0x00,
    0x00, 0x00, 0x00, 0x00, 0x00, 0x00, 0x00, 0x00,
    0x00, 0x02, 0x72, 0xD9, 0xF8, 0xD8, 0x65, 0x00,
    0x00, 0x94, 0xF5, 0x79, 0x48, 0x80, 0xF9, 0x48,
    0x20, 0xFE, 0x5A, 0x00, 0x00, 0x00, 0x26, 0x00,
    0x59, 0xFD, 0x06, 0x00, 0x00, 0x00, 0x00, 0x00,
    0x5A, 0xFD, 0x05, 0x00, 0x00, 0x00, 0x00, 0x00,
    0x20, 0xFE, 0x59, 0x00, 0x00, 0x00, 0x29, 0x00,
    0x00, 0x93, 0xF4, 0x77, 0x47, 0x7F, 0xF9, 0x49,
    0x00, 0x02, 0x72, 0xDB, 0xFD, 0xD8, 0x64, 0x00,
    0x00, 0x00, 0x00, 0x56, 0x93, 0x01, 0x00, 0x00,
    0x00, 0x00, 0x05, 0x32, 0xAB, 0x78, 0x00, 0x00,
    0x00, 0x00, 0x3F, 0xFF, 0xFE, 0x5C, 0x00, 0x00,
    0x00, 0x00, 0x00, 0x25, 0x1C, 0x00, 0x00, 0x00,

    /* Unicode: U+00E8 */
    0x00, 0x00, 0x00, 0x00, 0x00, 0x00, 0x00, 0x00,
    0x00, 0x00, 0x00, 0x00, 0x00, 0x00, 0x00, 0x00,
    0x00, 0x00, 0x00, 0x00, 0x00, 0x00, 0x00, 0x00,
    0x00, 0x07, 0xA5, 0xD6, 0x15, 0x00, 0x00, 0x00,
    0x00, 0x00, 0x00, 0x7F, 0xCD, 0x0F, 0x00, 0x00,
    0x00, 0x00, 0x00, 0x00, 0x00, 0x00, 0x00, 0x00,
    0x00, 0x04, 0x80, 0xE1, 0xF6, 0xC9, 0x48, 0x00,
    0x00, 0xA0, 0xDC, 0x64, 0x4A, 0x88, 0xFA, 0x44,
    0x24, 0xFE, 0x29, 0x08, 0x08, 0x08, 0x86, 0xC1,
    0x5A, 0xFF, 0xFF, 0xFF, 0xFF, 0xFF, 0xFF, 0xF1,
    0x5A, 0xFE, 0x42, 0x38, 0x38, 0x38, 0x38, 0x35,
    0x22, 0xFE, 0x68, 0x00, 0x00, 0x00, 0x11, 0x00,
    0x00, 0x98, 0xF9, 0x87, 0x4A, 0x68, 0xE5, 0x45,
    0x00, 0x02, 0x76, 0xD9, 0xF9, 0xE1, 0x84, 0x05,
    0x00, 0x00, 0x00, 0x00, 0x00, 0x00, 0x00, 0x00,
    0x00, 0x00, 0x00, 0x00, 0x00, 0x00, 0x00, 0x00,
    0x00, 0x00, 0x00, 0x00, 0x00, 0x00, 0x00, 0x00,
    0x00, 0x00, 0x00, 0x00, 0x00, 0x00, 0x00, 0x00,

    /* Unicode: U+00E9 */
    0x00, 0x00, 0x00, 0x00, 0x00, 0x00, 0x00, 0x00,
    0x00, 0x00, 0x00, 0x00, 0x00, 0x00, 0x00, 0x00,
    0x00, 0x00, 0x00, 0x00, 0x00, 0x00, 0x00, 0x00,
    0x00, 0x00, 0x00, 0x00, 0x55, 0xF2, 0x50, 0x00,
    0x00, 0x00, 0x00, 0x4B, 0xE1, 0x33, 0x00, 0x00,
    0x00, 0x00, 0x00, 0x00, 0x00, 0x00, 0x00, 0x00,
    0x00, 0x04, 0x80, 0xE1, 0xF6, 0xC9, 0x48, 0x00,
    0x00, 0xA0, 0xDC, 0x64, 0x4A, 0x88, 0xFA, 0x44,
    0x24, 0xFE, 0x29, 0x08, 0x08, 0x08, 0x86, 0xC1,
    0x5A, 0xFF, 0xFF, 0xFF, 0xFF, 0xFF, 0xFF, 0xF1,
    0x5A, 0xFE, 0x42, 0x38, 0x38, 0x38, 0x38, 0x35,
    0x22, 0xFE, 0x68, 0x00, 0x00, 0x00, 0x11, 0x00,
    0x00, 0x98, 0xF9, 0x87, 0x4A, 0x68, 0xE5, 0x45,
    0x00, 0x02, 0x76, 0xD9, 0xF9, 0xE1, 0x84, 0x05,
    0x00, 0x00, 0x00, 0x00, 0x00, 0x00, 0x00, 0x00,
    0x00, 0x00, 0x00, 0x00, 0x00, 0x00, 0x00, 0x00,
    0x00, 0x00, 0x00, 0x00, 0x00, 0x00, 0x00, 0x00,
    0x00, 0x00, 0x00, 0x00, 0x00, 0x00, 0x00, 0x00,

    /* Unicode: U+00EA */
    0x00, 0x00, 0x00, 0x00, 0x00, 0x00, 0x00, 0x00,
    0x00, 0x00, 0x00, 0x00, 0x00, 0x00, 0x00, 0x00,
    0x00, 0x00, 0x00, 0x00, 0x00, 0x00, 0x00, 0x00,
    0x00, 0x00, 0x0A, 0xC4, 0xF5, 0x67, 0x00, 0x00,
    0x00, 0x05, 0xB7, 0x8D, 0x1E, 0xD4, 0x59, 0x00,
    0x00, 0x00, 0x00, 0x00, 0x00, 0x00, 0x00, 0x00,
    0x00, 0x04, 0x80, 0xE1, 0xF6, 0xC9, 0x48, 0x00,
    0x00, 0xA0, 0xDC, 0x64, 0x4A, 0x88, 0xFA, 0x44,
    0x24, 0xFE, 0x29, 0x08, 0x08, 0x08, 0x86, 0xC1,
    0x5A, 0xFF, 0xFF, 0xFF, 0xFF, 0xFF, 0xFF, 0xF1,
    0x5A, 0xFE, 0x42, 0x38, 0x38, 0x38, 0x38, 0x35,
    0x22, 0xFE, 0x68, 0x00, 0x00, 0x00, 0x11, 0x00,
    0x00, 0x98, 0xF9, 0x87, 0x4A, 0x68, 0xE5, 0x45,
    0x00, 0x02, 0x76, 0xD9, 0xF9, 0xE1, 0x84, 0x05,
    0x00, 0x00, 0x00, 0x00, 0x00, 0x00, 0x00, 0x00,
    0x00, 0x00, 0x00, 0x00, 0x00, 0x00, 0x00, 0x00,
    0x00, 0x00, 0x00, 0x00, 0x00, 0x00, 0x00, 0x00,
    0x00, 0x00, 0x00, 0x00, 0x00, 0x00, 0x00, 0x00,

    /* Unicode: U+00EB */
    0x00, 0x00, 0x00, 0x00, 0x00, 0x00, 0x00, 0x00,
    0x00, 0x00, 0x00, 0x00, 0x00, 0x00, 0x00, 0x00,
    0x00, 0x00, 0x00, 0x00, 0x00, 0x00, 0x00, 0x00,
    0x00, 0x00, 0x92, 0x90, 0x06, 0xEB, 0x2D, 0x00,
    0x00, 0x00, 0x11, 0x11, 0x00, 0x20, 0x01, 0x00,
    0x00, 0x00, 0x00, 0x00, 0x00, 0x00, 0x00, 0x00,
    0x00, 0x04, 0x80, 0xE1, 0xF6, 0xC9, 0x48, 0x00,
    0x00, 0xA0, 0xDC, 0x64, 0x4A, 0x88, 0xFA, 0x44,
    0x24, 0xFE, 0x29, 0x08, 0x08, 0x08, 0x86, 0xC1,
    0x5A, 0xFF, 0xFF, 0xFF, 0xFF, 0xFF, 0xFF, 0xF1,
    0x5A, 0xFE, 0x42, 0x38, 0x38, 0x38, 0x38, 0x35,
    0x22, 0xFE, 0x68, 0x00, 0x00, 0x00, 0x11, 0x00,
    0x00, 0x98, 0xF9, 0x87, 0x4A, 0x68, 0xE5, 0x45,
    0x00, 0x02, 0x76, 0xD9, 0xF9, 0xE1, 0x84, 0x05,
    0x00, 0x00, 0x00, 0x00, 0x00, 0x00, 0x00, 0x00,
    0x00, 0x00, 0x00, 0x00, 0x00, 0x00, 0x00, 0x00,
    0x00, 0x00, 0x00, 0x00, 0x00, 0x00, 0x00, 0x00,
    0x00, 0x00, 0x00, 0x00, 0x00, 0x00, 0x00, 0x00,

    /* Unicode: U+00EC */
    0x00, 0x00, 0x00, 0x00,
    0x00, 0x00, 0x00, 0x00,
    0x00, 0x00, 0x00, 0x00,
    0x2A, 0xDE, 0x90, 0x00,
    0x00, 0x15, 0xC5, 0x82,
    0x00, 0x00, 0x00, 0x00,
    0x00, 0x00, 0xB8, 0xA0,
    0x00, 0x00, 0xB8, 0xA0,
    0x00, 0x00, 0xB8, 0xA0,
    0x00, 0x00, 0xB8, 0xA0,
    0x00, 0x00, 0xB8, 0xA0,
    0x00, 0x00, 0xB8, 0xA0,
    0x00, 0x00, 0xB8, 0xA0,
    0x00, 0x00, 0xB8, 0xA0,
    0x00, 0x00, 0x00, 0x00,
    0x00, 0x00, 0x00, 0x00,
    0x00, 0x00, 0x00, 0x00,
    0x00, 0x00, 0x00, 0x00,

    /* Unicode: U+00ED */
    0x00, 0x00, 0x00, 0x00, 0x00,
    0x00, 0x00, 0x00, 0x00, 0x00,
    0x00, 0x00, 0x00, 0x00, 0x00,
    0x00, 0x03, 0xAA, 0xCE, 0x1B,
    0x01, 0xA0, 0xB2, 0x0B, 0x00,
    0x00, 0x00, 0x00, 0x00, 0x00,
    0x00, 0xB8, 0xA0, 0x00, 0x00,
    0x00, 0xB8, 0xA0, 0x00, 0x00,
    0x00, 0xB8, 0xA0, 0x00, 0x00,
    0x00, 0xB8, 0xA0, 0x00, 0x00,
    0x00, 0xB8, 0xA0, 0x00, 0x00,
    0x00, 0xB8, 0xA0, 0x00, 0x00,
    0x00, 0xB8, 0xA0, 0x00, 0x00,
    0x00, 0xB8, 0xA0, 0x00, 0x00,
    0x00, 0x00, 0x00, 0x00, 0x00,
    0x00, 0x00, 0x00, 0x00, 0x00,
    0x00, 0x00, 0x00, 0x00, 0x00,
    0x00, 0x00, 0x00, 0x00, 0x00,

    /* Unicode: U+00EE */
    0x00, 0x00, 0x00, 0x00, 0x00, 0x00,
    0x00, 0x00, 0x00, 0x00, 0x00, 0x00,
    0x00, 0x00, 0x00, 0x00, 0x00, 0x00,
    0x00, 0x23, 0xEB, 0xE1, 0x13, 0x00,
    0x07, 0xCA, 0x5F, 0x7C, 0xB3, 0x01,
    0x00, 0x00, 0x00, 0x00, 0x00, 0x00,
    0x00, 0x00, 0xB8, 0xA0, 0x00, 0x00,
    0x00, 0x00, 0xB8, 0xA0, 0x00, 0x00,
    0x00, 0x00, 0xB8, 0xA0, 0x00, 0x00,
    0x00, 0x00, 0xB8, 0xA0, 0x00, 0x00,
    0x00, 0x00, 0xB8, 0xA0, 0x00, 0x00,
    0x00, 0x00, 0xB8, 0xA0, 0x00, 0x00,
    0x00, 0x00, 0xB8, 0xA0, 0x00, 0x00,
    0x00, 0x00, 0xB8, 0xA0, 0x00, 0x00,
    0x00, 0x00, 0x00, 0x00, 0x00, 0x00,
    0x00, 0x00, 0x00, 0x00, 0x00, 0x00,
    0x00, 0x00, 0x00, 0x00, 0x00, 0x00,
    0x00, 0x00, 0x00, 0x00, 0x00, 0x00,

    /* Unicode: U+00EF */
    0x00, 0x00, 0x00, 0x00,
    0x00, 0x00, 0x00, 0x00,
    0x00, 0x00, 0x00, 0x00,
    0x98, 0x77, 0x99, 0x7A,
    0x18, 0x11, 0x19, 0x11,
    0x00, 0x00, 0x00, 0x00,
    0x00, 0xB8, 0xA0, 0x00,
    0x00, 0xB8, 0xA0, 0x00,
    0x00, 0xB8, 0xA0, 0x00,
    0x00, 0xB8, 0xA0, 0x00,
    0x00, 0xB8, 0xA0, 0x00,
    0x00, 0xB8, 0xA0, 0x00,
    0x00, 0xB8, 0xA0, 0x00,
    0x00, 0xB8, 0xA0, 0x00,
    0x00, 0x00, 0x00, 0x00,
    0x00, 0x00, 0x00, 0x00,
    0x00, 0x00, 0x00, 0x00,
    0x00, 0x00, 0x00, 0x00,

    /* Unicode: U+00F0 */
    0x00, 0x00, 0x00, 0x00, 0x00, 0x00, 0x00, 0x00, 0x00,
    0x00, 0x00, 0x00, 0x00, 0x00, 0x00, 0x00, 0x00, 0x00,
    0x00, 0x00, 0x00, 0x00, 0x00, 0x00, 0x00, 0x00, 0x00,
    0x00, 0x84, 0xEB, 0xF9, 0xDE, 0x91, 0x50, 0x6E, 0x00,
    0x00, 0x4B, 0x59, 0x59, 0xD0, 0xFF, 0xFF, 0x7E, 0x00,
    0x00, 0x0E, 0xAA, 0xE2, 0x8E, 0x30, 0xBB, 0xB2, 0x00,
    0x00, 0x00, 0x46, 0x05, 0x01, 0x00, 0x3D, 0xFD, 0x16,
    0x00, 0x16, 0xA3, 0xF3, 0xFA, 0xB8, 0x29, 0xFF, 0x48,
    0x03, 0xD0, 0xDE, 0x5F, 0x41, 0x99, 0xD6, 0xFE, 0x5A,
    0x43, 0xFF, 0x31, 0x00, 0x00, 0x00, 0xA5, 0xFF, 0x4F,
    0x60, 0xFC, 0x02, 0x00, 0x00, 0x00, 0x68, 0xFF, 0x2A,
    0x40, 0xFF, 0x36, 0x00, 0x00, 0x00, 0xA9, 0xD9, 0x00,
    0x02, 0xCC, 0xE2, 0x64, 0x4A, 0x9D, 0xFB, 0x47, 0x00,
    0x00, 0x14, 0xA1, 0xED, 0xF2, 0xC0, 0x41, 0x00, 0x00,
    0x00, 0x00, 0x00, 0x00, 0x00, 0x00, 0x00, 0x00, 0x00,
    0x00, 0x00, 0x00, 0x00, 0x00, 0x00, 0x00, 0x00, 0x00,
    0x00, 0x00, 0x00, 0x00, 0x00, 0x00, 0x00, 0x00, 0x00,
    0x00, 0x00, 0x00, 0x00, 0x00, 0x00, 0x00, 0x00, 0x00,

    /* Unicode: U+00F1 */
    0x00, 0x00, 0x00, 0x00, 0x00, 0x00, 0x00, 0x00,
    0x00, 0x00, 0x00, 0x00, 0x00, 0x00, 0x00, 0x00,
    0x00, 0x00, 0x00, 0x00, 0x00, 0x04, 0x01, 0x00,
    0x00, 0x1D, 0xE5, 0xC3, 0x27, 0xCA, 0x15, 0x00,
    0x00, 0x74, 0x66, 0x62, 0xFD, 0xC0, 0x00, 0x00,
    0x00, 0x1D, 0x0C, 0x00, 0x1D, 0x09, 0x00, 0x00,
    0xB8, 0x97, 0x8E, 0xE8, 0xF2, 0xB8, 0x24, 0x00,
    0xB8, 0xF9, 0xC1, 0x55, 0x59, 0xD9, 0xD3, 0x03,
    0xB8, 0xE7, 0x0A, 0x00, 0x00, 0x3C, 0xFF, 0x2E,
    0xB8, 0xAD, 0x00, 0x00, 0x00, 0x0D, 0xFF, 0x4C,
    0xB8, 0xA0, 0x00, 0x00, 0x00, 0x08, 0xFF, 0x50,
    0xB8, 0xA0, 0x00, 0x00, 0x00, 0x08, 0xFF, 0x50,
    0xB8, 0xA0, 0x00, 0x00, 0x00, 0x08, 0xFF, 0x50,
    0xB8, 0xA0, 0x00, 0x00, 0x00, 0x08, 0xFF, 0x50,
    0x00, 0x00, 0x00, 0x00, 0x00, 0x00, 0x00, 0x00,
    0x00, 0x00, 0x00, 0x00, 0x00, 0x00, 0x00, 0x00,
    0x00, 0x00, 0x00, 0x00, 0x00, 0x00, 0x00, 0x00,
    0x00, 0x00, 0x00, 0x00, 0x00, 0x00, 0x00, 0x00,

    /* Unicode: U+00F2 */
    0x00, 0x00, 0x00, 0x00, 0x00, 0x00, 0x00, 0x00, 0x00,
    0x00, 0x00, 0x00, 0x00, 0x00, 0x00, 0x00, 0x00, 0x00,
    0x00, 0x00, 0x00, 0x00, 0x00, 0x00, 0x00, 0x00, 0x00,
    0x00, 0x01, 0x88, 0xE8, 0x26, 0x00, 0x00, 0x00, 0x00,
    0x00, 0x00, 0x00, 0x61, 0xDD, 0x1F, 0x00, 0x00, 0x00,
    0x00, 0x00, 0x00, 0x00, 0x00, 0x00, 0x00, 0x00, 0x00,
    0x00, 0x02, 0x77, 0xDC, 0xF7, 0xD5, 0x66, 0x00, 0x00,
    0x00, 0x99, 0xF4, 0x77, 0x48, 0x82, 0xFA, 0x7A, 0x00,
    0x22, 0xFF, 0x5A, 0x00, 0x00, 0x00, 0x76, 0xF5, 0x0D,
    0x5A, 0xFD, 0x06, 0x00, 0x00, 0x00, 0x1F, 0xFF, 0x3D,
    0x5A, 0xFD, 0x06, 0x00, 0x00, 0x00, 0x20, 0xFF, 0x3C,
    0x22, 0xFE, 0x5B, 0x00, 0x00, 0x00, 0x76, 0xF5, 0x0D,
    0x00, 0x98, 0xF4, 0x77, 0x47, 0x82, 0xFA, 0x7A, 0x00,
    0x00, 0x02, 0x77, 0xDC, 0xF8, 0xD6, 0x66, 0x00, 0x00,
    0x00, 0x00, 0x00, 0x00, 0x00, 0x00, 0x00, 0x00, 0x00,
    0x00, 0x00, 0x00, 0x00, 0x00, 0x00, 0x00, 0x00, 0x00,
    0x00, 0x00, 0x00, 0x00, 0x00, 0x00, 0x00, 0x00, 0x00,
    0x00, 0x00, 0x00, 0x00, 0x00, 0x00, 0x00, 0x00, 0x00,

    /* Unicode: U+00F3 */
    0x00, 0x00, 0x00, 0x00, 0x00, 0x00, 0x00, 0x00, 0x00,
    0x00, 0x00, 0x00, 0x00, 0x00, 0x00, 0x00, 0x00, 0x00,
    0x00, 0x00, 0x00, 0x00, 0x00, 0x00, 0x00, 0x00, 0x00,
    0x00, 0x00, 0x00, 0x00, 0x3A, 0xF1, 0x6D, 0x00, 0x00,
    0x00, 0x00, 0x00, 0x31, 0xE3, 0x4A, 0x00, 0x00, 0x00,
    0x00, 0x00, 0x00, 0x00, 0x00, 0x00, 0x00, 0x00, 0x00,
    0x00, 0x02, 0x77, 0xDC, 0xF7, 0xD5, 0x66, 0x00, 0x00,
    0x00, 0x99, 0xF4, 0x77, 0x48, 0x82, 0xFA, 0x7A, 0x00,
    0x22, 0xFF, 0x5A, 0x00, 0x00, 0x00, 0x76, 0xF5, 0x0D,
    0x5A, 0xFD, 0x06, 0x00, 0x00, 0x00, 0x1F, 0xFF, 0x3D,
    0x5A, 0xFD, 0x06, 0x00, 0x00, 0x00, 0x20, 0xFF, 0x3C,
    0x22, 0xFE, 0x5B, 0x00, 0x00, 0x00, 0x76, 0xF5, 0x0D,
    0x00, 0x98, 0xF4, 0x77, 0x47, 0x82, 0xFA, 0x7A, 0x00,
    0x00, 0x02, 0x77, 0xDC, 0xF8, 0xD6, 0x66, 0x00, 0x00,
    0x00, 0x00, 0x00, 0x00, 0x00, 0x00, 0x00, 0x00, 0x00,
    0x00, 0x00, 0x00, 0x00, 0x00, 0x00, 0x00, 0x00, 0x00,
    0x00, 0x00, 0x00, 0x00, 0x00, 0x00, 0x00, 0x00, 0x00,
    0x00, 0x00, 0x00, 0x00, 0x00, 0x00, 0x00, 0x00, 0x00,

    /* Unicode: U+00F4 */
    0x00, 0x00, 0x00, 0x00, 0x00, 0x00, 0x00, 0x00, 0x00,
    0x00, 0x00, 0x00, 0x00, 0x00, 0x00, 0x00, 0x00, 0x00,
    0x00, 0x00, 0x00, 0x00, 0x00, 0x00, 0x00, 0x00, 0x00,
    0x00, 0x00, 0x02, 0xA8, 0xF6, 0x8B, 0x00, 0x00, 0x00,
    0x00, 0x00, 0x98, 0xAB, 0x15, 0xC0, 0x7B, 0x00, 0x00,
    0x00, 0x00, 0x00, 0x00, 0x00, 0x00, 0x00, 0x00, 0x00,
    0x00, 0x02, 0x77, 0xDC, 0xF7, 0xD5, 0x66, 0x00, 0x00,
    0x00, 0x99, 0xF4, 0x77, 0x48, 0x82, 0xFA, 0x7A, 0x00,
    0x22, 0xFF, 0x5A, 0x00, 0x00, 0x00, 0x76, 0xF5, 0x0D,
    0x5A, 0xFD, 0x06, 0x00, 0x00, 0x00, 0x1F, 0xFF, 0x3D,
    0x5A, 0xFD, 0x06, 0x00, 0x00, 0x00, 0x20, 0xFF, 0x3C,
    0x22, 0xFE, 0x5B, 0x00, 0x00, 0x00, 0x76, 0xF5, 0x0D,
    0x00, 0x98, 0xF4, 0x77, 0x47, 0x82, 0xFA, 0x7A, 0x00,
    0x00, 0x02, 0x77, 0xDC, 0xF8, 0xD6, 0x66, 0x00, 0x00,
    0x00, 0x00, 0x00, 0x00, 0x00, 0x00, 0x00, 0x00, 0x00,
    0x00, 0x00, 0x00, 0x00, 0x00, 0x00, 0x00, 0x00, 0x00,
    0x00, 0x00, 0x00, 0x00, 0x00, 0x00, 0x00, 0x00, 0x00,
    0x00, 0x00, 0x00, 0x00, 0x00, 0x00, 0x00, 0x00, 0x00,

    /* Unicode: U+00F5 */
    0x00, 0x00, 0x00, 0x00, 0x00, 0x00, 0x00, 0x00, 0x00,
    0x00, 0x00, 0x00, 0x00, 0x00, 0x00, 0x00, 0x00, 0x00,
    0x00, 0x00, 0x00, 0x00, 0x00, 0x00, 0x06, 0x00, 0x00,
    0x00, 0x00, 0x64, 0xF4, 0x88, 0x33, 0xB9, 0x00, 0x00,
    0x00, 0x00, 0xC9, 0x19, 0xB3, 0xFF, 0x64, 0x00, 0x00,
    0x00, 0x00, 0x2A, 0x00, 0x02, 0x24, 0x00, 0x00, 0x00,
    0x00, 0x02, 0x77, 0xDC, 0xF7, 0xD5, 0x66, 0x00, 0x00,
    0x00, 0x99, 0xF4, 0x77, 0x48, 0x82, 0xFA, 0x7A, 0x00,
    0x22, 0xFF, 0x5A, 0x00, 0x00, 0x00, 0x76, 0xF5, 0x0D,
    0x5A, 0xFD, 0x06, 0x00, 0x00, 0x00, 0x1F, 0xFF, 0x3D,
    0x5A, 0xFD, 0x06, 0x00, 0x00, 0x00, 0x20, 0xFF, 0x3C,
    0x22, 0xFE, 0x5B, 0x00, 0x00, 0x00, 0x76, 0xF5, 0x0D,
    0x00, 0x98, 0xF4, 0x77, 0x47, 0x82, 0xFA, 0x7A, 0x00,
    0x00, 0x02, 0x77, 0xDC, 0xF8, 0xD6, 0x66, 0x00, 0x00,
    0x00, 0x00, 0x00, 0x00, 0x00, 0x00, 0x00, 0x00, 0x00,
    0x00, 0x00, 0x00, 0x00, 0x00, 0x00, 0x00, 0x00, 0x00,
    0x00, 0x00, 0x00, 0x00, 0x00, 0x00, 0x00, 0x00, 0x00,
    0x00, 0x00, 0x00, 0x00, 0x00, 0x00, 0x00, 0x00, 0x00,

    /* Unicode: U+00F6 */
    0x00, 0x00, 0x00, 0x00, 0x00, 0x00, 0x00, 0x00, 0x00,
    0x00, 0x00, 0x00, 0x00, 0x00, 0x00, 0x00, 0x00, 0x00,
    0x00, 0x00, 0x00, 0x00, 0x00, 0x00, 0x00, 0x00, 0x00,
    0x00, 0x00, 0x6E, 0xB4, 0x00, 0xD1, 0x4D, 0x00, 0x00,
    0x00, 0x00, 0x0A, 0x18, 0x00, 0x1C, 0x05, 0x00, 0x00,
    0x00, 0x00, 0x00, 0x00, 0x00, 0x00, 0x00, 0x00, 0x00,
    0x00, 0x02, 0x77, 0xDC, 0xF7, 0xD5, 0x66, 0x00, 0x00,
    0x00, 0x99, 0xF4, 0x77, 0x48, 0x82, 0xFA, 0x7A, 0x00,
    0x22, 0xFF, 0x5A, 0x00, 0x00, 0x00, 0x76, 0xF5, 0x0D,
    0x5A, 0xFD, 0x06, 0x00, 0x00, 0x00, 0x1F, 0xFF, 0x3D,
    0x5A, 0xFD, 0x06, 0x00, 0x00, 0x00, 0x20, 0xFF, 0x3C,
    0x22, 0xFE, 0x5B, 0x00, 0x00, 0x00, 0x76, 0xF5, 0x0D,
    0x00, 0x98, 0xF4, 0x77, 0x47, 0x82, 0xFA, 0x7A, 0x00,
    0x00, 0x02, 0x77, 0xDC, 0xF8, 0xD6, 0x66, 0x00, 0x00,
    0x00, 0x00, 0x00, 0x00, 0x00, 0x00, 0x00, 0x00, 0x00,
    0x00, 0x00, 0x00, 0x00, 0x00, 0x00, 0x00, 0x00, 0x00,
    0x00, 0x00, 0x00, 0x00, 0x00, 0x00, 0x00, 0x00, 0x00,
    0x00, 0x00, 0x00, 0x00, 0x00, 0x00, 0x00, 0x00, 0x00,

    /* Unicode: U+00F7 */
    0x00, 0x00, 0x00, 0x00, 0x00, 0x00, 0x00, 0x00,
    0x00, 0x00, 0x00, 0x00, 0x00, 0x00, 0x00, 0x00,
    0x00, 0x00, 0x00, 0x00, 0x00, 0x00, 0x00, 0x00,
    0x00, 0x00, 0x00, 0x00, 0x00, 0x00, 0x00, 0x00,
    0x00, 0x00, 0x00, 0x00, 0x00, 0x00, 0x00, 0x00,
    0x00, 0x00, 0x00, 0x8F, 0xB8, 0x00, 0x00, 0x00,
    0x00, 0x00, 0x00, 0x0F, 0x17, 0x00, 0x00, 0x00,
    0x00, 0x08, 0x08, 0x08, 0x08, 0x08, 0x08, 0x01,
    0x10, 0xFF, 0xFF, 0xFF, 0xFF, 0xFF, 0xFF, 0x34,
    0x03, 0x38, 0x38, 0x38, 0x38, 0x38, 0x38, 0x0B,
    0x00, 0x00, 0x00, 0x00, 0x00, 0x00, 0x00, 0x00,
    0x00, 0x00, 0x00, 0x8F, 0xB8, 0x00, 0x00, 0x00,
    0x00, 0x00, 0x00, 0x0F, 0x17, 0x00, 0x00, 0x00,
    0x00, 0x00, 0x00, 0x00, 0x00, 0x00, 0x00, 0x00,
    0x00, 0x00, 0x00, 0x00, 0x00, 0x00, 0x00, 0x00,
    0x00, 0x00, 0x00, 0x00, 0x00, 0x00, 0x00, 0x00,
    0x00, 0x00, 0x00, 0x00, 0x00, 0x00, 0x00, 0x00,
    0x00, 0x00, 0x00, 0x00, 0x00, 0x00, 0x00, 0x00,

    /* Unicode: U+00F8 */
    0x00, 0x00, 0x00, 0x00, 0x00, 0x00, 0x00, 0x00, 0x00,
    0x00, 0x00, 0x00, 0x00, 0x00, 0x00, 0x00, 0x00, 0x00,
    0x00, 0x00, 0x00, 0x00, 0x00, 0x00, 0x00, 0x00, 0x00,
    0x00, 0x00, 0x00, 0x00, 0x00, 0x00, 0x00, 0x00, 0x00,
    0x00, 0x00, 0x00, 0x00, 0x00, 0x00, 0x00, 0x00, 0x00,
    0x00, 0x00, 0x00, 0x00, 0x00, 0x00, 0x35, 0x9E, 0x00,
    0x00, 0x02, 0x77, 0xDC, 0xF7, 0xD8, 0xFF, 0x15, 0x00,
    0x00, 0x99, 0xF4, 0x77, 0x48, 0xF2, 0xFF, 0x7A, 0x00,
    0x22, 0xFF, 0x5A, 0x00, 0x1B, 0xB8, 0x78, 0xF5, 0x0D,
    0x5A, 0xFD, 0x06, 0x00, 0xA7, 0x2E, 0x1F, 0xFF, 0x3D,
    0x5A, 0xFD, 0x06, 0x49, 0x8C, 0x00, 0x20, 0xFF, 0x3C,
    0x22, 0xFE, 0x64, 0xC1, 0x0C, 0x00, 0x76, 0xF5, 0x0D,
    0x00, 0x98, 0xFF, 0xC8, 0x47, 0x82, 0xFA, 0x7A, 0x00,
    0x00, 0x2C, 0xFF, 0xDC, 0xF8, 0xD6, 0x66, 0x00, 0x00,
    0x00, 0xB6, 0x20, 0x00, 0x00, 0x00, 0x00, 0x00, 0x00,
    0x00, 0x00, 0x00, 0x00, 0x00, 0x00, 0x00, 0x00, 0x00,
    0x00, 0x00, 0x00, 0x00, 0x00, 0x00, 0x00, 0x00, 0x00,
    0x00, 0x00, 0x00, 0x00, 0x00, 0x00, 0x00, 0x00, 0x00,

    /* Unicode: U+00F9 */
    0x00, 0x00, 0x00, 0x00, 0x00, 0x00, 0x00, 0x00,
    0x00, 0x00, 0x00, 0x00, 0x00, 0x00, 0x00, 0x00,
    0x00, 0x00, 0x00, 0x00, 0x00, 0x00, 0x00, 0x00,
    0x00, 0x50, 0xF2, 0x56, 0x00, 0x00, 0x00, 0x00,
    0x00, 0x00, 0x32, 0xDF, 0x4C, 0x00, 0x00, 0x00,
    0x00, 0x00, 0x00, 0x00, 0x00, 0x00, 0x00, 0x00,
    0xCC, 0x8C, 0x00, 0x00, 0x00, 0x28, 0xFF, 0x30,
    0xCC, 0x8C, 0x00, 0x00, 0x00, 0x28, 0xFF, 0x30,
    0xCC, 0x8C, 0x00, 0x00, 0x00, 0x28, 0xFF, 0x30,
    0xCC, 0x8C, 0x00, 0x00, 0x00, 0x28, 0xFF, 0x30,
    0xC8, 0x91, 0x00, 0x00, 0x00, 0x36, 0xFF, 0x30,
    0xAA, 0xC0, 0x00, 0x00, 0x00, 0x79, 0xFF, 0x30,
    0x51, 0xFF, 0x8F, 0x4B, 0x7D, 0xF0, 0xFF, 0x30,
    0x00, 0x6A, 0xDA, 0xF8, 0xC9, 0x4D, 0xFF, 0x30,
    0x00, 0x00, 0x00, 0x00, 0x00, 0x00, 0x00, 0x00,
    0x00, 0x00, 0x00, 0x00, 0x00, 0x00, 0x00, 0x00,
    0x00, 0x00, 0x00, 0x00, 0x00, 0x00, 0x00, 0x00,
    0x00, 0x00, 0x00, 0x00, 0x00, 0x00, 0x00, 0x00,

    /* Unicode: U+00FA */
    0x00, 0x00, 0x00, 0x00, 0x00, 0x00, 0x00, 0x00,
    0x00, 0x00, 0x00, 0x00, 0x00, 0x00, 0x00, 0x00,
    0x00, 0x00, 0x00, 0x00, 0x00, 0x00, 0x00, 0x00,
    0x00, 0x00, 0x00, 0x14, 0xD5, 0xA6, 0x07, 0x00,
    0x00, 0x00, 0x0F, 0xCD, 0x82, 0x00, 0x00, 0x00,
    0x00, 0x00, 0x00, 0x00, 0x00, 0x00, 0x00, 0x00,
    0xCC, 0x8C, 0x00, 0x00, 0x00, 0x28, 0xFF, 0x30,
    0xCC, 0x8C, 0x00, 0x00, 0x00, 0x28, 0xFF, 0x30,
    0xCC, 0x8C, 0x00, 0x00, 0x00, 0x28, 0xFF, 0x30,
    0xCC, 0x8C, 0x00, 0x00, 0x00, 0x28, 0xFF, 0x30,
    0xC8, 0x91, 0x00, 0x00, 0x00, 0x36, 0xFF, 0x30,
    0xAA, 0xC0, 0x00, 0x00, 0x00, 0x79, 0xFF, 0x30,
    0x51, 0xFF, 0x8F, 0x4B, 0x7D, 0xF0, 0xFF, 0x30,
    0x00, 0x6A, 0xDA, 0xF8, 0xC9, 0x4D, 0xFF, 0x30,
    0x00, 0x00, 0x00, 0x00, 0x00, 0x00, 0x00, 0x00,
    0x00, 0x00, 0x00, 0x00, 0x00, 0x00, 0x00, 0x00,
    0x00, 0x00, 0x00, 0x00, 0x00, 0x00, 0x00, 0x00,
    0x00, 0x00, 0x00, 0x00, 0x00, 0x00, 0x00, 0x00,

    /* Unicode: U+00FB */
    0x00, 0x00, 0x00, 0x00, 0x00, 0x00, 0x00, 0x00,
    0x00, 0x00, 0x00, 0x00, 0x00, 0x00, 0x00, 0x00,
    0x00, 0x00, 0x00, 0x00, 0x00, 0x00, 0x00, 0x00,
    0x00, 0x00, 0x67, 0xF5, 0xC4, 0x0A, 0x00, 0x00,
    0x00, 0x57, 0xD6, 0x1E, 0x8B, 0xB8, 0x06, 0x00,
    0x00, 0x00, 0x00, 0x00, 0x00, 0x00, 0x00, 0x00,
    0xCC, 0x8C, 0x00, 0x00, 0x00, 0x28, 0xFF, 0x30,
    0xCC, 0x8C, 0x00, 0x00, 0x00, 0x28, 0xFF, 0x30,
    0xCC, 0x8C, 0x00, 0x00, 0x00, 0x28, 0xFF, 0x30,
    0xCC, 0x8C, 0x00, 0x00, 0x00, 0x28, 0xFF, 0x30,
    0xC8, 0x91, 0x00, 0x00, 0x00, 0x36, 0xFF, 0x30,
    0xAA, 0xC0, 0x00, 0x00, 0x00, 0x79, 0xFF, 0x30,
    0x51, 0xFF, 0x8F, 0x4B, 0x7D, 0xF0, 0xFF, 0x30,
    0x00, 0x6A, 0xDA, 0xF8, 0xC9, 0x4D, 0xFF, 0x30,
    0x00, 0x00, 0x00, 0x00, 0x00, 0x00, 0x00, 0x00,
    0x00, 0x00, 0x00, 0x00, 0x00, 0x00, 0x00, 0x00,
    0x00, 0x00, 0x00, 0x00, 0x00, 0x00, 0x00, 0x00,
    0x00, 0x00, 0x00, 0x00, 0x00, 0x00, 0x00, 0x00,

    /* Unicode: U+00FC */
    0x00, 0x00, 0x00, 0x00, 0x00, 0x00, 0x00, 0x00,
    0x00, 0x00, 0x00, 0x00, 0x00, 0x00, 0x00, 0x00,
    0x00, 0x00, 0x00, 0x00, 0x00, 0x00, 0x00, 0x00,
    0x00, 0x2F, 0xEB, 0x08, 0x8E, 0x90, 0x00, 0x00,
    0x00, 0x02, 0x20, 0x00, 0x10, 0x11, 0x00, 0x00,
    0x00, 0x00, 0x00, 0x00, 0x00, 0x00, 0x00, 0x00,
    0xCC, 0x8C, 0x00, 0x00, 0x00, 0x28, 0xFF, 0x30,
    0xCC, 0x8C, 0x00, 0x00, 0x00, 0x28, 0xFF, 0x30,
    0xCC, 0x8C, 0x00, 0x00, 0x00, 0x28, 0xFF, 0x30,
    0xCC, 0x8C, 0x00, 0x00, 0x00, 0x28, 0xFF, 0x30,
    0xC8, 0x91, 0x00, 0x00, 0x00, 0x36, 0xFF, 0x30,
    0xAA, 0xC0, 0x00, 0x00, 0x00, 0x79, 0xFF, 0x30,
    0x51, 0xFF, 0x8F, 0x4B, 0x7D, 0xF0, 0xFF, 0x30,
    0x00, 0x6A, 0xDA, 0xF8, 0xC9, 0x4D, 0xFF, 0x30,
    0x00, 0x00, 0x00, 0x00, 0x00, 0x00, 0x00, 0x00,
    0x00, 0x00, 0x00, 0x00, 0x00, 0x00, 0x00, 0x00,
    0x00, 0x00, 0x00, 0x00, 0x00, 0x00, 0x00, 0x00,
    0x00, 0x00, 0x00, 0x00, 0x00, 0x00, 0x00, 0x00,

    /* Unicode: U+00FD */
    0x00, 0x00, 0x00, 0x00, 0x00, 0x00, 0x00, 0x00, 0x00,
    0x00, 0x00, 0x00, 0x00, 0x00, 0x00, 0x00, 0x00, 0x00,
    0x00, 0x00, 0x00, 0x00, 0x00, 0x00, 0x00, 0x00, 0x00,
    0x00, 0x00, 0x00, 0x00, 0x12, 0xD3, 0xA9, 0x08, 0x00,
    0x00, 0x00, 0x00, 0x0E, 0xCB, 0x85, 0x01, 0x00, 0x00,
    0x00, 0x00, 0x00, 0x00, 0x00, 0x00, 0x00, 0x00, 0x00,
    0x00, 0xD3, 0x92, 0x00, 0x00, 0x00, 0x00, 0xAB, 0xA2,
    0x00, 0x6B, 0xEF, 0x09, 0x00, 0x00, 0x16, 0xFA, 0x39,
    0x00, 0x0E, 0xF3, 0x60, 0x00, 0x00, 0x76, 0xD0, 0x00,
    0x00, 0x00, 0x99, 0xC7, 0x00, 0x01, 0xDA, 0x67, 0x00,
    0x00, 0x00, 0x30, 0xFF, 0x2E, 0x42, 0xF1, 0x0C, 0x00,
    0x00, 0x00, 0x00, 0xC8, 0x95, 0xA7, 0x94, 0x00, 0x00,
    0x00, 0x00, 0x00, 0x5F, 0xF2, 0xF8, 0x2C, 0x00, 0x00,
    0x00, 0x00, 0x00, 0x08, 0xED, 0xC2, 0x00, 0x00, 0x00,
    0x00, 0x00, 0x00, 0x0A, 0xEC, 0x58, 0x00, 0x00, 0x00,
    0x06, 0x8B, 0x44, 0xA0, 0xDB, 0x04, 0x00, 0x00, 0x00,
    0x19, 0xC1, 0xF5, 0xCD, 0x2D, 0x00, 0x00, 0x00, 0x00,
    0x00, 0x00, 0x00, 0x00, 0x00, 0x00, 0x00, 0x00, 0x00,

    /* Unicode: U+00FE */
    0x00, 0x00, 0x00, 0x00, 0x00, 0x00, 0x00, 0x00,
    0x00, 0x00, 0x00, 0x00, 0x00, 0x00, 0x00, 0x00,
    0x00, 0x00, 0x00, 0x00, 0x00, 0x00, 0x00, 0x00,
    0xB8, 0xA0, 0x00, 0x00, 0x00, 0x00, 0x00, 0x00,
    0xB8, 0xA0, 0x00, 0x00, 0x00, 0x00, 0x00, 0x00,
    0xB8, 0xA0, 0x00, 0x00, 0x00, 0x00, 0x00, 0x00,
    0xB8, 0xA2, 0x84, 0xE7, 0xF5, 0xC1, 0x3B, 0x00,
    0xB8, 0xF8, 0xD2, 0x5B, 0x4F, 0xB7, 0xFA, 0x33,
    0xB8, 0xEF, 0x14, 0x00, 0x00, 0x02, 0xCC, 0xAF,
    0xB8, 0xAB, 0x00, 0x00, 0x00, 0x00, 0x74, 0xE6,
    0xB8, 0xAA, 0x00, 0x00, 0x00, 0x00, 0x74, 0xE5,
    0xB8, 0xED, 0x12, 0x00, 0x00, 0x02, 0xCC, 0xAF,
    0xB8, 0xF6, 0xD0, 0x5A, 0x4F, 0xB7, 0xFA, 0x33,
    0xB8, 0xA1, 0x80, 0xE6, 0xF5, 0xC1, 0x3B, 0x00,
    0xB8, 0xA0, 0x00, 0x00, 0x00, 0x00, 0x00, 0x00,
    0xB8, 0xA0, 0x00, 0x00, 0x00, 0x00, 0x00, 0x00,
    0xB8, 0xA0, 0x00, 0x00, 0x00, 0x00, 0x00, 0x00,
    0x00, 0x00, 0x00, 0x00, 0x00, 0x00, 0x00, 0x00,

    /* Unicode: U+00FF */
    0x00, 0x00, 0x00, 0x00, 0x00, 0x00, 0x00, 0x00, 0x00,
    0x00, 0x00, 0x00, 0x00, 0x00, 0x00, 0x00, 0x00, 0x00,
    0x00, 0x00, 0x00, 0x00, 0x00, 0x00, 0x00, 0x00, 0x00,
    0x00, 0x00, 0x2B, 0xEC, 0x0A, 0x8A, 0x94, 0x00, 0x00,
    0x00, 0x00, 0x01, 0x21, 0x00, 0x10, 0x12, 0x00, 0x00,
    0x00, 0x00, 0x00, 0x00, 0x00, 0x00, 0x00, 0x00, 0x00,
    0x00, 0xD3, 0x92, 0x00, 0x00, 0x00, 0x00, 0xAB, 0xA2,
    0x00, 0x6B, 0xEF, 0x09, 0x00, 0x00, 0x16, 0xFA, 0x39,
    0x00, 0x0E, 0xF3, 0x60, 0x00, 0x00, 0x76, 0xD0, 0x00,
    0x00, 0x00, 0x99, 0xC7, 0x00, 0x01, 0xDA, 0x67, 0x00,
    0x00, 0x00, 0x30, 0xFF, 0x2E, 0x42, 0xF1, 0x0C, 0x00,
    0x00, 0x00, 0x00, 0xC8, 0x95, 0xA7, 0x94, 0x00, 0x00,
    0x00, 0x00, 0x00, 0x5F, 0xF2, 0xF8, 0x2C, 0x00, 0x00,
    0x00, 0x00, 0x00, 0x08, 0xED, 0xC2, 0x00, 0x00, 0x00,
    0x00, 0x00, 0x00, 0x0A, 0xEC, 0x58, 0x00, 0x00, 0x00,
    0x06, 0x8B, 0x44, 0xA0, 0xDB, 0x04, 0x00, 0x00, 0x00,
    0x19, 0xC1, 0xF5, 0xCD, 0x2D, 0x00, 0x00, 0x00, 0x00,
    0x00, 0x00, 0x00, 0x00, 0x00, 0x00, 0x00, 0x00, 0x00,

};

static const ls_font_glyph_dsc_t montserrat_14_glyph_dsc[] = {

    {.w_px = 4,   .offset = 0},    /*Unicode: U+0020 ( )*/
    {.w_px = 3,   .offset = 72},    /*Unicode: U+0021 (!)*/
    {.w_px = 5,   .offset = 126},    /*Unicode: U+0022 (")*/
    {.w_px = 10,   .offset = 216},    /*Unicode: U+0023 (#)*/
    {.w_px = 9,   .offset = 396},    /*Unicode: U+0024 ($)*/
    {.w_px = 12,   .offset = 558},    /*Unicode: U+0025 (%)*/
    {.w_px = 10,   .offset = 774},    /*Unicode: U+0026 (&)*/
    {.w_px = 3,   .offset = 954},    /*Unicode: U+0027 (')*/
    {.w_px = 4,   .offset = 1008},    /*Unicode: U+0028 (()*/
    {.w_px = 4,   .offset = 1080},    /*Unicode: U+0029 ())*/
    {.w_px = 6,   .offset = 1152},    /*Unicode: U+002A (*)*/
    {.w_px = 8,   .offset = 1260},    /*Unicode: U+002B (+)*/
    {.w_px = 3,   .offset = 1404},    /*Unicode: U+002C (,)*/
    {.w_px = 5,   .offset = 1458},    /*Unicode: U+002D (-)*/
    {.w_px = 3,   .offset = 1548},    /*Unicode: U+002E (.)*/
    {.w_px = 7,   .offset = 1602},    /*Unicode: U+002F (/)*/
    {.w_px = 9,   .offset = 1728},    /*Unicode: U+0030 (0)*/
    {.w_px = 4,   .offset = 1890},    /*Unicode: U+0031 (1)*/
    {.w_px = 8,   .offset = 1962},    /*Unicode: U+0032 (2)*/
    {.w_px = 8,   .offset = 2106},    /*Unicode: U+0033 (3)*/
    {.w_px = 10,   .offset = 2250},    /*Unicode: U+0034 (4)*/
    {.w_px = 8,   .offset = 2430},    /*Unicode: U+0035 (5)*/
    {.w_px = 9,   .offset = 2574},    /*Unicode: U+0036 (6)*/
    {.w_px = 8,   .offset = 2736},    /*Unicode: U+0037 (7)*/
    {.w_px = 9,   .offset = 2880},    /*Unicode: U+0038 (8)*/
    {.w_px = 8,   .offset = 3042},    /*Unicode: U+0039 (9)*/
    {.w_px = 3,   .offset = 3186},    /*Unicode: U+003A (:)*/
    {.w_px = 3,   .offset = 3240},    /*Unicode: U+003B (;)*/
    {.w_px = 8,   .offset = 3294},    /*Unicode: U+003C (<)*/
    {.w_px = 8,   .offset = 3438},    /*Unicode: U+003D (=)*/
    {.w_px = 8,   .offset = 3582},    /*Unicode: U+003E (>)*/
    {.w_px = 8,   .offset = 3726},    /*Unicode: U+003F (?)*/
    {.w_px = 14,   .offset = 3870},    /*Unicode: U+0040 (@)*/
    {.w_px = 12,   .offset = 4122},    /*Unicode: U+0041 (A)*/
    {.w_px = 9,   .offset = 4338},    /*Unicode: U+0042 (B)*/
    {.w_px = 10,   .offset = 4500},    /*Unicode: U+0043 (C)*/
    {.w_px = 10,   .offset = 4680},    /*Unicode: U+0044 (D)*/
    {.w_px = 8,   .offset = 4860},    /*Unicode: U+0045 (E)*/
    {.w_px = 8,   .offset = 5004},    /*Unicode: U+0046 (F)*/
    {.w_px = 10,   .offset = 5148},    /*Unicode: U+0047 (G)*/
    {.w_px = 9,   .offset = 5328},    /*Unicode: U+0048 (H)*/
    {.w_px = 2,   .offset = 5490},    /*Unicode: U+0049 (I)*/
    {.w_px = 7,   .offset = 5526},    /*Unicode: U+004A (J)*/
    {.w_px = 10,   .offset = 5652},    /*Unicode: U+004B (K)*/
    {.w_px = 8,   .offset = 5832},    /*Unicode: U+004C (L)*/
    {.w_px = 11,   .offset = 5976},    /*Unicode: U+004D (M)*/
    {.w_px = 9,   .offset = 6174},    /*Unicode: U+004E (N)*/
    {.w_px = 12,   .offset = 6336},    /*Unicode: U+004F (O)*/
    {.w_px = 9,   .offset = 6552},    /*Unicode: U+0050 (P)*/
    {.w_px = 12,   .offset = 6714},    /*Unicode: U+0051 (Q)*/
    {.w_px = 9,   .offset = 6930},    /*Unicode: U+0052 (R)*/
    {.w_px = 9,   .offset = 7092},    /*Unicode: U+0053 (S)*/
    {.w_px = 9,   .offset = 7254},    /*Unicode: U+0054 (T)*/
    {.w_px = 9,   .offset = 7416},    /*Unicode: U+0055 (U)*/
    {.w_px = 11,   .offset = 7578},    /*Unicode: U+0056 (V)*/
    {.w_px = 16,   .offset = 7776},    /*Unicode: U+0057 (W)*/
    {.w_px = 10,   .offset = 8064},    /*Unicode: U+0058 (X)*/
    {.w_px = 11,   .offset = 8244},    /*Unicode: U+0059 (Y)*/
    {.w_px = 9,   .offset = 8442},    /*Unicode: U+005A (Z)*/
    {.w_px = 4,   .offset = 8604},    /*Unicode: U+005B ([)*/
    {.w_px = 7,   .offset = 8676},    /*Unicode: U+005C (\)*/
    {.w_px = 4,   .offset = 8802},    /*Unicode: U+005D (])*/
    {.w_px = 7,   .offset = 8874},    /*Unicode: U+005E (^)*/
    {.w_px = 7,   .offset = 9000},    /*Unicode: U+005F (_)*/
    {.w_px = 5,   .offset = 9126},    /*Unicode: U+0060 (`)*/
    {.w_px = 8,   .offset = 9216},    /*Unicode: U+0061 (a)*/
    {.w_px = 8,   .offset = 9360},    /*Unicode: U+0062 (b)*/
    {.w_px = 8,   .offset = 9504},    /*Unicode: U+0063 (c)*/
    {.w_px = 9,   .offset = 9648},    /*Unicode: U+0064 (d)*/
    {.w_px = 8,   .offset = 9810},    /*Unicode: U+0065 (e)*/
    {.w_px = 6,   .offset = 9954},    /*Unicode: U+0066 (f)*/
    {.w_px = 9,   .offset = 10062},    /*Unicode: U+0067 (g)*/
    {.w_px = 8,   .offset = 10224},    /*Unicode: U+0068 (h)*/
    {.w_px = 2,   .offset = 10368},    /*Unicode: U+0069 (i)*/
    {.w_px = 5,   .offset = 10404},    /*Unicode: U+006A (j)*/
    {.w_px = 8,   .offset = 10494},    /*Unicode: U+006B (k)*/
    {.w_px = 2,   .offset = 10638},    /*Unicode: U+006C (l)*/
    {.w_px = 13,   .offset = 10674},    /*Unicode: U+006D (m)*/
    {.w_px = 8,   .offset = 10908},    /*Unicode: U+006E (n)*/
    {.w_px = 9,   .offset = 11052},    /*Unicode: U+006F (o)*/
    {.w_px = 8,   .offset = 11214},    /*Unicode: U+0070 (p)*/
    {.w_px = 9,   .offset = 11358},    /*Unicode: U+0071 (q)*/
    {.w_px = 5,   .offset = 11520},    /*Unicode: U+0072 (r)*/
    {.w_px = 7,   .offset = 11610},    /*Unicode: U+0073 (s)*/
    {.w_px = 6,   .offset = 11736},    /*Unicode: U+0074 (t)*/
    {.w_px = 8,   .offset = 11844},    /*Unicode: U+0075 (u)*/
    {.w_px = 9,   .offset = 11988},    /*Unicode: U+0076 (v)*/
    {.w_px = 13,   .offset = 12150},    /*Unicode: U+0077 (w)*/
    {.w_px = 8,   .offset = 12384},    /*Unicode: U+0078 (x)*/
    {.w_px = 9,   .offset = 12528},    /*Unicode: U+0079 (y)*/
    {.w_px = 7,   .offset = 12690},    /*Unicode: U+007A (z)*/
    {.w_px = 5,   .offset = 12816},    /*Unicode: U+007B ({)*/
    {.w_px = 2,   .offset = 12906},    /*Unicode: U+007C (|)*/
    {.w_px = 5,   .offset = 12942},    /*Unicode: U+007D (})*/
    {.w_px = 8,   .offset = 13032},    /*Unicode: U+007E (~)*/
    {.w_px = 8,   .offset = 13176},    /*Unicode: U+007F (?)*/
    {.w_px = 8,   .offset = 13320},    /*Unicode: U+0080 (?)*/
    {.w_px = 8,   .offset = 13464},    /*Unicode: U+0081 (?)*/
    {.w_px = 8,   .offset = 13608},    /*Unicode: U+0082 (?)*/
    {.w_px = 8,   .offset = 13752},    /*Unicode: U+0083 (?)*/
    {.w_px = 8,   .offset = 13896},    /*Unicode: U+0084 (?)*/
    {.w_px = 8,   .offset = 14040},    /*Unicode: U+0085 (?)*/
    {.w_px = 8,   .offset = 14184},    /*Unicode: U+0086 (?)*/
    {.w_px = 8,   .offset = 14328},    /*Unicode: U+0087 (?)*/
    {.w_px = 8,   .offset = 14472},    /*Unicode: U+0088 (?)*/
    {.w_px = 8,   .offset = 14616},    /*Unicode: U+0089 (?)*/
    {.w_px = 8,   .offset = 14760},    /*Unicode: U+008A (?)*/
    {.w_px = 8,   .offset = 14904},    /*Unicode: U+008B (?)*/
    {.w_px = 8,   .offset = 15048},    /*Unicode: U+008C (?)*/
    {.w_px = 8,   .offset = 15192},    /*Unicode: U+008D (?)*/
    {.w_px = 8,   .offset = 15336},    /*Unicode: U+008E (?)*/
    {.w_px = 8,   .offset = 15480},    /*Unicode: U+008F (?)*/
    {.w_px = 8,   .offset = 15624},    /*Unicode: U+0090 (?)*/
    {.w_px = 8,   .offset = 15768},    /*Unicode: U+0091 (?)*/
    {.w_px = 8,   .offset = 15912},    /*Unicode: U+0092 (?)*/
    {.w_px = 8,   .offset = 16056},    /*Unicode: U+0093 (?)*/
    {.w_px = 8,   .offset = 16200},    /*Unicode: U+0094 (?)*/
    {.w_px = 8,   .offset = 16344},    /*Unicode: U+0095 (?)*/
    {.w_px = 8,   .offset = 16488},    /*Unicode: U+0096 (?)*/
    {.w_px = 8,   .offset = 16632},    /*Unicode: U+0097 (?)*/
    {.w_px = 8,   .offset = 16776},    /*Unicode: U+0098 (?)*/
    {.w_px = 8,   .offset = 16920},    /*Unicode: U+0099 (?)*/
    {.w_px = 8,   .offset = 17064},    /*Unicode: U+009A (?)*/
    {.w_px = 8,   .offset = 17208},    /*Unicode: U+009B (?)*/
    {.w_px = 8,   .offset = 17352},    /*Unicode: U+009C (?)*/
    {.w_px = 8,   .offset = 17496},    /*Unicode: U+009D (?)*/
    {.w_px = 8,   .offset = 17640},    /*Unicode: U+009E (?)*/
    {.w_px = 8,   .offset = 17784},    /*Unicode: U+009F (?)*/
    {.w_px = 4,   .offset = 17928},    /*Unicode: U+00A0 (?)*/
    {.w_px = 3,   .offset = 18000},    /*Unicode: U+00A1 (?)*/
    {.w_px = 8,   .offset = 18054},    /*Unicode: U+00A2 (?)*/
    {.w_px = 9,   .offset = 18198},    /*Unicode: U+00A3 (?)*/
    {.w_px = 10,   .offset = 18360},    /*Unicode: U+00A4 (?)*/
    {.w_px = 11,   .offset = 18540},    /*Unicode: U+00A5 (?)*/
    {.w_px = 2,   .offset = 18738},    /*Unicode: U+00A6 (?)*/
    {.w_px = 7,   .offset = 18774},    /*Unicode: U+00A7 (?)*/
    {.w_px = 5,   .offset = 18900},    /*Unicode: U+00A8 (?)*/
    {.w_px = 11,   .offset = 18990},    /*Unicode: U+00A9 (?)*/
    {.w_px = 5,   .offset = 19188},    /*Unicode: U+00AA (?)*/
    {.w_px = 7,   .offset = 19278},    /*Unicode: U+00AB (?)*/
    {.w_px = 8,   .offset = 19404},    /*Unicode: U+00AC (?)*/
    {.w_px = 5,   .offset = 19548},    /*Unicode: U+00AD (?)*/
    {.w_px = 11,   .offset = 19638},    /*Unicode: U+00AE (?)*/
    {.w_px = 6,   .offset = 19836},    /*Unicode: U+00AF (?)*/
    {.w_px = 6,   .offset = 19944},    /*Unicode: U+00B0 (?)*/
    {.w_px = 8,   .offset = 20052},    /*Unicode: U+00B1 (?)*/
    {.w_px = 6,   .offset = 20196},    /*Unicode: U+00B2 (?)*/
    {.w_px = 6,   .offset = 20304},    /*Unicode: U+00B3 (?)*/
    {.w_px = 4,   .offset = 20412},    /*Unicode: U+00B4 (?)*/
    {.w_px = 8,   .offset = 20484},    /*Unicode: U+00B5 (?)*/
    {.w_px = 8,   .offset = 20628},    /*Unicode: U+00B6 (?)*/
    {.w_px = 3,   .offset = 20772},    /*Unicode: U+00B7 (?)*/
    {.w_px = 4,   .offset = 20826},    /*Unicode: U+00B8 (?)*/
    {.w_px = 5,   .offset = 20898},    /*Unicode: U+00B9 (?)*/
    {.w_px = 6,   .offset = 20988},    /*Unicode: U+00BA (?)*/
    {.w_px = 7,   .offset = 21096},    /*Unicode: U+00BB (?)*/
    {.w_px = 14,   .offset = 21222},    /*Unicode: U+00BC (?)*/
    {.w_px = 13,   .offset = 21474},    /*Unicode: U+00BD (?)*/
    {.w_px = 15,   .offset = 21708},    /*Unicode: U+00BE (?)*/
    {.w_px = 8,   .offset = 21978},    /*Unicode: U+00BF (?)*/
    {.w_px = 12,   .offset = 22122},    /*Unicode: U+00C0 (?)*/
    {.w_px = 12,   .offset = 22338},    /*Unicode: U+00C1 (?)*/
    {.w_px = 12,   .offset = 22554},    /*Unicode: U+00C2 (?)*/
    {.w_px = 12,   .offset = 22770},    /*Unicode: U+00C3 (?)*/
    {.w_px = 12,   .offset = 22986},    /*Unicode: U+00C4 (?)*/
    {.w_px = 12,   .offset = 23202},    /*Unicode: U+00C5 (?)*/
    {.w_px = 15,   .offset = 23418},    /*Unicode: U+00C6 (?)*/
    {.w_px = 10,   .offset = 23688},    /*Unicode: U+00C7 (?)*/
    {.w_px = 8,   .offset = 23868},    /*Unicode: U+00C8 (?)*/
    {.w_px = 8,   .offset = 24012},    /*Unicode: U+00C9 (?)*/
    {.w_px = 8,   .offset = 24156},    /*Unicode: U+00CA (?)*/
    {.w_px = 8,   .offset = 24300},    /*Unicode: U+00CB (?)*/
    {.w_px = 5,   .offset = 24444},    /*Unicode: U+00CC (?)*/
    {.w_px = 4,   .offset = 24534},    /*Unicode: U+00CD (?)*/
    {.w_px = 6,   .offset = 24606},    /*Unicode: U+00CE (?)*/
    {.w_px = 5,   .offset = 24714},    /*Unicode: U+00CF (?)*/
    {.w_px = 11,   .offset = 24804},    /*Unicode: U+00D0 (?)*/
    {.w_px = 9,   .offset = 25002},    /*Unicode: U+00D1 (?)*/
    {.w_px = 12,   .offset = 25164},    /*Unicode: U+00D2 (?)*/
    {.w_px = 12,   .offset = 25380},    /*Unicode: U+00D3 (?)*/
    {.w_px = 12,   .offset = 25596},    /*Unicode: U+00D4 (?)*/
    {.w_px = 12,   .offset = 25812},    /*Unicode: U+00D5 (?)*/
    {.w_px = 12,   .offset = 26028},    /*Unicode: U+00D6 (?)*/
    {.w_px = 6,   .offset = 26244},    /*Unicode: U+00D7 (?)*/
    {.w_px = 12,   .offset = 26352},    /*Unicode: U+00D8 (?)*/
    {.w_px = 9,   .offset = 26568},    /*Unicode: U+00D9 (?)*/
    {.w_px = 9,   .offset = 26730},    /*Unicode: U+00DA (?)*/
    {.w_px = 9,   .offset = 26892},    /*Unicode: U+00DB (?)*/
    {.w_px = 9,   .offset = 27054},    /*Unicode: U+00DC (?)*/
    {.w_px = 11,   .offset = 27216},    /*Unicode: U+00DD (?)*/
    {.w_px = 9,   .offset = 27414},    /*Unicode: U+00DE (?)*/
    {.w_px = 8,   .offset = 27576},    /*Unicode: U+00DF (?)*/
    {.w_px = 8,   .offset = 27720},    /*Unicode: U+00E0 (?)*/
    {.w_px = 8,   .offset = 27864},    /*Unicode: U+00E1 (?)*/
    {.w_px = 8,   .offset = 28008},    /*Unicode: U+00E2 (?)*/
    {.w_px = 8,   .offset = 28152},    /*Unicode: U+00E3 (?)*/
    {.w_px = 8,   .offset = 28296},    /*Unicode: U+00E4 (?)*/
    {.w_px = 8,   .offset = 28440},    /*Unicode: U+00E5 (?)*/
    {.w_px = 14,   .offset = 28584},    /*Unicode: U+00E6 (?)*/
    {.w_px = 8,   .offset = 28836},    /*Unicode: U+00E7 (?)*/
    {.w_px = 8,   .offset = 28980},    /*Unicode: U+00E8 (?)*/
    {.w_px = 8,   .offset = 29124},    /*Unicode: U+00E9 (?)*/
    {.w_px = 8,   .offset = 29268},    /*Unicode: U+00EA (?)*/
    {.w_px = 8,   .offset = 29412},    /*Unicode: U+00EB (?)*/
    {.w_px = 4,   .offset = 29556},    /*Unicode: U+00EC (?)*/
    {.w_px = 5,   .offset = 29628},    /*Unicode: U+00ED (?)*/
    {.w_px = 6,   .offset = 29718},    /*Unicode: U+00EE (?)*/
    {.w_px = 4,   .offset = 29826},    /*Unicode: U+00EF (?)*/
    {.w_px = 9,   .offset = 29898},    /*Unicode: U+00F0 (?)*/
    {.w_px = 8,   .offset = 30060},    /*Unicode: U+00F1 (?)*/
    {.w_px = 9,   .offset = 30204},    /*Unicode: U+00F2 (?)*/
    {.w_px = 9,   .offset = 30366},    /*Unicode: U+00F3 (?)*/
    {.w_px = 9,   .offset = 30528},    /*Unicode: U+00F4 (?)*/
    {.w_px = 9,   .offset = 30690},    /*Unicode: U+00F5 (?)*/
    {.w_px = 9,   .offset = 30852},    /*Unicode: U+00F6 (?)*/
    {.w_px = 8,   .offset = 31014},    /*Unicode: U+00F7 (?)*/
    {.w_px = 9,   .offset = 31158},    /*Unicode: U+00F8 (?)*/
    {.w_px = 8,   .offset = 31320},    /*Unicode: U+00F9 (?)*/
    {.w_px = 8,   .offset = 31464},    /*Unicode: U+00FA (?)*/
    {.w_px = 8,   .offset = 31608},    /*Unicode: U+00FB (?)*/
    {.w_px = 8,   .offset = 31752},    /*Unicode: U+00FC (?)*/
    {.w_px = 9,   .offset = 31896},    /*Unicode: U+00FD (?)*/
    {.w_px = 8,   .offset = 32058},    /*Unicode: U+00FE (?)*/
    {.w_px = 9,   .offset = 32202},    /*Unicode: U+00FF (?)*/
};

ls_font_t montserrat_14 = {
    .glyph_id_first = 32,
    .glyph_id_last  = 255,
    .h_px           = 18,
    .base_line      = 14,
    .glyph_bitmap   = montserrat_14_glyph_bitmap,
    .glyph_dsc      = montserrat_14_glyph_dsc,
    .glyph_cnt      = 224,
};
